SeqName,H-Seq,L-Seq,TemplateCount
Seq01_Grp01_IGHV1-63*02_rIGHD2-9*01_IGHJ1*01_IGKV10-96*02_IGKJ4*01,CAGGTCCAGCTGCAGCAGTCTGGAGCTGAGCTGGTAAGGCCTGGGACTTCAGTGAAGATGTCCTGCAAGGCTGCTGGATACACCTTCACTAACTACTGGATAGGTTGGGTAAAGCAGAGGCCTGGACATGGCCTTGAGTGGATTGGAGATATTTACCCTGGAGGTGGTTATACTAACTACAATGAGAAGTTCAAGGGCAAGGCCACACTGACTGCAGACACATCCTCCAGCACAGCCTACATGCAGCTCAGCAGCCTGACATCTGAGGACTCTGCCATCTATTACTGTGCAAGTTTCTACTTCGATGTCTGGGGCGCAGGGACCACGGTCACCGTCTCCTCAG,GATATCCAGATGACACAGACTACATCCTCCCTGTCTGCCTCTCTGGGAGACAGAGTCACCATCAGTTGCAGGGCCAGTCAGGACATTAGCAATTATTTAAACTGGTATCAGCAGAAACCAGATGGAACTGTTAAACTCCTGATCTACTACACATCAAGATTACACTCAGGAGTCCCATCAAGGTTCAGTGGCAGTGGGTCTGGGACAGATTATTCTCTCACCATTAGCAACCTGGAACAAGAAGATATTGCCACTTACTTTTGCCAACAGGGTAGTACGCTTCCTCCTGTCACGTTCGGCTCGGGGACAAAGTTGGAAATAAAAC,1
Seq02_Grp02_IGHV1-63*02_rIGHD2-9*01_IGHJ1*01_IGKV10-96*02_IGKJ4*01,CAGGTCCAGCTGCAGCAGCCTGGAGCCGAGCTGGTAAGGCCTGGGACTTCAGTGAAGATGTCTTGCAAGGCTGCTGGATACACCTTCACTAACTGCTGGATAGATTGGGTAAAGCAGAGGCCTGGACATGGCCTTGAGTGGATTGGAGATATTTACCCTGGAGGTGGTTATACTAACTACAATGAGAAGTTCAAGGGCAATGCCACACTGACTGCAGACACATCCTCCAGCACAGCCTACATGCAGCTCAGCAGCCTGACATCTGAGGACTCTGCCATCTATTACTGTGCAAGTTTCTACTTCGATGTCTGGGGCGCAGGGACCACGGTCACCGTCGCCTCAG,GATATCCAGACGACACAGACTACATCATCCCTGTCTGCCTCTCTGGGAGACAGAGTCACCATCAGTTGCAGGGCCAGTCAGGACATTAGCAATTATTTAAACTGGTATCAGCAGAAACCAGATGGAACTGTTATTCTCCTGATCTACTACACATCAAGATTACACTCAGGAGTCCCATCAAGGTTCAGTGGCTGTGGGTCTGGGACAGATTGTTCTCTCTCCATTAGCAACCTGGAACAAGAAGATATTGCCACTTACTTTTGCCAACAGGGTAGTACGCTTCCTCCTGTCACGTTCGGCTCGGGGACAAAGTTGGAAATAAAAC,1
Seq03_Grp03_IGHV1-63*02_rIGHD2-9*01_IGHJ1*01_IGKV10-96*02_IGKJ4*01,CAGGTCCAGCTGCGGCAGCCTGGAGCCGAGCTGGTAAGGCCTGGGACTTCAGTGAAGATGTCGTGCAAGGCCGCTGGATACACCTTCACCAACTGCTGGATAGATTGGGTAAAGCAGAGGCCTGGACATGGCCTTGAGTGGATTGGAGATATTTACCCTGGAGGTGGTTATACTAACTACAATGGGAAGTTCAAGGGCAATGCCACACTGACTGCAGACACATCCTCCAGCACAGCCTACATGCAGCTCAGCAGCCTGACATCTGAGGAATCTGCCATCTATTACTGTGCAAGTTTCTACTTCGATGTCTGGGGCGCAGGGACCACGGTCAGCGTCGCCTCAG,GATATCCAGACGACACAGACTACATCATCCCTGTCTGCCTCTCTGGGAGACAGAGTCACCACCAGTTGCAGGGCCAGTCAGGACATTGGAAATTATTTAAACTGGTATCAGCAGGAACCAGATGGAACTGTTATTCTCCTGATCTACTACACATCAAGATTGCACTCAGGAGTCCCATCAAGGTTCAGTGGCTGTGGGTCTGGGACAGATTGTTCTCTCTCCATTAGCAACCTGGAACAAGAAGATATTGCCACTTACTTTTGCCAACAGGGTAGTACGCTTCCTCCTGTCACGTTCGGCTCGGGGACAACATTGGAAATAAAAC,1
Seq04_Grp04_IGHV1-63*02_rIGHD2-9*01_IGHJ1*01_IGKV10-96*02_IGKJ4*01,CAGGTCCAGCTGCTGCAGTCTGGAGCTGAGCTGGTAAGGCCTGGGACTTCAGTGAAGATGTCCTGCAAGGCTGCTGGATACACCTTCACTAACTACTGGATAGGTTGGGGAAAGCAGAGGCCTGGACATGGCCTTGAGTGGATTGGAGATATTTACCCTGGAGGTGGTTATACTAACTACAATGAGAAGTTCAAGGGCAAGGCCACACTGAGTGCAGACACATCCTCCAGCACAGCCCACATGCAGTACAGCAGCCTGACATCTGAGGACTCTGCCATCTATTACTGTGCAAGTTTCTACTTCGATGTCTGGGGCGCAGGGACCACGGTCACCGTCTCCTCAG,GATATCCAGATGACACAGACTACATCCTCCCTGTCTGCGTCTCTGGGAGACAGAGTCACCATCAGTTGCAGGGCCAGTCAGGACATTAGCAATTATTTAGACTGGTATCAGCAGAAGCCAGATGGAACTGTTAAACTCCTGATCTACTACACATCAAGATTACACTCAGGAGTCCCATCAAGGTTCAGTGGCAGTGGGTATGGGACAGATTATTCTCTCACCATTAGCAACCTGGAACAAGAAGATATTACTACTTACTTTTGCCAACAGGGTAGTATGCTTCCTCCTGTCACGTTCGGCTCGGGGACAAAGTTGGAAATAAAAC,1
Seq05_Grp05_IGHV1-63*02_rIGHD2-9*01_IGHJ1*01_IGKV10-96*02_IGKJ4*01,CAGGTCCAGCTGCTGCAGTCTGGAGCTGAGCTGGTTAGGCCTGGGAATTCAGTGAAGATGTCCTGCAAGGCTGCTGGATACACCTTCACTAACTACTGGATAGGTTGGGGAAAGCAGAGGCCTGGACATGGCCATGAGTGGATTGGAGATATTTACCCTGGAGGTGGTTATACTAAGTACAATGAGAAGCTCAAGGGCAAGGCCGCACTGAGTGCAGACACATCCTCCAGCACAGCCCACATGCAGTACAGCAGCCTGACATCTGAGGACTCTGCCATCTATTACTGTGCAAGTTTCTACTTCGATGTCTGGGGCGCAGGGACCACGGTTACCGTCTCCTCAG,CATGTCCAGATGACACAGACTACATCCTCCCTGCCTGCGTCTCTGGGAGACAGAGTCACCATCAGTTGCAGGGCCAGTCAGGGCGTTAGCGATTATTTAGACTGGTATCAGCAGAAGCCAGATGGAACTGTTAAACTCCTGATCTACTACACATCAAGATTACACTCAGGAGTCCCATCAAGGTTCAGTGGCAGTCGGTATGGGACAGATTATTCTCTCACCATTAGCAACCTGGAACAAGAAGATATTACTACTTACTTTTGCCAACAGGGTAGTATGCTTCCTCCTGTCACGTTCGGCTCGGGGACAAAGTTGGAAATAAAAC,1
Seq06_Grp06_IGHV1-63*02_rIGHD2-9*01_IGHJ1*01_IGKV10-96*02_IGKJ4*01,CAGGTCCAGCTGCAGCAGCCTGGAGCCGAGCTGGTAAGGCCTGGGACTTCAGTGAAGATGTCTTGCAAGGCTGCTGGATACACCTTCACTAACTGCTGGATAGATTGGGTAAAGCGGAGGCCTGGACATGGCCTTGAGTGGATTGGAGATATTTACCCTGGAGGTGGTTATACTAACTACAATGAGAAGTTCAAGGGCAATGCCACACTGACTGCAGACACATCCTCGAGCACAGCCTACTTGCAGCTCAGCAGTCTGACATCTGATGACTCTCCCATCTATTACTGTGCAAGTTTCTACTTCGATGTCTGGGGCGCAGGGAACACGGTCACCGTCGCCTCAG,GATATCCAGCCGACACAGACTACATCATCCCTGTCTGCCTCTCTCGGAGACAGAGTCACCACCAGTTGCAGGGCCAGTCAGGACCTTAGCAATTATTTAAACTGGTATCAGCAGAAACGGGATGGAACTGTTATTCTCCTGATCTACTACACATCAAGATTACACTCAGGAGTCCCATCAAGGTTCAGTGGCTGTGGGTCTGGGACAGATTGTTCTCTCTCTATTAGCAACCTGGAACAAGAAGATATTGCCACTTACTTTTGCCAACAGGGTAGTACGCTTCCTCCTGTCACGTTCGGCTCGGGGACAAAGTTGGAAATAAAAC,1
Seq07_Grp07_IGHV1-63*02_rIGHD2-9*01_IGHJ1*01_IGKV10-96*02_IGKJ4*01,CAGGTCCCGCTGCAGCAGCCTAGAGCCGAGCTGGTAAGGCCTGGGACTTCAGTGGAGGTGTCTTGCAAGGCTGCTGGATACACCTTGACTAACTGCTGGATAGATTGGGTAACGCGGAGGCCTGGACATGGCCTTGAGTGGATTGGAGATATTTACCCTGGAGGTGGTTATACTAACTACAATGAGAAGTTCAAGGGCAATGCCACACTGACTGCAGTCACATCCTCGAGCACAGCCTACTTGCAGCTCAGCAGTCTGACATCTGATGACTCTCCCATCTATTACTGTGCAAGTTTCTACTTCGATGTCTGGGGCGCAGGGAACACGGTCACCGTCGCCTCAG,GATATCCAGCCGACACAGACTACATCATCCCTGTCTGCCTCTCTCGGAGACAGAGTCACCACCAGTTGCAGGGCCAGTCAGGACCTTAGCAATTATTTCAACTGGTATCAGCAGAGACTGGATGGAACTGTTATTCTCCTGATCTACTACTCATCAAGATTACACTCAGGAGTCCCATCAAGGTTCAGTGGCTGTGGGTCTGGGACAGATTGTTCTCTCTCTATTAGAAACCTGGAACAAGAAGATATTGCCCCTTACTTTTGCCAACAGGGTAGTACGCTTCCTCCTGTCACGTTCGGCTCGGCGACAAAGTTGGAAATAAAAC,1
Seq08_Grp08_IGHV1-63*02_rIGHD2-9*01_IGHJ1*01_IGKV10-96*02_IGKJ4*01,CAGGTCCAGCTGCAACAGCCTGGAGCCGAGCTGGTAAGGCCTGGGACTTCAGTGAAGATGTCTTGCAAGGCTGCTGGATACACCTTCACTAACTGCTGGATAGATTGGGTAAAGCAGAGGCCTGGACATGGCCTTGAGTGGATTGGAGATATTTACCCTGGAGGTGGTTATACTGACTACAGTGAGAAGTTCAAGGGCAATGCCACACTGACTGCAGACACATCCTCCAGTACAGCCTACATGCAGCTCAGCAGCCTTACATCTGAGGACTCTGCCATCTATTACTGTGCAAGTTTCTACTTCAATGTCTGGGGCGCAGGGCCCACGGTCACCGTCGCCTCAG,GATACCCAGACGATACAGACTGCATCATCCCTGTCTGCCTCTTTGGGAGACAGAGTCACCATCAGCTGCAGGGCCGGTCAGGACATTAGCAATTATTTAAACTGGTATCAGCAGAAACCAGATGGAACTGTTATTCTCCTGATCTACTACACATCAAGATTACACTCAGGAGTCCCATCAAGGTTCAGTGGCTGTGGGTCTGGGACAGATTGTTCTCTCTCCATTAGCAACCTGGAACAAGAAGATATTGCCACTTACTTTTGCCAACAGGGTAGTACGCTTCCTCCTGTCACGTTCGGCCCGGGGACAAAGTTGGAAATAAAAC,1
Seq09_Grp09_IGHV1-63*02_rIGHD2-9*01_IGHJ1*01_IGKV10-96*02_IGKJ4*01,CAGGTCCAGCTGCAGCAGCCTGGAGCCGAGCTGGTAAGGCCTGGGACTTCAGTGAAGATGTCTTGCAAGGCTGCTGGATACACCTTCACTAACTGCTGGATAGATTGGGTAAAGCAGAGGCCTGGACATGGCCTTGAGTGGATTGGAGATATTTACCCTGGAGGTGGTTATACTGACTACAGTGAGAAGTTCAAGGGCGATGCCACACTGACTGCAGACACATCCTACAATACAGCCTACATGCAGCTCAGCAGCCTTACATCTGAGGACTCTGCCATCTATTACTGTGCAAGTTTATACTTCAATGTCTGGGGCGCAGGGCCCACGGTCACCGTCGCCCCCG,GATACTCAGACGTTACAGACTGCATCATCCCTGTCTGCCTCTTTGGGAGACAGAGTCATCATCAGCTGCAGGGCCGGTCAGGACATTAGCAATTATTTAAACTGGTATCAGCGGAAACCAGATGGAACTGTTATTCTCCTGATCTACTACACATCAAGATTACACTCAGGAGTCCCATCAAGGTTCAGTGGCTGTGGGTCTGGGACAGATTGTTCTCTCTCCATTAGCATCCTGGAACAAGAAGATATTGCCACTTACTTTTGCCAACAGGGTAGTACGCTTCCTCCTGTCACGTTCGGCCCGGGGACAAAGTTGGTAATAAAAT,1
Seq10_Grp10_IGHV5-6-1*01_IGHD2-12*01_IGHJ2*03_IGKV6-25*01_IGKJ1*02,GAGGTGCAGCTGGTGGAGTCTGGGGGAGACTTAGTGAAGCCTGGAGGGTCCCTGAAACTCTCCTGTGCAGCCTCTGGATTCACTTTCAGTAGCTATGGCATGTCTTGGGTTCGCCAGACTCCAGACAAGAGGCTGGAGTGGGTCGCAACCATTAGTAGTGGTGGTAGTTACACCTACTATCCAGACAGTGTGAAGGGGCGATTCACCATCTCCAGAGACAATGCCAAGAACACCCTGTACCTGCAAATGAGCAGTCTGAAGTCTGAGGACACAGCCATGTATTACTGTGCAAGAAGTTACTATAGTTACGAGTACTTTGACTACTGGGGCCAAGGCACCAGTCTCACAGTCTCCTCAG,GACATTGTGATGACCCAGTCTCACAAATTCATGTCCACATCAGTAGGAGACAGGGTCAGCATCACCTGCAAGGCCAGTCAGGATGTGAGTACTGCTGTAGCCTGGTATCAACAAAAACCAGGGCAATCTCCTAAACTACTGATTTACTGGGCATCCACCCGGCACACTGGAGTCCCTGATCGCTTCACAGGCAGTGGATCTGGGACAGATTATACTCTCACCATCAGCAGTGTGCAGGCTGAAGACCTGGCACTTTATTACTGTCAGCAACATTATAGCACTCCTCCAGCGACGTTCGGTGGAGGCACCAAGCTGGAAATCAATC,1
Seq11_Grp11_IGHV5-6-1*01_IGHD2-12*01_IGHJ2*03_IGKV6-25*01_IGKJ1*02,GAGGTGCAGCTGGTGGAGTCTGGGGGTGACTTAGAGAAGCCTGGAGGGTCCCTGAAACTCTCCTGTGCAGCCTCTGGATTCACTTTCAGTAGCTATGGCATGTTTTGGGTTCGCCAGACTCCAGACAAGAGGCTGGAGTGGCTCGCAACCATTAGTAGTGGTGGTAGTTACACCTACTATCCAGACAGTGTGAAGGGGCGATTCACCATCTCCAGAGACAATGCCAAGAACACCCTGTACCTGCAAATGAGTAGTCTGAAGTCTGAGGACACAGTCATGTATTACTGTGCAAGAAGTTACTATAGTTACGAGTGCTTTGACTACTGGGGCCAAGGCACCAGTCTCACAGTCTCCTCAG,GACATTGTGATGACCCAGTCTCACAAATTCATGTCCACATCAGTAGGAGACGGGGTCAGCATCAACTGCAAGGCCAGTCAGGATGTGAGTACTGCTGTAGCCTGGTCTCAACAAAAACCAGGGCAATCTCCTAAACTACTGATTTACTGGGCATCCACCCGGCACACTGGAGTCCCTGATCGCTTCACAGGCAGTGGATCTGGGACAGATTATGCTCTCACCATCAGCAGTGTGCAGGCTGAAGACCTGGCACTTTATTTCTGTCAGCAACATTATAGCACTCCTCCAACGACGTTCGGTGGAGGCACGAAGCTGGAAATCAATC,1
Seq12_Grp12_IGHV5-6-1*01_IGHD2-12*01_IGHJ2*03_IGKV6-25*01_IGKJ1*02,GAGGTGCAGCTGGTGGAGTCTGGGGGTGACTTAGAGAAGCCTGGAGGGTCCCTGAAACTCTCCTGTGCAGCCTCTGGACTCACTTTCAGTAGCTATGGCATGTTTTGGGTTCGCCAGACTCCAGACAAGAGGCTGGAGTGGCTCGCAACCATTAGTAGTGGTGGTAGTTACACCTACTATCCAGACGGTGTGAAGGGGAGATGCACCATCTCCAGAGACAATGCCAAGAACACCCTGTACCTGCAAATCAGTAGTCTGAAGTCTGCGGACACCGTCATGTATTACTGTGCAAGAAGTTACTATAGTTACGAGTGCTTTGACTACTGGGGCCAAGGCACCAGTCTCACAGTCTCCTCAG,GACATGGTGATGACCCAGTCTCACAAATTCATGTCCACATCAGTAGGAGACGGGGTCAGCATCAACTGCAAGGCCAGTCAGGATGTGAGTACTGTTGTAGCCTGGTCTCAACAAAAACCAGGGCAATCTCCTAAACTACTGATCTACTGGGCATCCATCCGGCACACTGGAGTCCCTGATCGCTTCACAGGCAGTGGATCTGGGACAGATTATGCTCTCCCCATCAGCAGTGTGCAGGCTGAAGACCTGGCACTTTATTTCTGTCAGCAACATCATAGCACTCCTCCAACGAGGTTCGGTGGAGGCACGAAGCTGGAAATCAATC,1
Seq13_Grp13_IGHV5-6-1*01_IGHD2-12*01_IGHJ2*03_IGKV6-25*01_IGKJ1*02,GCGGTGCAGCTGGTGGAGTCTGGGGGAGACTTAGTGAAGCCTGGAGGGTCCCTGAAACTCTCCTGTGTAGCCTCTGGATTCACTTTCAGTAGCTATGGCATGTCTTGGGTTCGCCAGACTCCAGACAAGAGGCTGGAGTGGGTCGCAACCATTAGTTGTGGTGGTAGTTACACCTACTATCCAGACAGTGTGAAGGGGCGATTCACCATCTCCAGAGACAATGCCAAGAACACCCTGTACCTGCAAATGAGCAGTCTTAAGTCTGAGGACACAGCCATGTATTACTGTGCAAGAGGTTACTATACTTACGAGTACTTTGACTACTGGGGCCAAGGCACTAGTCTCACAGTCTCCTCAG,GACGTTGTGATGACCCAGTCTCACAAATTCATGTCCACATCAGTAGGAGACAGGGTCAGCATCACATGCAATGACAGTCAGGATGTGAGTACTGCTGTAGCCTGGTATCAACAAAAACCAGGGCAATCTCCTAAACTACTGATTTACTGGGCATCCACCCGGCACACTGGAGTCCCTGATCGCTTCACAGGCAGTGGATTTGGGACAGATTATACTCTCACCATCAGCAGTGTGCAGGCTGAAGACCTGGCTCTTTATTACTGTCAGCAACTTTATAGCACTCCTCCAGCGACGTTCGGTGGAGGCACCAAGCTGGAAATCAATC,1
Seq14_Grp14_IGHV5-6-1*01_IGHD2-12*01_IGHJ2*03_IGKV6-25*01_IGKJ1*02,GCGGTGCAGCTGGTGGAGTCTGGGGGAGACTTAGTGGAGCCTGGAGGGTCCCTGAAATTCTCCTGTGTAGCCTCTGGATTCACTTTCAGTAGCTATGGCATGTCTTGGGTTCGCCAGACTCCAGACAAGATGCTGGAGTTGGTCGCAACCATTAGTTGTGGTGGTAGTTACACCTACTATCCAGACAGTGTGAAGGGGCGATTCACCATCTCCAGAGATACTGCCAAGAACACCCTGTACCTGCAAATGAACAGTCTTAAGTCTGAGGACACAGCCATGTATTACTGTGCAAGAGGTTACTATACTTACGAGTACTTTGACTACTGGGGCCAAGGCACTAGTCTCACAGTCTCCTCAG,GACGTTGTGATGACCCAGCCTCACAAATTCATGTCCACATCAGTAGGAAACAGGGTCAGCATCACATGCAATGACAGTCAGGATGTGAGTACTGCTGTAGCCTGGTATCAACAAAAACCAGGGCAATCTCCTAAACTACTGATTTACTGGGCATCGACCCGGCACACTGGAGTCCCTGATCGCTTCACAGGCAGTGGATTTGGGACAGATTATACTCTCACCATCAGCAGTGTGCAGGCTGAAGACCTGGCCCTTTATTACTGTCAGCAACTTTATAGCACTCCTCCAGCGACGTTCGGTGGAGGCACCAAGCTAGAAATCAATC,1
Seq15_Grp15_IGHV5-6-1*01_IGHD2-12*01_IGHJ2*03_IGKV6-25*01_IGKJ1*02,GCGGTGCAGCTGGTGGAGTCTGGGGGAGACTTAGTGGAGCCTGGAGGGTCCCTGAAATTCTCCTGTGTAGCCTCTGGATTCACTTTCAGTCGCTATGGCATGTCTTGGGTTCTCCAGACTCCAGACAAGATGCTGGAGTTGGTCGCAACCATTAGTTGGGGTGGTAGTTACACCTACTATCCAGACAGTGTGAAGGGGCGATTCACCATCTCCAGAGATACAGCCAAGAACACCCTGTACCCGCAAATGGACAGTCTTAAGTCTGTGGACACAGCCATGTATTACTGTGCAAGAGGTTACTATACTTACGAGTACTTTGACTACTGGGGCCAAGGCACTAGTCTCACAGTCTCCTCAG,GACGTCGTGATGACCCAGTCTCACAAATTCATGTCCACATCAGTAGGAAACAGGGTCAGCATCACATGCAATGACAGTCGGGATGTGAGTACTGCTGTAGCCTTGTATCAACAAAAACCAGGGCAATCTTCTAAACTACTGATTTACTGGGCATCGACCCGGCACGCTGGAGTCCCTGATCGCTTCACAGGCAGTGGATTTGGGACAGATTATACTCTCACCATCAGCAGTGTGCAGGCTGAAAACCTGGCCCTTTATTACTGTCAGCAACTTTATAGCACTCCTCCAGCGACGTTCGGTGGAGGCACCAAGCTAGAAATCAATC,1
Seq16_Grp16_IGHV5-6-1*01_IGHD2-12*01_IGHJ2*03_IGKV6-25*01_IGKJ1*02,GCGGTGCAGCTGGTGGAGTCTGGGGGAGACTTAGTGGAGCCTGGAGGGTCCCTGAAATTCTCGTGTGTAGCCTCTGGATTCACTTTTAGTCGCTATGGCATGTCTTGGGTTCTCCAGACTCCAGACAAGATGCTGGAGTTGGTCGCAACCATTAGTTGGGGTGGTAGTTACACCTACTATCCAGACAGTGTGAAGAGGCGATTCGCCATCTCCAGAGATACAGCCAAGAACACCCTGTACCCGCGAATGGACAGTCTTAAGTCTGTGGGCACAGCCATGTATTACTGTGCAAGAGGTTACTATACTTACGAGTACTTCGACTACTGGGGCCAAGGCACTAGTCTCACAGTCTCCTCAG,GACGTCGTGATGACCCAGTCTCACAAATTCTTGTCCACATCAGTACGAAACAGGGTCAGCATCACATGCAATGACAGTCGGGATGTGAGTACTGCTGTAGCCTTGTATCAACAAAAACCAGGGCAATCTTCTAAACTACTGATTTACTGGGCATCGACCCGGCACGCTGGAGTCTCTGATCGCTTCACAGGCAGTGGAATTGGGACAGATCATACTCTCACCGTCAGCAGTGTGCAGGCTGAAAACCTGGCCCTTTATTACTGTCAGCAACTTTATGGCACTCCTCCAGCGACGTTCGGTGGAGGCACCAAGCTAGAAATCAATC,1
Seq17_Grp17_IGHV5-6-1*01_IGHD2-12*01_IGHJ2*03_IGKV6-25*01_IGKJ1*02,GAGGTGCAGCTGGTGGAGTTTGGGGGAGACTTAGTGAAGCCTGGAGGGTCCCTGAAACTCTCCTGTGCAGCCTCTGGATTCACTTTCGGTAGCTATGGCATGTCTTGGGTTCGCCAGACTCCAGACAAGAGGCTGGAGTGGGTCGCAACCATTAGTAGTGGTGGTAGTTACACCTACTATCCAGACAGTGTGAAAGGGCTATTCACCATCTCTAGAGACTATGCCAAGAACACCCTGTACCTGCAAATGAGCAGTCTGAAGTTTGAGGACACAGCCATGTATTACTGTGCAAGAAGTTACTATAGTTACGAGTACTTTGACTACTGGGGCCAAGGCACCAGTCTCACAGTCTCCTCAG,GACATTGTGATGACCCAGTCTCACAAATTCATATCCATGTCAGTAGGAGACAGGGTCAGCATCACCTGCAAGGCCAGTCAGGATGTGAGTACTGCTGTAGCCTGGTATCAACAAAAACCAGGGCTATCTCCTAAACTACTGATTTACTGGGCATCCACCCGGGACACTGGAGTCCCTGATCGCTTCACAGGCAGTGGATCTGGGACAGATTATACTCTCACCATCAGCAGTGTCCAGGCTGAAGACCTGGCACTTTATTACTGTCAGCAACATTATAGCACTCCTCCAGCGACGTTCGGTGGAGGCACCAAGCTGGAAATCAATC,1
Seq18_Grp18_IGHV5-6-1*01_IGHD2-12*01_IGHJ2*03_IGKV6-25*01_IGKJ1*02,GAGGTGCAGCTGGTGGAGTTTGGGGGAGACTTAGTCAAGCCCGGAGGGTCCCTGAAACTCTCCTGTGCAGCCTCTGGATTTACTTTCGGTAGCTATGGCATGTCTTGGGTTCGACAGACTCCACACAAGAGGCTGCAGTGGGTCGCAACAATTAGTAGTGGTGGTAGTTACACCTACTATCCAGACAGTGTGAAAGGGCTATTCACCATCTCTAGAGACTATGCCAAGAACACCCTGTACCTGCAAATGAGCAGTCTGAAGTTTGAGGACACAGCCATGTATTACTGTGCAAGAAGTTACTATAGTTACGAGTACTTTGACTACTGGGGCCAAGGCACCAGTCTCACAGTCTCCTCAG,GACATTGTGTTGACCCAGTCTCACAAATTCATATCCATGTCAGTCGGAGACAGGGTCAGCATCACCTGCAAGGCCAGTCAGGATGTGAGTACTGCTGTAGCCTGGTATCAACAAAAACCAAGGCTATCTCCTAAACTACTGATTTACTGGGCATCCACCCGGGACACTGGAGTCCCTGATCGCTTCACAGGCACTGGATCTGGGACAGATTATACTCTCACCATCAGCAGTGTCCAGGCTGAAGACCTGGCACTTTATTACTGTCAGCAACATTATAGCACTCCTCCAGCGTCGTTCGGTGGAGGCACCAAGATGGAAATCAACC,1
Seq19_Grp19_IGHV10S4*01_IGHD2-11*01_IGHJ1*02_IGKV14-130*01_IGKJ1*02,GAGGTGCAGCTTGTTGAGACTGGTGGAGGATTGGTGCAGCCTAAAGGGTCATTGAAACTCTCATGTCCAGCCTCTGGATTCAGCTTCAATACCAATGCCATGAACTGGGTCCGCCAGGCTCCAGGAAAGGGTTTGGAATGGGTTGCTCGCATAAGAAGTAAAAGTAATAATTATGCAACATATTATGCCGATTCAGTGAAAGACAGGTTCACCATCTCCAGAGATGATTCACAAAGCATGCTCTATCTGCAAATGAACAACTTGAAAACTGAGGACACAGCCATGTATTACTGTGTGAGGAGCGCTCCCTGGTACTTCGATGTCTGGGGCGCAGGGACCACGGTCACCGTTTCCTCAG,GAAATCCAGATGACCCAGTCTCCATCCTCTATGTCTGCATCTCTGGGAGACAGAATAACCATCACTTGCCAGGCAACTCAAGACATTGTTAAGAATTTAAACTGGTATCAGCAGAAACCAGGGAAACCCCCTTCATTCCTGATCTATTATGCAACTGAACTGGCAGAAGGGGTCCCATCAAGGTTCAGTGGCAGTGGGTCTGGGTCAGACTATTCTCTGACAATCAGCAACCTGGAGTCTGAAGATTTTGCAGACTATTACTGTCTACAGTTTTATGAGTTTCCTCCGACGTTCGGTGGAGGCACCAAGCTGGAAATCAATC,1
Seq20_Grp20_IGHV10S4*01_IGHD2-11*01_IGHJ1*02_IGKV14-130*01_IGKJ1*02,GAGGTGCAGCTTGTTGAGACTGGGGGAGTATTGATGCAGCCTGAAGGGTCATTGAAACTCTCATGTCCAGCCTCTGGATTCAGCTTCAATACCAATGCCATGAACTGGGTCCGCCAGGCTCCAGGAAAGGGTTTGGAATGGGTTGCTCGCATAAGAAGTAAAAGTAATAATTATGCAACATATTATGCCGATCCAGTGAAAGACAGGTTCACCATCTCCAGAGATAATTCACAAAGCATGCTCTATCTGCAAATGAACAACTTGAAAACTGAGGACACAGTCATGTATTACTGTGTGAGGAGCGCTCCCTGGTACTTCGATGTCTGGGGCGCAGGGACCACGGTCACCGTTTCCTCAG,GAAATCCAGATGACCCAGTCTCCATCCTCTATGTCTGCATCTCTGGGAGACAGAATAACCATCACTTGCCAGGCAACTCAAGACATTGTTAAGAATTTAAATTGGTATCAGCAGAAACCAGGGAAACCCCCTTCAATCCTGATCTATTATGCAACTGAACTGGCAGAGGGGGTCCCATCAAGGTTCAGTGGCAGTGGGTCTGGGTCAGACTGTTCTCTGACAATCAGCAACCTGGAGTCTGAAGATTTTGCAGACTATTACTGTCTACAGTTTTATGAGTTTCCTCCGACGTTCGGTGGAGGCACCAAGCTGGAAACCAAGC,1
Seq21_Grp21_IGHV10S4*01_IGHD2-11*01_IGHJ1*02_IGKV14-130*01_IGKJ1*02,GAGGTGCAGCCTGTTGGGACTGGGGGAGTATTGATGCAGCCTGAAGGGTCTTTGAAACTCTCATGTCCAGCCTCTGGATTCAGCTTCAATACCAATGCCATGCACTGGGTCCGCCAGGCTCCAGGAAAGGGTTTGGAATGGGTTGCTCGCATAAGAAGTAAAAGTAATAATTATGCAACATATTATGCCGATCCAGTCAAAGACAGGTTCACCATCTCCAGAGATAATTCACAAAGCATGCTCTATCTGCGAATGAACAACTTGAAAACTGAGGACACAGTCATGTATTACTGTGTGAGGAGCGCTCCCTCGTACTTCGATGTCTGGGGCGCAGGGACCACGGTCACCGTTTCCTCAG,GAAATCCAGATGACCCAGTGTCCATCCTCTATGTCTGCATCTCTGGGAGACAGAATAACCATCACTTGCCAGGCAACTCAAGACATTGTTAAGAATTTAAATCGGTATCAGCAGAAACCAGGAAAACCCCCTCCAATCCTGATCTATTATGCAACTGAACTGGCAGAGGGGGTGCCATCAAGGTTCAGTGGCAGTGGGTCTGGGTCAGACTGTTCTCTGACAATCAGCAACTTGGAGTCTGAAGATTTTGCAGACTATTACTGTCTACAGTTTTATGAGTTTCCTCCGACGTTCGGTGGAGGCACCAAGCTGGAAACCAAGC,1
Seq22_Grp22_IGHV10S4*01_IGHD2-11*01_IGHJ1*02_IGKV14-130*01_IGKJ1*02,GAGGTGCAGCTTGTTGAGACTGGTGGAGGATTGGTGCAGCCTAACGGGTCATTGAAACTCTCATGTACAACCTCTGGATTCAGCTTCAATACCAATGCCATGAACTGGGTCCGCCAGGCTCCAGGAAAGGGTTTGGAATGGGTTGCTCGCATAAGAAGTAAAAGTGATAATTATGCAACATATTATGCCGATTCAGTGGAAGACAGGTTCACCATCTCCAGAGATAATTCACAAAGCATGCTCTATTTGCAAATGAACAACTTGAAAACTGAGGACACAGCCATGTATTACTGTGTGAGGAGCGCTCCCTGGTACTTCGATGTCTGGGGCGCAGGGACCACGGTCACCGTTTCCTCAG,GAAATCCAGATGACCCAGTCTCCATCCTCTATGTCTGCATCTCTGGGAGACAGAATAACCATCACTTGCCAGGCAACTCAAGACATTGTTGAGAATTTAAACTGGTATCAGCAGAAACCAGGGAAACCCCCTTCATTCCTGGTCTATTATGCAACTGAACTGGCAGAAGGGGTCCCATCAAGTTTCAGTGGCAGTGGGTCTGGGTCAGACTATTCTCTGACAATCAGCAACCTGGAGTCTAAAGATTTTGCAGACTATTACTGTCTACAGTTTTATGAGTTTCCTCCGACGTTCGGTGGAGGCACCAAGCTGGAAATCAATC,1
Seq23_Grp23_IGHV10S4*01_IGHD2-11*01_IGHJ1*02_IGKV14-130*01_IGKJ1*02,GAGGTGCAGCTTGTGGAGACTGGTGGAGGATTGGTGCAGCCTAACGGGTCATTGAAACTCTCATGTACAACCTCTGGATTCAGCTTCAATACCAATGCCACGAACTGGGTCCGCCAGGCTCCAGGAAAGGGTTTGGAATGGGTTGCTTGCATGAGAAGTAAAAGTGATAATTATGCAACATATTATGCCGATTCAGTGGAAGACAGGTTCACCATCTCCAGAGATATTTCACAAAGCATGCTCTATTTGCAAATGAACAACTTGAAAACGGAGGACACAGCCATGTATTACTGTGTGAGGAGCGCTCCCTGGTGCTTCGATGTCTGGGGCGCAGGGACCACGGTCACCGTTTCCTCAG,GAAAACCAGATGACCCAGTCTCCATCCTCTATGTCTGCATCTCTGGGAGACAGAATAACCATCACTTGCCAGGCAACTCAAGACTTTGTTGAGAATTTAAACTGGTATCAGCAGGAACCAGGGAAACCCCCGTCATTCCTGGTCTATTATGCAACTGAACTGGCAGAAGGGGTCCCATCAAGTTTCAGTGGCAGTGGGTCTGGGTCAGACTTTGCTCTGACAATCAGCAACCTGGAGTCTAAAGATTTTGCAGACTATTACTGTCTACAGTTTTATGAGTTTCCTCCGACGTTCGGTGGAGGCACCAAGCTGGAAATCAATC,1
Seq24_Grp24_IGHV10S4*01_IGHD2-11*01_IGHJ1*02_IGKV14-130*01_IGKJ1*02,GGGGTGCAGCTTGTGGAGTCTGGTGGAGGATTGCTGCAGCCTAACGGGTCATTGAAACTCTCATGTACAACCTCTGGATTCGGCTTCAATACCAATGCCACGAACTGGGTCCGCCAGGCTCCAGGGAAGGGTTTGGAATGGGTTGCTTGCATGAGAAGTAAAAGTGATAATTATGCAACATATTATGCCGATTCAGTGGACGACAGGTTCACCATCTCCAGAGATATTTCACAAAGCATGCTCTATTTGCAAATGAACAACCTGAAAACGGAGGACACAGCCATGTATTACTGTGTGAGGAGCGCTCCCTGGTGCTTCGATGTCTGGGGCGCAGGGACCACGGTCACCGTTTCCTCAG,GAAAACCAGATGACCCAGTCTCCATCCTCTATGTCTGCATCTCTGGGAGACAGAATAACCATCACTTGCCAGGCAACTCAAGACTTTGTTGAGAATTTAAACTGGTATCAGCAGGAACCAGGGAAACCCCCGTCATTCCTGGTCTATTATGCAACTGAACTGGCAGAAGGGTTCCCATCAAGTTTCAGTGGCAGCGGGTCTGGGTTAGACTTTGTTCTGACAATCAGCAATCTGGAGTCTAAAGATTTTGCAGACTATTACTGTCTACAGTTTTATGAGTTCCCTCCGACGTTCGGTGGAGGCACCAAGCTGGAAATCAATC,1
Seq25_Grp25_IGHV10S4*01_IGHD2-11*01_IGHJ1*02_IGKV14-130*01_IGKJ1*02,GGGGTGCAGCTTCTGGAGTCTGGTGGAGGATTGCTGCAGCCTAACGGGTCATTGAAACTCTCATGTATAACCTCTGGATTCGGCTTCAATACCAATGCCACGAACTGGGTCCGCCAGGCTCCAGGGAAGGGTTTGGAATGGGTTGCTTGCATGAGAAGTAAAAGTGATAATTATGCAACATATCGTGCCGTTTCAGTGGACGACAGGTTCACCATCTCCGGAGATATTTCACAAAGCATGCTCTATTTGCAAATGAACAACCTGAAAACGGAGGACACAGCCATGTATTACTGTGTGAGGAGCGCTCCCTGGTGCTTCGATGTCTGGGGCGCAGGGACCACGGCCACCGTTTCCTCAG,GAAAACCAGATGACCCAGTCTCCATCCTCTATGTCTGCATCTCTGGGAGACAGAATAACCATCACTTGCCGGGCAACTCAAGACTTTGTTGAGAATTTAAACTGGTATCAGCAGGATCCAGGGAAACCCCCGTCATTCCTGGTCTATTATGCAACTGAACTGGCAGAAGGGTTCCCATCAAGTTTCAGCGGCAGTGGGTCTGGGTTAGACTTTGTTCTGACAATCAGCAATCTTGAGTCTAAAGATTTTGCAGACTATTACTGTCTACAGTTTTATGAGTTCCCTCCGACGTTCGGTGGAGGCACCAAGCTGGAACTCAATC,1
Seq26_Grp26_IGHV10S4*01_IGHD2-11*01_IGHJ1*02_IGKV14-130*01_IGKJ1*02,GAGGTGCAGCTTGTTGAGACTGGTGGAGGATTAGTGCAGCCTAACGGGTCATTGAAACTCTCATGTACAACCTCTGGATTCAGCTTCAATACAAATGCCATGAACTGCGTCCGCCAGGCTCCAGGAAAGGGTTTGGAATGGGTTGCTCGCATAAGAAGTAAAAGTGATAATTATGCAACATATTATGCCAATTCAGTGGAAGACAGGTTCACCATCTCCAGAGATAATTCACAAAGCATGCTCTATTTGCAAATGAACAACTTGAAAACTGAGGACACCGCCATGTATTACTGTGCGAGGAGCGCTCCCTGGTACTTCGATGTCTGGGGCGCAGGCACCACGGTCACCGTTTCCTCAG,GAAATCCAGATGACCCAGTCTCCATCCTCTATGTCTGCATCTCTGGGAGACAGAATAACTATCACTTGCCAGGCAACTCAAAACATTGTTGAGAATTTAAACTGGTATCAGCAGAAACCAGGGAAACCCCCTTCATTCCTGGTCTATTATGCAACTGAACTGGCAGAAGGGGTCCCATCCAGTTTCAGTGGCAGTGGGTCTGGGTCAGACTATTCTCTGACAATCAGCAACCTCGAGTCTAAGGTTTTTGCAGACTATTACTGTCTACAGTTTTATGAGTTTCCTCCGACGTTCGGTGGAGGCACCAAGCTGGAAATCAATC,1
Seq27_Grp27_IGHV10S4*01_IGHD2-11*01_IGHJ1*02_IGKV14-130*01_IGKJ1*02,GAGGTGCAGCTTGTTGAGACTGGTGGAGGATTAGTGCAGCCTAACGGGTCATTGGAACTCTCATGTACAACCTCTGGCTTCAGCTCCAATACAAATGCCATGAACTGCGTCCGCCAGGCCCCAGGAAAGGGTTTGGAATGGGTTGCTCGCATAAGAAGTAAAAGTGATAATTATGCAACATATTATGCCAATTCAGTGGAAGAATGGTTCACCATCTCCAGAGATAATTCACAAAGCATGCTCTATTTGCAAATGAACAACTTGAAAACTGAGGACACCGCCATGTATTACTGTGCGAGGAGCGTTCCCTGGTACTTCGATGTCTGGGGCGCAGGCACCACGGTCACCGTTTCCTCAG,GAAATCCAGATGACCCAGTCACCATCCTCTATGTCTGCATCTCTGGGAGAAAGAATAACTATCACTTGCCAGGCAACTCAAAACATTGTTGAGAATTTAAACTGGAATCAGCAGAAACCAGCGAAACCCCCTTCATTCCTGGTCTATTATGCAACTGAACTGGCAGAAGGGGTCCCATCCAGTTTCAGTGGCAGTGGGTCTGGGTCAGACTATTCTCTGACAATCAGCAACCTCGAGTCTAAGGTTTTTGCAGACTATTACTGTCTACAGTTTTATGAGTTCCCTCCGACGTTCGGTGGAGGCACCAAGCTGGAAATAAATC,1
Seq28_Grp28_IGHV7-4*04_IGHD2-8*01_IGHJ2*01_IGLV2*02_IGLJ3*01,GAGGTGAAGCTGGTGGAATCTGGAGGAGGCTTGGTACAGCCTGGGGGTTCTCTGAGACTCTCCTGTGCAGCTTCTGGATTCACCTTTACTGATTACTACATGAGCTGGGTCCGCCAGCCTCCAGGGAAGGCACCTGAGTGGTTGGCTTTGATTAGAAACAAAGCTAATGGTTACACAACAGAGTATACTGCATCTGTTAAGGGTCGGTTCACCATCTCCAGAGATAATTCCCAAAACATCCTCTATCTTCAAATGAACACCCTGAGGGCTGAGGACAGTGCCACTTATTACTGTGTAAAAGCTGTAACTACCTACTTTGACTACTGGGGCCAAGGCACCACTCTCACAGTCTCCTCAG,CAGGCTGTTGTGACTCAGGAATCTGCACTCACCACATCACCTGGTGGAACAGTCATACTCACTTGTCGCTCAAGTACTGGGGCTGTTACAACTAGTAACTATGCCAACTGGGTCCAAGAAAAACCAGATCATTTATTCACTGGTCTAATAGGTGGTACCAGCAACCGAGCTCCAGGTGTTCCTGTCAGATTCTCAGGCTCCCTGATTGGAGACAAGGCTGCCCTCACCATCACAGGGGCACAGACTGAGGATGATGCAATGTATTTCTGTGCTCTATGGTACAGCACCCATTGGTTTATTTTCGGCAGTGGAACCAAGGTCACTGTCCTAG,1
Seq29_Grp29_IGHV7-4*04_IGHD2-8*01_IGHJ2*01_IGLV2*02_IGLJ3*01,GAGGTGAAGCTGGTGGAATCTGGAGGAGGCTTGGTACAGCCTGGGGGTTCTCTGAGACTCTCCTGTGCAGCTTCTGGATTCACCTTTACTGATTACTACATGAGCTGGGTCCGCCAGCCTCCAGGGAAGGCACCCGAGCGGTTGGCTTTGATTAGAAACGAAGCTAACGGTTACACAACAGAGTATACTGCATCTGTTAAGGGTCGGTTCACCATCTCCAGAGGTAATTCCCAAAACATCCTCTATCTTCAAATGAACGCCCTGAGGGCTGAGGACAGTGCCACTTATTACTGTGTAAAAGCTGTAACTACCTACTTTGACTACTGGGGCCAAGGCAACACTCTCACAGTCTCCTCAG,CAGGCTGTTGTGACTCAGGGATCTGCACTCACCACATCACCTGGTGGAACAGTCATACTCACTTGTCGCTCAAGTACTGGGGCTGTTACAACTAGTAACTATGCCCACTGGGTCCAAGAAAAGCCAGATCATTTATTCACTGGTCTAATAGGTGGTACCAGCAACCGAGCTCCAGGTGTTCCTGTCAGATTCTCAGGCTCACTGATTGGAGACGAGGCTGCCCTCACCATCACAGGGGCACAGACTGAGGATGATGCAATGTATTTCTGTGCTCTATGGTACAGCACCCATTGGTTTATTTTCGGCAATGGAACCAAGGTCACTATCCTAG,1
Seq30_Grp30_IGHV7-4*04_IGHD2-8*01_IGHJ2*01_IGLV2*02_IGLJ3*01,GAGGTGAGGCTGGTGGAATCTGGAGGAAGCTTGGTACAGCCTGGGGGTTCTCTGAGACTCTCCTGTGCAGCATCTGGATTCACCTTTACTGATTACTACATGAGCTGGGTCCGCCAGCCTCCAGGGAAGGCACCCGAGCGGTTGGCTTTGATTAGAAACGAAGCTAACGGTTACACAATAGAGTATACTGCATCTGTTAAGGGTCGGTTCACCATCTCCAGAGGTAATTCCCAAAACATCCTCTATCTTCAAATGAACGCCCTGAGAGCTGAGGACAGTGCCACTTATTACTGTGTAAAAGCTGTAACTACCTACTTTGACTACTGGGGCCAAGGCATCACTCTCACATTCTCCTCAG,CAGGCTGTTGTGACTCAGGGATCTGCACTCACCACATCACCTGGTGGAACAGTCATACTCACTTGTGGCTCAAGTACTGGGGCTGTTACAACTAGTAACTATGCCCACTGGGTCCAAGAAAAGCCAGATCATTTATTCGCTGGTCTAATAGGTGGTACCAGCAACCGAGCTCCAGGTGTTCCTGTCAGATTCTCAGGCTCGCTGATTGGAGACAAGGCTGCCCTCACCATCACAGGGGCACAGACTGATGATGGTGCAATGTGTTTCTGTGCTCTATGGTACAGCACCCATTGGTTTATTTTCGGCAATGGAACCAAGGTCACTATCCTAG,1
Seq31_Grp31_IGHV7-4*04_IGHD2-8*01_IGHJ2*01_IGLV2*02_IGLJ3*01,GAGGTGACGCTGGTGGAATCTGGAGGAGGCTTGGCACAGCCTGAGGGTTCTCTGAGACTCTCCTGTGCAGCTTCCGGATTCACCTTTACTGATTACTACATGAGCTGGGTCCGCCAGCCTCCAGGGAAGGCACCCGAGCGGTTGGCTTTGATTAGGAACGAAGCTAAAGGTTACACAACAGAGTATACTGCATCTGTTAAGGGTCGGTTCACCATCTCCAGAGGTAATTCCCAAAACATCCTCTATCTTCAAATGAACGCCCTGAGGGCTGAGGACAGTGCCACTTATTACTGTGTAAAAGCTGTAACTACCTATTTTGACTACTGGGGCCAAGGCAACACTCTCACAGTCTCCTCAG,CAGGCTGTTGTGGCTCAGGGATCTGCACTCACCACATCACCTGGTGGAACAGTCATACTCACTTGTCGCTCAAGTGCTGGGGCTGTTACAACTAGTAGCTATGCCCACTGGGTCTATGAAAAGCCAGATCATTTATTCACTGGTCTAATAGGTGGTACCAGCAACCGAGCTCCAGGTGTTCCTGTCAGATTCTCAGGCTCACTGATTGGAGACGAGGCTGCCCTCACCATCACAGAGGCACAGACTGAGGATGATGCAATGTATTTCTGTGCTCTATGGTACAGCACCCATTGGTTTATTTTCGGCAATGGAACCGAGGTCACTATCCTAG,1
Seq32_Grp32_IGHV7-4*04_IGHD2-8*01_IGHJ2*01_IGLV2*02_IGLJ3*01,GAGGTGACGCTGGTGGAATCTGGAGCAGGCCTGGCACAGCCTGAGGGTTCTCTGAGACTCTCCTGTGCAGCTTCCGGATTCACTTTTACTGATTACTACATGAGCTGGGTCCGCCAGCCTCCAGGGAAGGCACCCGAGCGGTTGGCTTTGATTAGGAATGAAGCTAAAGGTTACACAACAGAGTATACTGCATCTGTCAAGGGTCGGTTCACCATCTCCAGAGGTAATTCCCAAAACATCCTCTATCTTCAAATGAACGCCCTGAGGGCTGAGGGCAGTGCCACTTATTACTGTGGAAAAGCTGTAACTACCTATTTTGACTACTGGGGCCAAGGCAACACTCTCACAGTCTCCTCAG,CAGGCTGTTGTGGCTAAGGGATCTGCACTCACCACATCACTTGGTGGAACAGTCATACTCACTTGTCGCTCAAGTGCTGGGGCTGTTACAACTAGTAGCTATGCCCACTGGGTCTATGAAAAGCCAGATCATTTATTCACTGGTCTAATAGGTGGTACCAGCAACCGAGCTCCGGGTGGTCCTGTCAGATTCTCAGGCTCACTGGTTGGAAACGAGGCTGCCCTCACCATCACAGAGGCACAGACTGAGGATGATGCAATGTATTTCTGTGCTCTATGGTACAGCACCCATTGGTTTATTTTCGGCAATGGAACCGAGGTCACTATCCTGG,1
Seq33_Grp33_IGHV7-4*04_IGHD2-8*01_IGHJ2*01_IGLV2*02_IGLJ3*01,GAGGTGAAGCTGGTGGAATCTGGAGGAGGCTTGGTACAGCCTGGGGGTTCTCTGAGACTCTCCTGTGCAGCTTCTGGATTCACCTTTACTGATTACTACATGAGCTGGGCCCGCCAGCCTTCAGGGAAGGCACCTGAGTGGTTGGCTTTAATTAGAAACAAAGCTAATGGTTATACAACAGAGTATTCTGCATCTGTTAAGGGTCGGTTCACCATCTCCAGAGATAATTCCCAAAGCATCCTCTATCTTCGAATGAACACCCTGAGGGCTGAGGACAGTGCCACTTATTACTGTGTAAAAGCTGTAACTACCTACTTTGACTACTGGGGCCAAGGCACCACTCTCACAGTCTCCTCAG,CAGGCTGTTGTGACTCAGGAATCTGCACTCACCACATCACCTGGTGGAACAGTCATACTCACTTGCCGCTCAAGTACTGGGGCTGTTACAACTAGTAACTATGCTAACTGGGTCCAAGAAAAACCAGGTCATTTATTAACTGGTCTAATAGGTGGTACCAGCAACCGAGCTCCAGGTGTTCCTGTCAGATTCTCAGACTCCCTGATTGGAGGCAAGGCTGCCCTCACCATCACAGGGGCACAGACTGAGGATGATGCAATGTATTTCTGTGTTCTATGGTACAGCACCCATTGGTTTATTTTCGGCAGTGGAACCAAGGTCACTGTCCTAG,1
Seq34_Grp34_IGHV7-4*04_IGHD2-8*01_IGHJ2*01_IGLV2*02_IGLJ3*01,GAGGTGAAGCTGGTGGAATCTGGAGGAGGCTTGGAACAGCCTAGGGGTTCTCTGAGACTCTCCTGTGCAGCTTCTGGATTCACCTTTACTGATTACTACAGGAGCTGGGCCCGCCAGCCTTCAGGGAAGGCACCTGAGTGGTTGGCTTTAATTAGAAACAAAGCTAATGGTTGTACAACAGAGTATTCTGCAGCCGTTAAGGGTCGGTTCACCATCTCCAGAGATAATTCCCAAAGCATCCTCTATCTTCGAATGAACACCCTGAGGGCTGAGGACAGTGCTACTTATTACTGTGTAAAAGCTGTAACTACCTACTTTGACTACTGGGGCCAAGGCACCACTCTCACAGTCTCCTCAG,CAGGCTGTTGTGACTCAGGAATCTGCACTCACCACATCACCTGGTGGAACAATCATACTCACTTGCCGCCCAAGTACTGGGGCTGTTACAACTAGTAACTATGCTAACTGGGTCCAAGAAAAACCAGGTCATTTATTAACTGCTCTAATAAGTGGTACCAGCAACCGAGCTCAAGGTGTTCCTGTCAGATTCTCAGACTCCCTGATTGGAGGCAAGGCTGCCCTCACCATCACGGGGGCACAGACTGAGGATGATGCAATGTATTTCTGTGTTCTATGGTACAGCACCCATTGGTTTATTTTCGGCAGTGGAGCCAAGGTCACTGTCCTAG,1
Seq35_Grp35_IGHV7-4*04_IGHD2-8*01_IGHJ2*01_IGLV2*02_IGLJ3*01,GAGGTGAAGCTGGTGGAATCTGGAGGAGGCTTGGTACAGCCTGGGGGTTCTCTGAGACTCTCCTGTGCAGCTTCTGGATTCACCTTTACTGATTACTACATGAGCTGGGTCCGCCAGCCTCCAGGGAAGGCAACTGAGTGGTTGGCTTTGATTAGAAACAAAGCTAATGGTTACACAACAGAGTATACTGCATCTGTTAAGGGTCGGTTCACCATCTGCAGAGATAGTTCCCAAAACATCCTCTATCTTCAAATGAACACCCTGAGGGCTGAGGACAGTGCCGTATATTACTGTGTAAGAGCTGTAACTACCTACTTTGACTACTGGGGCCAAGGCACCACTCTCACAGTCTCCTCAG,CAGGCTGTGGTGACTCAGGAATCTGCACTCACCACATCACCTGGTGGAACAGTCATACTCACTTGTCGCTCAAGTACTGGGGCTGTTACAACTAGTAAGTATGCCAACTGGGTCCAAGAAAAACCAGATCATTTATTCACTGGTCTAATAGGTGGGACCAGCAACCGAGCTCCAGGTGTTCCTGTCAGATTCTCAGGCTCCCTGATTAGAGACAAGGCTGCCCTCACCATCACAGGGGCACAGACTGAGGATGATGCAATGTATGTCTGTGCTCTTTGGTACAGCACCCATTGGTTTATTTTCGGCAGTGGAACCAAGGTCACTGGCCTAG,1
Seq36_Grp36_IGHV7-4*04_IGHD2-8*01_IGHJ2*01_IGLV2*02_IGLJ3*01,GAGGTGAAGCTGGTGGAATCTGGAGGAGGCTTGGTACAGCCTGGGGGTTCTCTGAGACTCTCCTGTACAGCTTCTGGATTCGCCTTTACTGATTACTACATGAGCTGGGTCCGCCAGCCTCCAGGGAAGGTAACTGAGTGGTTGGCTTTGATTAGAAACAAAGCTAATGGTTACACAACAGAGTATACTGCATCTGTTAAGGATCGGTTCACCATCTGCAGAGATAGTCCCCAAAACATCCTCTATCTTCAGATGAACACCCTGAGGGCTGAGGACAGTGCCGTATATTACTGTGTAAGAGCCGTAACTACCTACTTTGACTACTGGGGCCAAGGCACCACTCTCACAGTCTCCTCAG,CAGGCTGTGGTGACTCAGGACTCTGCACTCACCACATCACCTGGTGGAACAGTCATACTCACTTGTCGCTCAAGTACTGGGGTTGTTACAACTAGTAAGTATGCCAACTGGATCCAAGAAAAACCAGATCATTTATTCACTAGTCTAATCGGTGGGACCAGCAACCGAGCTCCAGGTGTTCCTGTCAGATTCTCAGGCTCCCTGATTAGAGACAAGGCTGCCCTCACCATCACAGGGGCACAGACTGAGGATGATGCAATGTATGTCTGTGCCCTTTGGTACAGCACCCATTGGTTTATTTTCGGCAGTGCAACCAAGGTCACTGGCCTAG,1
Seq37_Grp37_IGHV2-6*02_IGHD4-1*02_IGHJ2*02_IGKV13-85*01_IGKJ2*02,CAGGTGCAGCTGAAGGAGTCAGGACCTGGCCTGGTGGCGCCCTCACAGAGCCTGTCCATCACATGCACCGTCTCAGGGTTCTCATTAACTAGCTATGGTGTACACTGGGTTCGCCAGCCTCCAGGAAAGGGTCTGGAGTGGCTGGTAGTGATATGGAGTGATGGAAGCACAACCTATAATTCAGCTCTCAAATCCAGACTGAGCATCAGCAAGGACAACTCCAAGAGCCAAGTTTTCTTAAAAATGAACAGTCTCCAAACTGATGACACAGCCATGTACTACTGTGCCAGAAACGTGGGACGCTACTGGGGCCAAGGCACCTCTCTCACAGTCTCCTCAG,GACATCCAGATGACACAATCTTCATCCTACTTGTCTGTATCTCTAGGAGGCAGAGTCACCATTACTTGCAAGGCAAGTGACCACATTAATAATTGGTTAGCCTGGTATCAGCAGAAACCAGGAAATGCTCCTAGGCTCTTAATATCTGGTGCAACCAGTTTGGAAACTGGGGTTCCTTCAAGATTCAGTGGCAGTGGATCTGGAAAGGATTACACTCTCAGCATTACCAGTCTTCAGACTGAAGATGTTGCTACTTATTACTGTCAACAGTATTGGAGTACTCCTCCGGGGTTCGGATCGGGGACCAAGCTGGAAATGAAAC,1
Seq38_Grp38_IGHV2-6*02_IGHD4-1*02_IGHJ2*02_IGKV13-85*01_IGKJ2*02,CAGGTGCAGCTGAAGGAGTCAGGACCTGGCCTGGTGGCGCCCTCACAGAGCCTGTCCATCACATGCACCGTCTCAGGATTCTCATTAACTAGCTATAGTGTATACTGGGTTCGCCAGCCTCCAGGAAAGGGTCTGGAGTGGCTGGTAGTGATATGGAGTGATGGAAGCACAACCTATAATTCAGCTCTCAGATCCAGACTGAGCATCAGCAAGGACAACTCCAGGAGCCAAGTTTTCTTAAAAATGAACAGTCTCCAAACTGATGACACAGCCATGTACTACTGTGCCAGAAACGTGGTACGCTACTGGGGCCAAGGCATCTCTCTCACAGTCTCCTCAG,GACCTCCAGATGATACAATCTTCATCCTACTTGTCTGTATCTCTAGGAGGCAGAGTCACCATTACTTGCAAGGCAAGTGACCACATTAATAATTGGTTAGCCTGGTATCAGCAGAAAACAGGAAATGCTCCTAGGCTCTTAATATCTGGTACAACCAGTTTGGAAACTGGGGTTACTTCAAGATTCAGTGGCAGTGGGTCTGGAAAGGATTACACTCTCAGCATTACCAGTCTTCAGACTGAAGATGTTGCTACTTATTACTGTCAACAGTATTGGAGTACTCCTCCGGGGTTCGGATCGGGGACCAAGCTGGAAATGAAAC,1
Seq39_Grp39_IGHV2-6*02_IGHD4-1*02_IGHJ2*02_IGKV13-85*01_IGKJ2*02,CAGGTGCAGCTGAAGGAGTCAGGACCTGGCCTGGTGGCGCCCTCACAGAGACTGTCCATCACATGCACCGTCTCAGGATTCTCATTAGCTAGCTATAGTGTATACTGGGTTCGCCAGCCTCCAGGAAAGGGTCTGGAGTGGCTGGTAGTGATATGGAGTGATGGACGCACAACCTATAATTCAGCTTTCACATTCAGACTGAGCATCAGCAAGGACAACTCCAGGAGCCAAGTTTTCTTAAAAATGAACAGTCTCCAAACTGATGACACAGCCATGTACTACTGTGCCAGAAACGTGGTACGCTACTGGGGCCAAGGCATCTTTCTCACAGTCTCCTCAG,AACCTCCAGATGATACAATCTTCATCCTACTTGTCTGTATCTCTAGGAGGCAGAGTCACCATTACTTGCAAGGCAAGTGACCACATTAATAATTGGTTAGCCTGGTATCAGCAGAAAACAGGAAATGCTCCTAGGCTCTTAATATCTGGTACAACCAGTTTGGAAACTGGGGTTACTTCAAGATTCAGTGGCACTCGGTCTGAAAAGGATTACACTCTCTGCATTACCAGTCTTCAGACTGAAGATGTTGCTACTTATTACTGTCAACAGTATTGGAGTACTCCTCCGGGGTTCGGATCGGGGACCAGGCTGGAAATGAAAC,1
Seq40_Grp40_IGHV2-6*02_IGHD4-1*02_IGHJ2*02_IGKV13-85*01_IGKJ2*02,CAGGTACAGCTGAAGGAGTCAGGACCTGGCCTGGTGGCGCCCTCACAGAGACTGTCCATCACATGCACCGTCTCAGGATTCTCATTAGCTAGCTATAGTGTACACTGGGTTCGCCAGCCTCCAGGAAAGGGTCTGGAGTGGCTGGTAGTGATATGGAGTGATGGACGCACAACCTATAGTTCAACTTTCACATTCAGACTGAGCATCAACAAGGACAACTCCAGGAGCCAAGTTTTCTTAAAAGTGAACAGTCTCCAAACTGATGACACAGCCATGTACTACTGTGCCAGAAACGTGGTACGCTATTGGGGCCAAGGCATCTTTCTCACAGTCTCCTCAG,AACCTCCAGATGATACAATCTTCATCCTACTTGTCTGTATCTCCAGGAGGCAGAGTCACCATTACTGGCAAGGCAAGTGACCACATTAATAATTGGTTAGCCTGGTATCAGCAGAAAACAGGAAATGCTCCTAGGCTCTTAATATCTGGTACAACCAGTTTGGAAACTGGGGTTACTTCAAGATTCAGTGGCAATCGGTCTGAAAATGATTACACTCTCTGCATTACCAGTCTTCAGACTAAAGATGTTGCTACTTATTACTGTCAACAGTATTGGAGTACTCCTCCGGGGTTCGGATCGGGGACCAGGCTGGAAATGATAC,1
Seq41_Grp41_IGHV2-6*02_IGHD4-1*02_IGHJ2*02_IGKV13-85*01_IGKJ2*02,CAGGTACGGCTGAAGGAGTCAGGACCTGGCCTGGTTGCGCCCTCACAGAGACTGTCCATCACATGCACCGTCTCAGGATTCTCATTAGCTAGCTATAGTGTACACTGGGTTCGCCAGCCTCCTGGAAAGGGTCTGGAGTGGCTGGTAGTGATGTGGAGTGATGGACGCACAACCTATAGTTCAACTTTCACATTCAGACTGAGCATCAACAAGGACAACTCCAAGGGCCAAGTTTCCTTAAAAGTGAACAGTCTCCAAACTGATGACACAGCCATGTACTACTGTGCCAGAAACGTGGTACGCTATTGGGGCCAAGGCATCTTTCTCACAGTCTCCTCAG,AACCTCCAGATGATGCAATCTTCATCCTACTTGTCTGTATCTCCAGGAGGCAGAGTCACCATTACTGGCAAGGCAAGTGACAACATTAATAATTGGTTAGCCTGGTACCAGCAGAAAACAGGAAATGCTCCTAGGCTCTTAATATCTGGTACAACCAGTTTGGAAACTGGGGTTACTTCAAGATTCAGTGGCAATCGGTCTGAAAATGATTACACTCTCTGCATTACCAGTCTTCAGACTGAAGATGTTGCTACTTATTACTGTCAACCGTATTGGAGTACTCCTCCGGGGTTCGGATCGGGGACCAGGCTGCAAATGATAC,1
Seq42_Grp42_IGHV2-6*02_IGHD4-1*02_IGHJ2*02_IGKV13-85*01_IGKJ2*02,CAGGTGCAGCTGAAGGAGTCAGGACCTGGCCTGGTGGCGCTCTCACAGAGCCTGTCCATCACATGCACCGTCTCAGGATTCTCATTAACTAGCTATAGTGTATACTGGGTTCGCCAGCCTCCAGGAAAGGGTCTGGAGTGGCTGGTAGTGACATGGAGTGATGGAAGCACAACCTATAATTCAGCTCTCAGATCCAGACTGAGCATCAGCAAGGACAACTCCAGGAGCCAAGTTTTCTTAAAAATGAGCAGTCTCCAAACTGATGACACAGCCATGTACTACTGTGCCAGAAATGTAGTACGCTTCTGGGGCCAAGGCATCTTTCTCACAGTCTCCTCAG,GACCTCCAGATCATACAATCTTCATCCTACTTGTCTGTGTCTCTAGGAGGCAGAGTCACCATTACTTGCAAGGCAAGTGACCACATTAATAATTGGTTAGCCTGGTATCAGCAGAAAACAGGAAATGCTCCTAGGCTCTTAATATCTGGTACAACCAGTTTGGAAACTGGGGTTACTTCAAAATTCAGTGGCAGTGGGTCTGGAAAGGATTACAGTCTCAGCATTACCAGTCTTCAGACTGAAGATGTTGCTACTTATTACTGTCAACAGTATTGGAGTACTCCTCCGGGGTTCGAATCGGGGACTAAGCTGGAAATGAAAC,1
Seq43_Grp43_IGHV2-6*02_IGHD4-1*02_IGHJ2*02_IGKV13-85*01_IGKJ2*02,CAGGTGCAGCTGAAGGAGTCAGGACCTGGCCTGGTGGCGCTCTCACAGAGCCTGTCCATCTCGTGCACCGTCTCAGGATTCTCATTAACTAGCCATAGTGTATACTGGGTTCGCCAGCCTCCAGGAAAGGGTCTGGAGTGGCTGGTAGTGACATGGAGTGATGGAAGCACAACCTATAACTCAGCTCTCAGATCCAGACTGAGCATCAGCAAGGACAACTCCAGGAGGCAAGTTTTCTTAAAAATGAGCAGTCTCCGAACTGATGACACAGCCATGTACTACTGTGCCAGAGATGTAGTACGCTTCTGGGGCCAAGGCATCTTTCTCACAGTCTCCTCAG,GACCTCCAGATCAGACAATCTTCACCCTACTTGTCTGTGTCTCTAGGAGGCAGAGTCACCATTACTTGCAAGGCAAGTGACCACATTAATAATTGGTTAGCCTGGTATCAGCAGAAAACAGGAAATGCTCCTAGGCTCTTAATATCTGGTACAACCAGTTTGGAAACTGGGGTTACTTCAAAATTCAGTGGCAGTGGGTCTGGAAAGGATTACAGTCTCAGCATTACCAGTCTTCAGACTGAAGATGCTGCTACTTATTACTGTCAACAGTATTGGAGTACTCCTCCGGGGTTCAAGGCGGGGACTAAGCTGGAAATGAAAC,1
Seq44_Grp44_IGHV2-6*02_IGHD4-1*02_IGHJ2*02_IGKV13-85*01_IGKJ2*02,CAGGTGCAGCTGAAGGAGTCAGGACCTCGCCTGGTGGCGCTCTCACAGAGCCTGTCCATCTCGTGCACTGTCTCAGGATTCTCATTAACTAGCCATAGTGTATACTGGGTTCGCCAGCATCCAGGAAAGGGTCTGGAGTGGCTGGTAATAACATGGAGTGATGGAAGCACAACCTATAACTCAGCTCTCAGATCCAGACTGAGCATCAGCAAGGACAACTCCAGGAGGCAAATTTTCTTAAAAATGAGCAGTCTCCGAACTGATGACACAGCCATGTACTACTGTGCCAGAGATGTTGTACGCTTCTGGGGCCAAGGCATCTTTCTCACAGTCTCCTCAG,GACCTCCAGATCAGACATTCTTCACCCTACTTGTCTGTGTCTCTAGGAGGCAGAGTCACCATCACTTGCAAGGCAAGTGACTACATTAATAATTGGTTAGCCTGGTATCAGCAGAAAACAGAAAATGCTCCTAGGCTCTTAATATCTGGTACATCCAGTTTGGAAACTGGGGTTACTTCAAAATTCAGTGGCAGTGGGTCTGGAAAGGATTACAGTCTCAGCATTACCAGTCTTCAGACTGAAGATGCTGCTACTTATTACTGTCAACAGTATTGGAGTACTCCTCCGGGGTTCAAGGCGGGGACTAAGCTGGAAGTGAAAC,1
Seq45_Grp45_IGHV2-6*02_IGHD4-1*02_IGHJ2*02_IGKV13-85*01_IGKJ2*02,CAGGTGCAGCTGAAGAAGTCAGGACCTCGCCTGGTGGCGCTCTCACAGAGCCTGTCCATCTCGTGCACTGTCTCAGGATTCTCATTAACTAGCCATAGTGTATACTGGGCTCCCCAGCATTCAGGAAAGGGTCTGGAGTGGCTGGTAATAGCATGGAGTGATGGAAGCACAACCTATAACTCAGCTCTCAGATCCAGACTGAGCAGCAGCAAGAACAACTCCAGGAGGCAAATTTTCTTAAAAATGAGCAGTCTCCGAACTGATGACACAGCCATGTACTACTGTGCCAGAGATGTTGTACGCTTCTGGGGCCAAGGCATCTTTCTCACAGTCTCCTCAG,GACCTCGAGATCAGACATTCTTCACCCTACTTGTCTGTGTCTCTAGGAGGCAGAGTCACCATCACTTGCAAGGCAAGTGACTACATTAATAATTGGTTAGCCTGGTATCAGCAGAAAACAGAAAATGCTCGTAGGCTCTTAATATCTGGTACATCCAGTTTGGAAACTGGGGTTACTTCAAAATTCGGTGGCAGTGGGTCTGGAAAGGATTACGGTCTCAGCATTACCAGTCTTCAGACTGAAGATGCTGCTACTTATTACTGTCAACGGTATTGGAGTACTCCTCCGGAGTTCAAGGCGGGGACTAAGCTGGAAGTGAAAC,1
Seq46_Grp46_IGHV1-72*04_IGHD5-2*01_IGHJ4*01_IGKV5-39*01_IGKJ5*01,CAGGTCCAACTGCAGCAGCCTGGGGCTGAGCTTGTGAAGCCTGGGGCTTCAGTGAAGCTGTCCTGCAAGGCTTCTGGCTACACCTTCACCAGCTACTGGATGCACTGGGTGAAGCAGAGGCCTGGACGAGGCCTTGAGTGGATTGGAAGGATTGATCCTAATAGTGGTGGTACTAAGTACAATGAGAAGTTCAAGAGCAAGGCCACACTGACTGTAGACACATCCTCCAGCACAGCCTACATGCAGCTCAGCAGCCTGACATCTGAGGACTCCGCGGTCCATTATTGTGCAAGAATACCTAGAGGTTACTATGCTATGGACTACTGGGGTCAAGGAACCTCAGTCACCGTCTCCTCAG,GACATTGTGATGACTCAGTCTCCAGCCACCCTGTCTGTGACTCCAGGAGATAGAGTCTCTCTTTCCTGCAGGGCCAGCCAGAGTATTAGCGACTACTTACACTGGTATCAACAAAAATCACATGAGTCTCCAAGGCTTCTCATCAAATATGCTTCCCAATCCATCTCTGGGATCCCCTCCAGGTTCAGTGGCAGTGGATCAGGGTCAGATTTCACTCTCAGTATCAACAGTGTGGAACCTGAAGATGTTGGAGTGTATTACTGTCAAAATGGTCACAGCTTTCCTCCGGGGGAGCTCACGTTCGGTGCTGGGACCAAGCTGGAGCTGAAAC,1
Seq47_Grp47_IGHV1-72*04_IGHD5-2*01_IGHJ4*01_IGKV5-39*01_IGKJ5*01,CAGGTCCAACTGCAGCAGCCTGGGGCTGAGCTTGTGAAGCCTGGGGCTTCAGTGAAGCTGTCCTGCAAGGCTTCTGGCTACACCTTCACCAGCTACTGGATGCACTGGGTGAAGCAGAGGCCTGGACGAGGCCTTGAGTGGATTGGAAGGATTGATCCTAATGGTGGTCGTACTAAGTACAATGAGAAGTTCAAGAGCAAGGCCACACTGGCTGTAGACACATCCTCCAGCACAGCCTACATGCAGCTCAGCAGCCTGACATCTGAGGACTCCGCGGTCCATTATTGTGCCAGAATACCTAAAGGTTACTTTGCTATGGACTACTGGGGTCGAGGAACCTCAGTCACCGTCTCCTCAG,GACATTGTGATGACTCAGTCTCCAGCCACCCTGTCTGTGACTCCAGGAGATAGAGTCTCTCTTTCCTGCAGGGCCAGCCAGACAATTAGCGACTACTTACACTGGTATCAACAAAAATCACATGAGTCTCCAAGGCTTCTCATCAAATATTCTTCCCAATCCATCTCTGGGGTCCCCTCCAGGTTCAGTGGCAGTGGATCAGGGTCAGATTTCACTCTCCGTATCAACAGTGTGGAACCTGAAGATGTTGGAGTGTATTACTGTCAATATGGTCACAGCTTTCCTCCGGGGGAGCTCACGTTCGGTGCTGGGACCAAGCTGGATCTGAAAC,1
Seq48_Grp48_IGHV1-72*04_IGHD5-2*01_IGHJ4*01_IGKV5-39*01_IGKJ5*01,CAGGTCCAATTGCAGCAGCCTGGGGCTGAGCTTGTGAAGCCTGGGGCTTCAGTGAAGCTGTCCTGTAAGGCTTCTGGCTACACCTTCACCAGCTACTGGATGCACTGGGTGAAGCAGAGGCCTGGACGAGGCCTTGAGTGGATTGGAAGGATTGATCCTAATGGTGGTCGTACTAAGTACAATGAGAAGTTCAAGAGCAAGGCCACACTGGCTGTGGACACATCCTCCAGCACAGCCTACATGCAGCTCAGCCGCCTGGCATCTGAGGACTCCGCGGTCCATTATTGTGCCAGAATACCTGGAGGTTACTTTGCTATGGACTACTGGGGTCGAGGAACCTCAGTCACCGTCTCCTCAG,GACATTATGATGACTCACTCTCCAGCAACCCTGTCTGTGACTCCAGGAGATAGAGTCTCTCTTTCCTGCAGGGCCAGCCAGACAATTAGCGACTACTTACACTGGTATCAACAAAAATTACATGAGTCTCCAAGGCTTCTCATCAAATATTCTTCCCAATCCATCTCTGGGGTCCCCTCCAGGTTCAGTGGCAGTGGATCAGGGTCAGATTTCACTCTCCGTATCAACAGTGTGGAACTTGAAGATGTTGGAGTGTATTACTGTCAATATGGTCACAGCTTTCCCCCGGGGGAGCTCGCGTTCGGTGCTGGGACCAAGCTGGATCTGAAAC,1
Seq49_Grp49_IGHV1-72*04_IGHD5-2*01_IGHJ4*01_IGKV5-39*01_IGKJ5*01,CAGGTCCAACTGCAGCAGCCTGGGGCTGAGCTTGTGAAGCCTGGGGCTTCAGTGAAGCTGTCCTGCAAGGCTTCTGGCTACACCTTCACCAGCTACTGGATGCACTGGGTGAAACAGAGGCCTGGACGAGGCCTTGAGTGGATTGGAAGGATTGATCCTAATAGTGGTGGTACTAAGTGCAATGAGAAGTTCAAGAGCAAGACCACACTGACTGCAGACACATCCTCCAGCACAGCCTACATGCAGCTCAGCAGCCTGACATCTGAGGACTCCGCGGTCCCTTATTGTGCAAGAATACCTAGGGGTTACTATACTATGGACTACTGGGGTCAAGGAACCTCAGTCACCGTCTCCTCAG,GACATTGTGATGACTCCGTCTCCAGCCACCCTGTCTGTGACTCCAGGAGATAGAGTCTCTCTTTCCTGCAAGGCCAGCCAGAGTATTAGCGACTACTTACACTGGTATCAACAAAAATCACATGTGTCTCCAAGGCTTCTCATCAAGTATGCTTCCCAATCCATCTCTGGGATCCCCTCCAGGTTCAGTGGCAGTGGATCAGGGTCAGATTTCACTCTCAGTATCAACAGTGTGGAACCTGAAGATGTTGGGGTGTATTACTGTCAAAATGGTCACAGCTTTCCTCCGGGGGAGCTGACGTTCGGTACTGGGACCAAGCTGGAGCTGAAAC,1
Seq50_Grp50_IGHV1-72*04_IGHD5-2*01_IGHJ4*01_IGKV5-39*01_IGKJ5*01,CAGGTCCAACTGCAGCAGCCTGGGGCTGAGTTTGTGAAGCCTGGGGCTTCAGTGAAGCTGTCCTGCAAGGCTTCTGGCTACACCCTCACCAGCTACTGGATGCACTGGGTGAAACAGAGGCCTGGACGAGGCCTTGAGTGGATTGGAAGGATTGATCCTAGTAGTGGTGGTACTAAGTGCAATGAGAAGTTCAAGAGCAAGACCACACTGACTGTAGACACATCCTCCAGCACAGCCTACATGCAGCTCAGCCGCCTGACATCTGAGGGCTCCGCGGTCCCTTATTGTGCAAGAATACCTAGGGGTTACTATACTATGGACTACTGGGGTCACGGAACCTCAGTCACCGTCTCCTCAG,GACATTGTGATGACTCCGTCTCCAGCCACCCTGTCTGTGCCTCCAGGAGATAGAGTCTCTCTTTCCTGCAAGGCCAGCCAGAGTATTAGCGACTACTTACACCGGTATCAACAAAAATCACATGTGTCTCCAAGGCTTCTCATCAAGTATGCTTCCCAATCCATCTCTGGGATCCCCTCCAGGTTCAGTAGCATTGGATCAGGGTCAGATTTCACTCTCAGTATCAACAGTGTGGAACCTGAAGATGTTGGGGTGTATTACTGTCAAAATGGCCGCAGCTTTTCTCCGGGGGAGCTGACGTTCGGTACTGGGACCAAGCTGGAGCTGAAAC,1
Seq51_Grp51_IGHV1-72*04_IGHD5-2*01_IGHJ4*01_IGKV5-39*01_IGKJ5*01,CAGGTCCTAGTGCAGCACCCTGGGGCTGGGCTTGTGAAGCCTGGGGCTTCAGTGAAGCTGTCCTGCAAGGCTTCTGGCTACACTTTCACCAGCTACTGGATGCACTGGGTGAAACAGAGGCCTGGACGAGGCCTTGAGTGGATTGGAAGGATTGATCCTAATAGTGGTGGTACTAAGTGCAATGAGAAGTTCAAGAGCAAGACCACACTGACTGCAGACACATCCTCCAGCACAGCCTACATGCAGCTCAGCAGCCTGACATCTGAGGACTCCGCGGTCCCTTATTGTGCAAGAGTACCTAGGGGTTACTATACTGTGGACTACTGGGGTCAAGGAACCTCAGTCACCGTCTCCTCAG,TACATTGTGATGACTCCGTCTCCAGCCACACTGTCTGTGACTCCAGGAGATAGAGTCTCTCTTTCCTGCAAGGCCAGCCAGAGTATTGGCGACTACTTACACTGGTATCAACAAAAATCACATGTGTCTCCAAGGCTTCTCATCAAGTATGCTTCCCAACCCATTTCTGGGATCCCCTCCAGGTTCAGTGGCAGTGGATCAGGTTCAGATTTCACTCTCAGTATCAACAGTGTGGAACCTGAAGATGTTGGGGTGTATTACTGTCAAAATGGTCACAGCTTTCCTACGGGGGAGCTGACGTTCGGTACTGGGACCAAGCTGGAGCTGAAAC,1
Seq52_Grp52_IGHV1-72*04_IGHD5-2*01_IGHJ4*01_IGKV5-39*01_IGKJ5*01,CAGGTCCTAGTGCAGCACCCTGGGGCTGAGCTTGTGAAGCCTGGGGCTTCAGTGAAGCTGTCCTGCAAGGCTTCTGGCTACACTTTCACCAGCTACTGGATGCACTGGGTGAAACAGAGGCCTGGACAAGGCCTTGAGTGGATTGGAAGGATTGATCCTAATAGTGGTGGTACTAAGTGCAATGAGAAGTTCAAGAACAAGACCACACTGACTGCAGACACATCTTCCAGCACAGCCTACATGCAGCTCAGCAGCCTGACATCTGAGTACTCCGCGGTCCCTTATTGTGCAAGAGTACCTAGGGGTTACTATACTGTGGACTACTGGGGTCAAGGAATCTCAGTCACCGTCTCCTCAG,TACATTGTGATGACTCCGTCTCCAGCCACACTGTCCGTGACTCCAGGAGATAGAGTCTCTCTATCCTGCAAGGCCAGCCTGAGTATTGGCGACTACTTACACTGGTATCAACAAAAATCACATGTGTCTCCGAGGCTTCTCATCAAGTATGCTTCCCAACCCATTTCTGGGATCCCCTCCAGGTTCAGTGGCAGTGGATCAGGTTCAGATTTCACTCTCAGTATCAACAGTGTGGAACCTGATGATGTTGGGGTGTATTACTGTCAAAATGGTCACAGCTTTCCTACGGGGGAGCTGACGTTCGGTACTGGGACCAAGCTGGAGCTGACAC,1
Seq53_Grp53_IGHV1-72*04_IGHD5-2*01_IGHJ4*01_IGKV5-39*01_IGKJ5*01,CAGGTCCAACTGCAGCAGCCTGGGACTGAGCTTGTGAAGCCTGGGGCTTCAGTGAAGCCGTCCTGCAAGGCTTGTGGCTACACCTTCACCAGCCACTGGATGCACTGGGTGAAGCAGAGGCCTGGACGAGGCCTTGAATGGATTGGAAGGATTGATCCTAATGGTGGTCGTACTAAGTACAATGAGAAGTTCAAGAGCAAGGCCACACTGGCTGTAGACACATCCTCCAGCACGGCCTACATGCAGCTCAGCAGCCTGACAACTGAGGACTCCGCGGTCCATTATTGTGCCAGAATACCTAAAGGTTACTTTGCTATGGACTACTGGGGTCGAGGAACCTCAGTCACCGTCTCCTCAG,GACATTGTGATGACTCAGTCTCCAGCCACCCTGTCTGTGACTCCAGGAGGTAGAGTCTCTCTTTCCTGCAGGGCCAGCCAGACAATTAACGACTACTTACACTGGTATCAACAAAAATCACATGAGTCTCCAAGGCTTCTCATCAAATATCCTTACCAATCCATCTCTGGGGTCCCCTCCAGGTTCAGTGGCAGTGGATCAGGGTCAGATTTCAATCTCCCTATCAACAGTGTGGAACCTGAAGAGGTTGGAGTGTATTACTGTCAATATGGTCACAGCTTTCCTCCGGGGGAGCTCACGTTCGGTGCTGGGACCAAGCTGGATCTGAAAC,1
Seq54_Grp54_IGHV1-72*04_IGHD5-2*01_IGHJ4*01_IGKV5-39*01_IGKJ5*01,CAGGTCCAACTGCAGCAGCCTGGGACTGAGCTTGTGAAGCCTGGGGCTTCAGTGAAGCCGTCCTACAAGGCTTGTGGCTACACCTTCACCAGCCACTGGATGCACTGGGTGAAGCAGAGGCCTGGACGAGGCTTTGAATGGATTGGAAGGATTGATCCTAATGGTGGTCGTACTAAGTACAATGAGAAGTTCAAGAGCAAGGCCACACTGGCTGTAGACACATCCTCCAGCACGGCCTACATGCAGCTCAGCAGCCTGACAACTGAGGACTCCGCGGTCCATTATTGTGCCAGAACAGCTAAAGGTTATTTTGCTATGGACTACTGGGGTCGTGGAACCTCAATCACCGTCTCCTCAG,GACATTGTGACGACTCAGTCTCCAGCCACCCTCTCTGTGACTCCAGGAGGTAGAGTCTCTTTTTCCTGCAGGGCCAGCCAGACAATTAACGACTACTTACACTGGTATCAACAAAGATCACATGAGTCTCCAAGGCTTCTCATCAAATATCCTCACCAATCCATCTCTGGGGTCCCCTCCAGGTTCAGTGGCAGTGGATCAGGGTCAGATTTCAATCTCCCTATCAACAGTGTGGAACCTGAAGAGGTTGGAGTGTATTACTGTCAATATGGTCACAGCTTTCCTCCGGGGGAGCTCACGTTCAGTGCTGGGACCGAGCTGGATCTGAAAC,1
Seq55_Grp55_IGHV1-20*02_IGHD5-6*01_IGHJ2*03_IGLV2*01_IGLJ3*01,GAGGTTCAGCTGCAGCAGTCTGGACCTGAGCTGGTGAAGCCTGGGGCTTCAGTGAAGATATCCTGCAAGGCTTCTGGTTACTCATTTACTGGCTACTTTATGAACTGGGTGATGCAGAGCCATGGAAAGAGCCTTGAGTGGATTGGACGTATTAATCCTTACAATGGTGATACTTTCTACAACCAGAAGTTCAAGGGCAAGGCCACATTGACTGTAGACAAATCCTCTAGCACAGCCCACATGGAGCTCCGGAGCCTGGCATCTGAGGACTCTGCAGTCTATTATTGTGCAAGGTACCTACCCCCCCCCTTTGACTACTGGGGCCAAGGCACCAGTCTCACAGTCTCCTCAG,CAGGCTGTTGTGACTCAGGAGTCTGCACTCACCACATCACCTGGTGGTACAGTCATACTCACTTGTCGCTCAAGTACTGGGGCTGTTACAACTAGTAACTATGCCATTTGGGTCCAAGAAAAAACAGATCATTTATTCGCTGGTGTAATAGGTGATACAAGCAACCGAGCTCCAGGTGTTCCTGCCAGATTCTCAGGCTCCCTGATTGGAGACAAGGCTGCCCTCACCATCACAGGGGCACAGACTGAGGATGATGCAATGTATTTCTGTGCTCTATGGTACAGCAACCATTTCGAGTTTATTTTCGGCAGTGGAACCAAGGTCACTGTCCTAG,1
Seq56_Grp56_IGHV1-20*02_IGHD5-6*01_IGHJ2*03_IGLV2*01_IGLJ3*01,GAGGTTCAGCTGCAGCAGTCTGGACCTGAGCTGGTGAAGCCTGGGGCTTCAGTGACGATATCCTGCAAGGCTGCTGGTTACTCATTTACTGGCTACTTTATGAACTGGGTGATGCAGAGCCATGGAAAGAGCCTCGAGTGGATTGGACGTATTGATCCTTACAGTGGTGTTACTTTCTACAACCAGAAGTTCAAGGGCAAGGCCACATTGACTGTAGACAAATCCTCTAGCACAGCCCACATGGAGCTCCGGAGCCTGGCATCCGAGGACTCTGCAGTCTATTATTGTGCAAGGTACCTACCCCCCCCCTTTGACTACTGGGGCCAAGGCACCAGTCTCACAGTCTCCTCAG,CATGCTGTTGTGACTCAGGAGTCTGCACTCACCACATCACCCGGTGGTACGGTCATACTCACATGTCGCTCAAGTACTGGGGCTGTTACAACTAGTAACTATGCCATTTGTGTCCAAGAAAAAACAGGTCATTTATTCGCTGGTGTAATAGGTGATACAAGCAACCGAGCTCCAGGTGTTCCTGCCAGATTCTCAGGCTCCCTGATTGGAGACAAGGCTGCCCTCACCATCACAGGGGCACAGACTGAGGATGATGCAATGTATTTCTGTGCTCTATGGTACAGCAACCATTTCGAGTTTGTTTTCGGCAGTGGAACCAAGGTCACTGTCCTAG,1
Seq57_Grp57_IGHV1-20*02_IGHD5-6*01_IGHJ2*03_IGLV2*01_IGLJ3*01,GCGGTTCAGCTGGAGCAGTCTGGACCTGAGCTAGTGAAGCCTGGGGATTCAGTGACGATATCCTGCAAGGCTGCTGGTTACGCATTTACTGGCTACTTTATGAACTGGGTGATGCAGAGCCATGGAAAGAGCCTCGAGTGGATTGGACGTATTGATCCTTACAGTGGTGTTACTTTCTACAACCAGAAGTTCAAGGGCAAGGCCACATTGACTGTAGACAAATCCTCTAGCACAGCCCACATGGAGCTCCGGAGCCTGGCATCCGAGGACTCTGCAGTCTATTATTGTGCAAGGTACCTACCCCCCCCCTTTGACTACTGGGGCCAAGGCACCAGTCTCACAGCCCCCTCAG,CATGCTGTTGTGACTCAGGAGTTTGCACTCACCACATCACCCGGTGGTACGGTCATACTCACATGTCGCTCAGGTACTGGGGCTGTTACAACTAGTAACTATGCCATTTGTGTCCAAGAAAAAACAGGTCATTTATTCGCTGGTGTAATAAGTGATACAAGCAACCGAGCTCCAGGTGTTCCTGCCAGATCCTCAGGCTCCCTGACTGGAGACAAAGCTGCCCACACCATCACAGGGGCACAGACTGAGGATGATGCAATGTATTTCTGTGCTCTATGGTACAGCAACCATTTCGAGTTTGTTTTCGGCAGTGGAACCAAGGTCACTGTCCTAG,1
Seq58_Grp58_IGHV1-20*02_IGHD5-6*01_IGHJ2*03_IGLV2*01_IGLJ3*01,GCGGTTCAGCTGGAGCAGTCTGGAACTGAGCTAGCGAAGCCTGGGGATTCAGTGACGATATCCTGCAAGGCTGCTGGTTACGCATTTACTGGCTACTTTATGAACTGGGTGATGCAGAGCCATGGAAAGAGCCTCGAGTGGATTGGACGTATTGATCCTTACAGTGGTGTTACTTTCTACAACCAGAAGTTCAAGGGCAAGGCCACATTGACTGTAGACAAATCCTCTAGAACAGCCCACATGGAGCTCCGGAGCCTGGCATCGGAGGACTCTGCAGTCTATTATTGTGCAAGGTACCTACCCACCCCCTTTGACTACTGGGGCCAAGGCACCAGTCCCACTGCCCCCTCAG,CATGCTGTTGTGACTCAGGGGTTTGCACTCACCACATCACCCGGTGGTACGGTCATACTCACATGTCGCTCAGGTACTGGGGCTGTTACAACTAGTAACTATGCCACTTGTGTCCAAGAAAAAACAGGTCATTTATTCGCTGATGTAATAAGTGATACAAGCAACCGAGCTCCAGGTGCTCCTGTCAGTTCCTCAGGCTCCCTGACTGGAGACAAAGCTGCCCACACCATCACAGGGGCACAGACTGAGGATGATGCAATGTATTTCTGTGCTCTATGGTACAGCAACCATTTCGAGTTTGTTTTCGGCAGTGGAACCAACGTCACTGTCCTAG,1
Seq59_Grp59_IGHV1-20*02_IGHD5-6*01_IGHJ2*03_IGLV2*01_IGLJ3*01,GCGGTTCAGCTGGAGCAGTCTGGAACTGAGCTAGCGAAGCCTGGAGATTCAGTGACGATATCCTGCAAGGCTGCTGGTTACGTATTTACTGGCTACTTTATGAACTGGGTGATGCAGAGCCATGGAAGGAGCCTCGAGTGGATTGGACGTGTTGATCCTTACAGTGGTGTTACTTTCTACAACCAGAAGTTCAAGGGCAAGGCCACATTGACTGTAGACAAATCCTCTAGAACAGCCCACATGGAGCTCCGGAACCTGGCATCGGAGGACTCTGCAGTCTATTATTGTGCAAGGTACCTACCCACCCTCTTTGACTACTGGGGCCAAGGCGCCAGTCCCACTGCCCCCTCAG,CATGCTGTTGTGACTCAGGGGTTTGCACCCACCACATCACCCGGTGGTACGGTCATACTCACATGTCGGTCAGGTACTGGGGCTGTTACAACTAGTAACTATGCCACTTGTGTCCAAGAAAAAACAGGTCATTTATTCGCTGATGTAATAAGTGATACAAGCAACCGAGTTCCAGGTGCTCCTGTCAGTTCCTCAGGCTCCCTGACTGGAGACAAAGTTACCCACACCATCACAGGGGCACAGACTGAGGATGTTGCAATGTATTTCTGTGCTCTATGGTACAGCAACCATTTCGAGTTTGTTTTCGGCAGTGGAACCAGCGTCACTGTCCTAG,1
Seq60_Grp60_IGHV1-20*02_IGHD5-6*01_IGHJ2*03_IGLV2*01_IGLJ3*01,GCGGTTCAGCTGGTGCAGTCTGGACCTGTGCTAGTGAAGCCTGGGGATTCAGTGACGATATCCTGCAAGGCTGCTGGTTACGCATTTACTGGCTACTTTATGAACTGGGTGATGCAGAGCCATGTAAAGAGCCTCGAGTGGATTGGACGTATTGATCCTTACAGTGGTGTTACTTTCTACAACCAGAAGTTCAAGGGCAAGGCCACACTGTCTGTAGACAAATCCTCTAGCACTGCCCACATGGAGCTCCGGAGCCTGGCATCCGAGGACTCTGCAGTCTATTATTGTGCAAGGTACCTACCCCCCTCCTTTGACTACTGGGGCCAAGGCACCAGTCTCACAGCCCCCTCAG,CATGCTGTTGTGACTCAGGAGTTTGCACTCACCACCTCACTCGGTGGTACGGTCATACTCACATGTCGCTCAGGTACTGGGGCTGTTACAACTAGTAACTATGCCATTTGTGTCCAAGAAAAAACACGTCATTTATTCTCTGGTGTAATAAGTGATACAAGCAACCGAGCTCCAGGTGTTGCTGCCAGATCCTCAGGCTCCCTGACTGGAGACAAAGCTGCCCACACCATCACAGGGGCACAGACTGAGGATGATGCAATGTATTTCTGTACTCTATGGTCCAGCAACCATTTCGAGTTTGTTTTCGGCAGTGGAACCAAGGTCACTGTCCTAG,1
Seq61_Grp61_IGHV1-20*02_IGHD5-6*01_IGHJ2*03_IGLV2*01_IGLJ3*01,GCGGTTCTGCTGGTGCAGTCTGGACCTGTGCTAGTGAAGCCTGGGGATTCAGTGACGATATCCTGCAAGGCTGCTGGTTACGCATTTACTGGCTACTTTATGAACTGGGTGGTACAGAGCCATGTAAAGAGCCTCGAGTGGATTGGACGTATTGATCCCTACAGTGGTGTCACTTTCTACAACCAGCAGTTCAAGGGCAAGGCCACACTGTCTGTAGACAAATCCTCTAGCACTGCCCACATGGAGCTCCGGAGCCTGGCATCCGAGGACTCTGCAGTCTATTATTGTGCAAGGTACCTACCCCCCTCCTTTGACTACTGGGGCCATGGCACCAGTCTCACAGCCCCCTCAG,CATGCTGTTATGACTCAGGAGTTTGCATTCACCACCTCACTCGGTGGTACGGTCATACTCACATGTCGCTCAGGTACTGGGGCTGTTACAACTAGTAACTATGCCATTTGTGTCCAAGAAAAAACACGTCATTTATTCTCTGGTGTAACAAGTGATACAAGCAACCGAGCTCCAGGTGTTGCTGCCGGATCCTCAGGCTCCCTGACTGGAGACAAAGCTGCCCACACCATCACAGGGGCACAGACTGAGGATGTTGCAATGTATTTCTGTACTCTATGGTCCAGCACCCATTTCGAGTTTGTCTTCGGCAGTGGAACCAAGGTCACTGTCCTAG,1
Seq62_Grp62_IGHV1-20*02_IGHD5-6*01_IGHJ2*03_IGLV2*01_IGLJ3*01,GCAGTTCAGCTGGAGCAGTCTGGACCTGAGCTAGTGAAGCCTGGGGATTCAGTGACGATATCCTGCAAGGCTGCTGGTTGCGCATTTACTGGCTACTTTATGAACTGGGTGATGCAGAGCCATAGAAAGAGCCTCGAGTGGATTGGACGTATTGATCCTTACAGTGGTGTTACTTTCTACAACCAGAAGTTCAAGGGCAAGGCCACATTGACTGTAGACAAATCCTCTACCACAGCCCACATGGAGCTCCAGAGCCTGGCATCCGAGGACCCTGCAGTCTATTATTGTGCAAGGTACCTACCCCACCCCTTTGACTACTGGGGCCAAGGCACCAGTCTCACAGCCCCCTCAG,CATGCCGTTGTGACTCAGGAGTTTGCACTCACCACATCACCCGGTGGTACGGTCATACTCACATGTCGCTCAGGTACCGGGGCTGTTACAACTAGTAACTATGCCATTTGTGTCCAAGAAAAAACAGGTCATTTATTCGCCGGTGTAATAAGTGATACAAGCAACCGAGCTCCAGGTGTTCCTGCCAGCTCCTCAGGCTCCCTGACTGGAGACAAAGCTGCCCACACCATCATAGGGGCACAGACTGAGGATGATGCAAGGTATTTCTGTGCTCTATGGTACAGCAACCATTTCGAGCTTGTTTTCGGCAGTGGAACCAAGGTCACTGTCCTAG,1
Seq63_Grp63_IGHV1-20*02_IGHD5-6*01_IGHJ2*03_IGLV2*01_IGLJ3*01,GCAGTTCAGCTGGAGCAGACTGGACCTGAGCTAGTGAAGCCTGGGGATTCAGTGACGATGTCCTGCAAGGCTGCTGGTTGCGCATTTACTGGCTACTTTATGAACTGGGTGATGCAGAGCCATAGAAAGAGCCTCGAGTGGATTGGACGCATTGATCCTTACAGTGGTGTTACTTTCTACAACCAGAAGTTCAAGGGCAAGGCCACATTGACTATAGACAAATCCTCTACCACAGCCCACATGGAGCTCCAGAGCCTGGCATCCGAGGACCCTGCAGTTTATTATTGTGCAAGGTACCTACCCCACCCCTTTCACTACTGGGGCCAAGGCACCAGTCTCACAGCCGCCTCAG,CATGCCGTTGTGACTCAGGAGTTTGCACTCACCACATCACCCGGTGGTACGGTCATACTCATATGTCGCTCAGATCCCGGGGCTGTTACAACTAGTAACTATGCCATTTGTGTTCAAGGAAAAACAGGTCATTTATTCGCCGGTGTAATAAGTGATACAAGCAACCGAGCTCCAGGTGTTCCTGCCAGCTCCTCAGGCTCCCTGACTGGAGACACAGCTGCCCACAACATCATAGGGGCACAGACTGAGGATGATGCAAGGTATTTCTGTGCTCTATGGTACAGCAACCATTTCGAGCTTGTTTTCGGCAGTGGAACCAAGGTCACTGTCCTAG,1
Seq64_Grp64_IGHV1-61*01_rIGHD1-2*01_IGHJ1*03_IGKV6-29*01_IGKJ2*03,CAGGTCCAACTGCAGCAGCCTGGGGCTGAGCTGGTGAGGCCTGGGTCTTCAGTGAAGCTGTCCTGCAAGGCTTCTGGCTACACCTTCACCAGCTACTGGATGGATTGGGTGAAGCAGAGGCCTGGACAAGGCCTTGAATGGATTGGTAACATTTACCCTTCTGATAGTGAAACTCACTACAATCAAAAGTTCAAGGACAAGGCCACATTGACTGTAGACAAATCCTCCAGCACAGCCTACATGCAGCTCAGCAGCCTGACATCTGAGGACTCTGCGGTCTATTACTGTGCATTTAGCCGTAGTAATGAAGGGTACTTCGATGTCTGGGGCACAGGGACCACGGTCACCGTCTCCTCAG,AACATTGTAATGACCCAATCTCCCAAATCCATGTCCATGTCAGTAGGAGAGAGGGTCACCTTGAGCTGCAAGGCCAGTGAGAATGTGGGTACTTATGTATCCTGGTATCAACAGAAACCAGAGCAGTCTCCTAAACTGCTGATATACGGGGCATCCAACCGGTACCCTGGGGTCCCTGATCGCTTCACAGGCAGTGGATCTGCAACAGATTTCACTCTGACCATCAGCAGTCTGCAGGCTGAAGACCTTGCAGATTATCACTGTGGACAGGGTTACAGCTATCTTCTCTATACGTTCGGATCGGGGACCAAGCTGGAAATAAAAC,1
Seq65_Grp65_IGHV1-61*01_rIGHD1-2*01_IGHJ1*03_IGKV6-29*01_IGKJ2*03,CAGGTCCAACCGCAGCAGCCTGGGGCTGAGCTGGTGAGGCCTGGGTCTTCAGTGAAGCTGTCCTGCAAGGCTTCTGGCTACACCTTCACCAGCTACTGGATGGATTGGGTGAAGCAGAGGCCTGGACAAGGCCTTGAATGGATTGGTAACATTTACCCTTCTGATAGTGAAACTGACTACAACCAAAAGTTCAAGGACAAGGCCACATTGACTGTAGACAAATCCTCCAGCACAGCCTACTTGCAGTTCAGCAGCCTGACATCTGAGGACTCTGTGGTCTATTACTGTGCATTTAGCCGTAGTAAGGAAGGGTACTTCGATGTCTGGGGCACAGGGACCACGGTCACCGTCTCCTCAG,AACATTGTAATGACCCAATCTCCCAAATCCATGTCCATGTCAGTAGGAGAAAGGGTCACCTTGAGCTGCAAGGCCAGTGAGAATGTGGGTACTTATGTATCCTGGTATCAACAGAAACCAGAGCAGTCTCCTAAACTTCTGATATACGGGGCATCCAACCGGTTCCCTGGGGTCCCTGATCGCTTCACAGGCAGTGGATTTGCAGCAGATTTCACTCTGACCATCAGCAGTCTGCAGGCTGAAGACCTTGCAGATTATCACTGTGGACAGGGTTACAGCTATCTTCTCTATACGTTCGGATCGGGGACCAAGCTGGAATTAAGAC,1
Seq66_Grp66_IGHV1-61*01_rIGHD1-2*01_IGHJ1*03_IGKV6-29*01_IGKJ2*03,CAGGTCCAACCGCAGCAGCCTGGGGCTGAGCTGGTGAGGCCTGGGTCTTCATTGAAGCTGTCCTGCAAGGCTTCTGGCTACCCCTTCACCAGCTACTGGATGGATTGGGTTAAGCAGAGGCCTGGACAAGGCCTTGAATGGATTGGTAATATTTACTCTTCTGATAGTGAAACTGACTACAACCAAAAGTTCAAGGACAAGGCCACATTGACTGTAGACAAATCCTCCAGCACAGCCTACTTGCAGTTCAGCAGCCTGACATCTGAGGACTCTGTGGTCTATTACTGCGCATTTAGCCGTAGTAAGGAAGGGTACTTCGATGTCTGGGGCACAGGGACCACGGTCACCGTCTCCTCAG,AACATTGTAATGACCCAATCTCCCAGATCCATGTCCATGTCAGTAGGAGAAAGGGTCACCTTGAGCTGCAAGGCCAGTGAGAATGTGGGTACTTATGTATCCTGGTATCAACAGAAACCAGAGCAGTCTACTAAACTTCTGATATACGGGGCATCCAACCGGTTCCCTGGGGTCCCTGATCGCTTCACAGGCAGTGGATTTGGAGCAGATTTCACTCTGACCATCAGCAGTCTGCAGACTGAAGACCTTGCAGATTATCACTGTGGACAGGCTTCCAGCTATCTTCTCTATACGTTCGGATCGGGGACCAAGCCGGAATTAAGAC,1
Seq67_Grp67_IGHV1-61*01_rIGHD1-2*01_IGHJ1*03_IGKV6-29*01_IGKJ2*03,CAGGTCCAACCGCTGCAACCTGGGGCTGAGCTGGTGAGGCCTGGGTCTTCAGTGAAGCTGTCCTGCAAGGCTTCTGGCTACACCTTCACCAGCTACTGGATGGATTGGGTGAAGCAGAGGCCTGGACAAGGCCTTGAATGGATTGGTAACATTTACCCTTCTGATAGTGAAACTGACTACAAACAAAAGTTCAAGGACAAAGCCACATTGACTGAAGGCAAATCCTCCAGCACAGCCTACTTGCAGTTCAGCAGCCTGACATCTGAGGACTCTGTGGTCTATTACTGTGCATTTAGCCGTAGTAAGGAAGGGTACTTCGATGTCTGGGGCACAGGGACCACGGTCACCGTCTTCTCAG,AACATTGTAATGACCCAATCTCCCCAATCCCTGTCCATGTCAGTAGGAGAAAGGGTCACCTTGAGCTGCAAGGCCAGTGAGAATGTGGGTACTTATGTATCCTGGTATCAACAGAAACCAGAGCAGTCTCCTAAACTTCTGATATACGGGGCATCCAACCGGTTCCCTCGGGGCCCTGATCGCTTCACAGGCAGTGGATTTGCAGCAGATTTCACTCTGACCATCAGCAGTCTGCAGACTGAAGACCTTGCAGATTATCACTGTGGACAGGGTTACAGCTATCTTCCCTATACGTTCGGATCGGGAACCAAGCTGGAATTAAGAC,1
Seq68_Grp68_IGHV1-61*01_rIGHD1-2*01_IGHJ1*03_IGKV6-29*01_IGKJ2*03,CAGGTCCAACCGCTGCAACCTGGGGCTGAGCTGGTGAGGCCTGGGTCTTCAGTGAAGCTGTCCTGCAAGGCTTCCGGCTACACCTTCACCAGCTACTGGATGGATTGGGTGAAGCAGAGGCCTGGACAAGGCCTTGAATGGATTGGTAACATTTACCCATCTGATAGTGAAACTGACTACAAACAAAAGTTCAAGGACAAAGCCACATTGACTGAAGGCAAATCCTCCAGCACAGCCTACTTGCTGTTCAGCAGCCTGACATCTGAGGACTCTGTGGTTTATTACTGTGCATTTAGCCGTTGTAAGGAAGGGTACTTCGGTGTCTGGGGCACAGGGACCACGGTCACCATCTTCTCAG,AACATTGTAATGACCCAATCTCCCCAATCCCTGTCCATGTCAGTAGGAGAAAGGGTCACCTTGAGCTGTAAGGCCAGTGAGAATGTGGGTACTTATGTGTCCTGGTATGAACAGAAACCAGAGCAGTCTCTTAAACTTCTGATATACGGGGCATCCAACCGGTTCCCTCGGGGCCCTGGTCGCTTCACAGGCAGTGGATTTGCAGCAGATTGCACTCTGACCATCAGCAGTCTGCAGACTGAAGACCTTGCAGATTATCACTGTGGACAGGGTTACAGCTATCTTCCCTATACGTTCGGATCGGGAACCAGGCTGGAATTAAGAC,1
Seq69_Grp69_IGHV1-61*01_rIGHD1-2*01_IGHJ1*03_IGKV6-29*01_IGKJ2*03,CAGGTCCAACCGCAGGAGCCTGGGGCTGAGCTGGTGAGGCCTGGGTCTTCATTGAAGCTGTCCTGCAAGGCCTCTGGCTACCCCTTCACCAGCTACTGGATGGATTGGGTTAAGCAGAGACCTGGACAAGGCCTTGAATGGATTGGTAATATTTACTCTTCTGATAGTGAAACTGACTACGACCAAAAGTTCAAGGACAAGGCCACATTGACTGGAGACAAATCCTCCAGCACAGCCTACTTGCAGTTCAGCAGCCTGACATCTGAGGACTCTGTGGTCTATTACTGCGCATTTAGCCGTATTAAGGAAGGGTACTTCGATGTCTGGGGCACAGGGACTACGGTCACCGTCTCCTCAG,AACATTGTAATGACCCTATCTCCCAGATCCATGTCCATGTCAGTAGGAGAAAGGGTCACCTTGAGCTGCAAGGCTAGTGAGAATGTGGGTACTTATGTATCCTGGTATCAACAGAAACCAGAGCAGTCTACTAAACTTTTGTTATACGGGGCATCCAACCGGTTCCCTGGGATCCCTGATCGCTTCACAGGCAGTGGATTTGGAGCAGATTTCACTCTGACCATCAGCAGTCTGCAGATTGAAGACCTTGCAGATTATCACTGTGGACAGGCTTCCAGCTATCTTCTCTATATGTTCGGATCGGGGACCAAGCCGGAATTAAGAC,1
Seq70_Grp70_IGHV1-61*01_rIGHD1-2*01_IGHJ1*03_IGKV6-29*01_IGKJ2*03,CAGGTCCAACCGCAGGAGCCTGGAGCTGAGCTGGTGAGGCCTGGGTCTTCATTGAAGCTGTCTTGCAAGGCCTCTGGCTACCCCTTCACCAGCTACTGGATGGATTGGGTTAAGCAGAGACCTGGACAAGGCCTTGAATGGATTGGTATTATTTACTCTTTTGATAGTGAAACTGACTGCGACCAAAAGTTCAAGGACAAGGCCACATTGACTGGAGACAAATCCTCCAGCGCAGCCTACTTGCAGTTCAGCAGCCTGACATCTGAGGACTCTGTGGTCTATTACTGCGCATTTAGCCGTATTAAGGAAGGGTACTTCGATGTCTGGGGCACAGGGAGTACGGTCACCGTCTCCTCAG,AACATTGTAATGACCCTATCTCCCAGATCCATGTCCATGTCAGTAGGAGAAAGGGTCACCTTGAGCTGCAAGGCTAGTGAGAATGTGGGTACTTATGTATCCTGGTATCAGCAGAAACCTGAGCAGTCTACTAAACTTTTGTTATACGGGGCATCTAACCGGTTCCCTGGGATCCCTGATCGCTTCGCAGGCAGTGGATTTGGAGCAGATGTCACTCTGACCAGCAGCAGTCTGCAGATTGAAGACCTTGCAAATTATCACTGTGGACAGGCTTCCAGCTATCTTCTCTATATGTTCGGATCGGGGACCAAGCCGGAATTAAGAC,1
Seq71_Grp71_IGHV1-61*01_rIGHD1-2*01_IGHJ1*03_IGKV6-29*01_IGKJ2*03,CAGGTCCAACCGCTGCAACCTGGGGCTGAGCTGGTGAGGCCTGGGTCTTCAGTGAAGCTGTCCTGCAAGGCTTCCGGATACACCTTCACCAGCTCCTGGATGGATTGGGTGAAGCAGAGACCTGGACAAGGCCTTGAATGGATTGGTAACATTTACCCATCTGATAGTGAAACTGACTACGAACAAAAGTTCAAGGACAAAGCCACATTGACCGAAGGCAAATCCTCCAGCACAGCCTACTTGCTGTTCAGCAGCCTGACATCTGAGGACTCTGTGGTTAATTACTGTGCATTTAGCCGTTGTAAGGAAGGGTACTTAGGTGTCTGGGGCACAGGGACCACGGTCACCATCTTCTCAG,AACATTGTTATGACCCAATCTCCGCAATCCCTGTCCATGTCAGTAGGAGAAAGAGTCACCTTGAGCTGTAAGGCCAGTGAGAATGTGGGTACTTATGTGTGCTGGTATGAACAGAAACCAGAGCAGTCTCTTAAACTTCTGATATACGGGGCATCCAACCGGTTCCCTCGGGGCCCTGGTCGCTTCACAGGCAGTGGATTTGCAGCAGATTGCACTCTGACCATCAGCAGTCTGCAGACTGAAGACCTTGCAGATTATCTCTGTGGACAGGGTTACAGCTATCTTCCCTATACGTTCGGATCGGGAATCAGGCTGGAATTAAGAT,1
Seq72_Grp72_IGHV1-61*01_rIGHD1-2*01_IGHJ1*03_IGKV6-29*01_IGKJ2*03,CAGGTCCAACCGCTGCAACCTGGGGCTGAGCTGGTGAGGCCTGGGTCTTCAGTGAAGCTGTCCTGCAAGGCATCCGGATACACCTTCACCAGCTCCTGGAGGGATTGGGTGAAGCAGAGACCTGGACAAGGCGTTGAATGGATTGGTAACATTTACGCATCTGATAGTGAAACTGACTACGAACAAAAGTTCAAGAACAAAGCCACATTGACCGAAGACAAATCCTCCAGCACAGCCTACTTGCTGTTCAGCAGCCTGACATCTGAGGACTCTGTGGTTAATTACTGTGCATTTAGCCGTTGTAAGGAAGGGTACTTAGGTGTCTGGGGCACAGGGACCACGGTCACCATCTTCTTAG,AACATTGTTATGACCCAATCTCCGCAATTCCTGTCCATGTCAGTAGGAGAAAGAGTCACCTTGAGCTGTAAGGCCAGTGAGAATGTAGGTATTTATGTGTGCCGGTATGAACAGAAACCAGAGCAGTCTCTTAAACTTCTGATATACGGGGCATCCAACCGGTTCCCTCGGGGCCCTGGTCGCTTCACAGGCAGTGGATTTGCAGCAGATTGCACTCTGACCATCAGCAGTCTGCAGACTGAAGACCTTGCAGATCATCTCTGTGGACAGGGTTACTGCTATCTTCCCTATACGTTCGGATCGGGAATCAGGCTGGAATTAAGAT,1
Seq73_Grp73_IGHV1-69*01_IGHD5-1*01_IGHJ2*02_IGLV2*02_IGLJ3P*01,CAGGTCCAACTGCAGCAGCCTGGGGCTGAGCTTGTGATGCCTGGGGCTTCAGTGAAGCTGTCCTGCAAGGCTTCTGGCTACACCTTCACCAGCTACTGGATGCACTGGGTGAAGCAGAGGCCTGGACAAGGCCTTGAGTGGATCGGAGAGATTGATCCTTCTGATAGTTATACTAACTACAATCAAAAGTTCAAGGGCAAGTCCACATTGACTGTAGACAAATCCTCCAGCACAGCCTACATGCAGCTCAGCAGCCTGACATCTGAGGACTCTGCGGTCTATTACTGTGCAAGAGGAGGGGGGGAGTACTTTGACTACTGGGGCCAAGGCACCTCTCTCACAGTCTCCTCAG,CAGGCTGTTGTGACTCAGGAATCTGCACTCACCACATCACCTGGTGGAACAGTCATACTCACTTGTCGCTCAAGTACTGGGGCTGTTACAACTAGTAACTATGCCAACTGGGTCCAAGAAAAACCAGATCATTTATTCACTGGTCTAATAGGTGGTACCAGCAACCGAGCTCCAGGTGTTCCTGTCAGATTCTCAGGCTCCCTGATTGGAGACAAGGCTGCCCTCACCATCACAGGGGCACAGACTGAGGATGATGCAATGTATTTCTGTGCTCTATGGTACAGCACCCATTTCATTTCCTCAAATGGCCTATTGTATGCAGGAG,1
Seq74_Grp74_IGHV1-69*01_IGHD5-1*01_IGHJ2*02_IGLV2*02_IGLJ3P*01,CAGGTCCAACTGCAGCAGCCTGGGGCTGAGCTTGTGATGCCTGGGGCTTCAGTGAAGCTGTCCTGCAAGGCTTCTGGCTACACCTTCACCAGCTACTGGATGCACTGGGTGAAGCAGAGGCCTGGACAAGGCCTTGAGAGGATCGGAGAGATTGATCCCTTCGATAGTCATACTAACTACAATCAAAAGTTCAAGGGCAAGTCCACATTGACTGTAGACAAATCCTCCAGCACAGCCTACATGCAGCTCAGCAGCCTGACATCTGAGGACTCTGCGGTCTATTACTGTGCACGAGGAGGGGGGCAGTACTTTGACTACTGGGGCCAAGGCACCTCTCTCACAGTCTCCTCAG,CAGGCTGTTGTGACTCAGGAATCTGCACTCACCACATCACCTGGTGGAACAGTCATACTCACTTGTCGCTCAAGTACTGGGGCTGTTACAACTAGTAACTATGCCAACTGGGTCCAAGAAAAACCAGATCATTTGTTCACTGGTCCCATAGGTGGTACCAGCAACCGAGCTCCAGGTGTTCCTGTCAGATTCTCAGGCTCCCTGATTGGAGACAAGGCTGCCCTCACCATCACAGGGGCACAGACTGAGGATGATGCAATGTATCTCTGTGCTCTATGGTACAGCGCCCATTTCATTTCCTCAAATGGCTTATTGTATGCCGGAG,1
Seq75_Grp75_IGHV1-69*01_IGHD5-1*01_IGHJ2*02_IGLV2*02_IGLJ3P*01,CAGGTCCAACTGCAGCAGCCTGGGGCTGAGCTTGTGATGCCTGGGGCTTCAGTGAAGCTGTCCTGCAAGGCTTCTTGCTACACCTTCACCAGCTACTGGATGCACAGGGTGAAGCAGAGGCCTGGACAAGGCCTTGAGAGGATCGGAGGGATTGATCCCTTCGATAATCATACTGACTACAATCAAAAGTTCAAGGGCGAGTCCACATTGACTGTAGACAAATCCTCCAGCACAGCCTACATGCAGTTCAGCAGCCTGACATCTGAGGACTCTGCGGTCTATTACTGTGCACGAGGAGGGGGGCAGTACTTTGACTACTGGGGCCAAGGCACCTCTCTCACAGTCTCCTCAG,CAGGCTGTTGTGACTCAGGAATCTGTACTCACCACATCACCTGATGGAAGAGTCATACTCACTTGTCGCTCCAGTACTGGGGCTGTTACGACTAGTAACTATGCCAACTGGGTCCAAGAAAAACCAGATCATTTGTTCACTGGTCCCATAGGTGGTACCAGCAACCGAGCTCCAGGTGTTCCTGTCAGATTCTCAGGCTCCCTGATTGGAGACAAGGCTGCCCTCACCATCACAGGGGCACAAACTGAGGATGATGCAATGTATCTCTGTGCTCTATGGTACAGTGCCCATTTCATTTCCTCAAATGGCTTATTGTATGCCGGAG,1
Seq76_Grp76_IGHV1-69*01_IGHD5-1*01_IGHJ2*02_IGLV2*02_IGLJ3P*01,CAGGTCCAACTGCAGCAGCCTGGGGCTGAGCTTGTGATGCCTGGGGCTTCAGTGAAACTGTCCTGCAAGGCTTCTGGCTACACCTTCACCAGCTACTGGATGCACTGGGTGAAGCAGAGGCCTGGACAAGGCCTTGAGAAGATCGGAGAGATTGATCCCGCCGATAGTCATACTAACTACAATCAAAAGTTCGAGGGCAAGTCCACATTGACTGTAGACAAATCCTCCAGCACAGCCTACATTCAGCTCAGCAGCCTGACATCTGAGGACTCTGCGGTCTATTACTGTGCACGAGGAGGGGGGCAGTACTTTGACTACTGGGGCCGAGGCACCTCTCTCACAGTCTCCTCAG,CAGGCTGTAGTGACTCAGGAATCTGCACTCACCACAACACCTGGTGAAACAGTCATACTCACTTGTCGCTCAAGTACTGGGGCTGTTACAACTAGTAACTATGCCAACTGGGTCCAAGATAAACCAGATCATTTGTTCACTGGTCCCATAGGTGGTACCAGCAACCGAGCTCCAGGTGTTCCTGTCAGATTCTCAGGCTCCCTGATTAGAGACAAGGCTGCCCTCACCATTACAGGGGCACAGACTGAGGATGATGCAATGTATCTCTGTGCTCTATGGTACAGCGCCCATTTCATTTCCTCAAACGGCTTATTGTATGCCGGAG,1
Seq77_Grp77_IGHV1-69*01_IGHD5-1*01_IGHJ2*02_IGLV2*02_IGLJ3P*01,CAGGTCCAGCTGCAGCAGCCTGGGGCTGAGCTTGTGATGCCTGGGGCTACAGTGACACTGTCCTGCAAGGCTTCTGGCTACACCTTCACCAGCTACTGGATGCACTGGGTGAAGCATAGGCCTGGACAAGGCCTTGAGAAGATCGGAGAGATTGATCCCGCCGATAGTCATACTAACCACAATCAAAAGTTCGAGGGCAAGTCCTCATTGACTGTAGACAAATCCTCCAGCACAGCCTACATTCAGCTCAGCAGCCTGACATCTGAGGACTCTGCGGTCTATTACTGTGCACGAGGATGGGGGCAGTACTTTGACTACTGGGGCCGAGGCACCTCTCTCACAGTCTCCTCAG,CAGGCTGTAGTGACTCAGGAATCTGCACTCACCACAACACCTGGTGAAACAGTCATACTCACTTGTCATTCAAGTACTGGGGCTGTTACAACTAGTAACTATGCCAACTGGGTCCAAGATATACCAGATCATTTGTTCACTGGTCCCATAGGTGGTACCAGCAACCGAGCTCCAGGTGTTCCTGTCAGATTCGCAGGCTCCCTGATTAGAGACAAGGCTTCCCTCACCATTACAGGGGCACAGACTGAGGATGATGCAATGTATCTCTGTGCTCTATGGTACAGCGCCCATTTCATGTCCTCAAACGACTTATTGTATGCCGGAG,1
Seq78_Grp78_IGHV1-69*01_IGHD5-1*01_IGHJ2*02_IGLV2*02_IGLJ3P*01,CAGGTCCAAGTGCAGCAGCCTGGGGCTGAGCTTGCGATGCCTGGGGATTCAGTGAAGCTGCCCTGCAAGGCTTCTGGCTACACCTTCACCAGCTACTGGATGCACTGGGTGAAGCAGAGGCCTGGACAAGGCCTTGGGAGGATCGGAGAGATTGATCCCTTCGATAGTCATACTAACTACAATCAAAAGTTCAAGCGCAAGTCCACATTGACTGTAGACAAATCCTCCAGCACAGCCTACATGCAGCTCAGCAGCCTGACATCTGAGGACTCTGCGGTCTATTACTGTGCCCGAGGAGGGGGGCAGTACTTTGACTACTGGGGCCAAGGCACCTCTCTCACAGTCTCCTCAG,CAGGCTGTTGTGACTCAGGAATCTGCACTCACCACATCACCTGGTGGAACAGTCGTACTCACTTGTCGCTCAAGTACTGGGCCCGTTACAAGTAGTAACTATGCCAACTGGGTCCAAGAAAAACCAGATCATTTGTTCACTGGTCCCATAGGTGGTACCAGCAACCGAGCTCCAGGTGTTCCTGTCAGATTCTCAGGTTCCCTGATTGGAGACAGGGCTGCCCTCACCATCACAGGGGCGCAGACTGAGGATGATGCAATGTATCTCTGTGCTCTATGGTACAGCGCCCATTTCATTTCCTCAAATGGCTTATTGTATGCCGGAG,1
Seq79_Grp79_IGHV1-69*01_IGHD5-1*01_IGHJ2*02_IGLV2*02_IGLJ3P*01,CAGGTCCAAGTGCAGCAGCCTGGGGCTGAGCTTGCGATGCCTGGGGATTCAGTGAAGCTGCCCTGCAAGGCTTCTAGTTACACCTTCACCAGCTGCTGGATGCACTGGGTGAAGCAGAGGCCTGGACAAGGCCTTGGGAGGATCGGAGTGATTGAGCCCTTCGATAGTCACACTAACTACAATCAAAAGTTCAAGCGCAAGTCCACATTGACTGTCGACAAATCCTCCAGCACAGCCTACATGCAGCTCAGCAGCCTGACATCTGAGGACTCTGCGGTCTATTACTGTGCCCGAGGAGGGGGGCAGTACTTTGACTACTGGGGCCAAGGCACCTCTCTCACAGTCTCCTCAG,AAGGCTGTTGTGACTCAGGAATCTGCACTCACCACATCACCTGGTGGATCAGTCGTACTCACTTGTCGCTCAAGTGCTGGGCCCGTTACAAGTAGTAACTATGCCAACTGGGTCCGAGAAAAACCAGATCATTTGTTCACTGGTCCCATAGGTGGTACCAGCAACCGAGCTCCAGGCGTTCCTGTCAGATTCTTAGGTTCCCTGATTGGACACAGGGCTGCCCTCACCATCACAGGGGCGCAGACTGAGGATGATGCAATGTATCTCTGTGCTCTATGGTACAGCGCCCATTTCATTTCCTCAAATGGCTTATTGTATGCCGGAG,1
Seq80_Grp80_IGHV1-69*01_IGHD5-1*01_IGHJ2*02_IGLV2*02_IGLJ3P*01,CAGGTCCAAGTGCAGCAGCCTGGGGCTGAGCTTGCGATGCCTGGGGATTCAATGAAGCTGCCCTGCAAGGCTTCTAGTTACACCTTCACCAGCTGCTGGATGCACTGGGTGAAGCAGAGGCCTGGACAAGGCCTGGGGAGGATCGGAGTGAATGAGCCCTTCGATAGTCACACTAACTACAATCTAAAGTTCAAGCGCAAGTCCACGTTGACTGTCGACAAATCCTCCAGCACAGCCTACATGCAGCTCAGCAGCCCGACATCTGAGGACTCTGCGGTCTATTACTGTGCCCGAGGAGGGGGGCAGTACTTTGACTACTGGGGCCAAGGCACCTCTCACACAGTCTCCTCAG,AAGGCTGTTGTGATTCAGGAATCTGCACTCACCACATCACCTGGTGGATCAGTCGTACTCACTTGTCGCCCAAGTGCTGGGCCCGTTACAAGTAGTAACTATGCCAACTGGGTCCGAGAAAAACCAGATCATTTGTTCACTGGTCCCATAGGTGGTACCAGCAACCGAGCTCCAGGCGTTCCTATCAGATTCTTAGGTTCCCTGATTGGACACTGGGTCGCCCTCACCATCACAGGGGCGCAGACTGAGGATGACGCAATGTATCTCTGTGCTCTATGGTACAGCGCCCATTTCATTTCCTCAAATGGCTTATTGTATGCCGGAG,1
Seq81_Grp81_IGHV1-69*01_IGHD5-1*01_IGHJ2*02_IGLV2*02_IGLJ3P*01,CAGGTCCAAGTGCAGCAGCCTGGGGCTGAGCTTGCGATGCCTGGGTATTCAATGAAGCTGCTCTGCAAGGCTCCTAGTTACACCTTCACCAGCTGCTGGATGCACTGGGTGAAGCAGAGGCCTGGACAAGGCCTGGGGAGGATCGGAGTGAATGAGCCCTTCGATAGTCACACTAACTACAATCTAAAGTTCAAGCGCAAGTCCACGTTGACTCTCGACAAATCCTCCAGCACAGCCTACATGCAGCTCAGCAGCCCGACATCTGAGGACTTTGCGGTCTATTACTGTGCCCGAGGAGGGGGGCAGTACTTTGACTACTGGGGCCAAAGCACCTCTCATACAGTCTCCTCAG,AAGGCTGTTGTGATTCAGGAATCTGCACTCACCAAATCACCTGGTGGATCAGTCGTACTCACTTGTCGCCCAGGTGCTGGGCCCGTTACAAGTAGTAACTATGCCAACTGGGTCCGAGAAAAACCAGATCATTTGTTCACTGATCCCATAGGTGGTACCAGCAACCGAGCTCCAGACGTTCCTATCAGATTCTTAGGTTCCCTGATTAGACACTGGGTCGCGCTCACCATCACAGGGGCGCAGACTGAGGATGACGCAATGTATCTCTGTGCTCTATGGTCCAGCGCCCATTTCATTTCCTCAAATGGCTTATTGTATGCCGGAG,1
Seq82_Grp82_IGHV2-6-6*01_IGHD6-2*01_IGHJ2*02_IGKV9-123*01_IGKJ2*01,CAGGTGCAGCTGAAGGAGTCAGGACCTGGCCTCGTTGCGCCCTCACAGAGCCTGTCCATCACATGCACTGTCTCTGGTTTCTCATTAACCAACTCTGGTGTACACTGGGTTCGCCAGTCTCCAGGAAAGGGTCTGGAGTGGCTGGGAGTAATATGGGGTGATGGAAGCACAAATTATAATTCAGCTTTCAAATCCAGACTGAGCATCAGCAAGGACAATTCCAAGAGTCAAGTTTTCTTAAAAATGAACAGTCTGCAAACTGATGACACAGCCAGGTACTACTGTGCCAAACCTAGTCTCTGCAGTGCCACAACCTCCCCCCCCTACTTTGACTACTGGGGCCAAGGCACCTCTCTCACAGTCTCCTCAG,GACATCCAGATGATTCAGTCTCCATCGTCCATGTTTGCCTCTCTGGGAGACAGAGTCAGTCTCTCTTGTCGGGCTAGTCAGGGCATTAGAGGTAATTTAGACTGGTATCAGCAGAAACCAGGTGGAACTATTAAACTCCTGATCTACTCCACATCCAATTTAAATTCTGGTGTCCCATCAAGGTTCAGTGGCAGTGGGTCTGGGTCAGATTATTCTCTCACCATCAGCAGCCTAGAGTCTGAAGATTTTGCAGACTATTACTGTCTACAGCGTAATGCGTATCCTCCCACGTTCGGAGGGGGGACCAAGCTGGAAATAAAAC,1
Seq83_Grp83_IGHV2-6-6*01_IGHD6-2*01_IGHJ2*02_IGKV9-123*01_IGKJ2*01,CAGGGGCAGCTGAAGGAGTCAGGACCTGGCCTCGTTGCGCTCTCACAGAGCCTGTCCATCACATGCACTGTCTCTGGTCTCTCATTAACCAACTCTAGTGTACACTGGGTTCGCCAGTCTCCAGGAAAGGGTCTGGAGTGGCTGGGAGTAATATGGGGTGATGGAAGCACAAATTATAATTCAGCTTTCAAATCCAGACTGAACATCAGCAAGGACAATTCCAAGAGTCAAGTTTTCTTAAAAATGAACAGTCTGCAAACTGATGACACAGCCAGGTACTGCTGTGCCAAGCCTAGTCTCTGCAGTGCCACAACCTCCCCCCCCTACTTTGACTACTGGGGCCAAGGCACCTCTCTCACAGTCTCCTCAG,GACATCCAGATGATTAAGTTTCCATCGTCCATGTTTGCCTCTCTGGGAGACAGAGTCAGTCTCTCTTGTCGGGCTAGTCAGGGCATTAGAGGTAATGTAGACTGGTATCATCAGAAACCAGGTGGAACTATTAAACTCCTGATCTACTCCACGTCCAATTTAAATTCTGGTGTCCCATCAAGGTTCAGTGGCAGTGGGTCTGGGTCAGATTATTCTCTCACCATCAGCAGCCTAGTGTCTGAAGATTTTGCAGACTATTACTGTCTACAGCGTAATGCGTATCCTCCCACGTTCGGAGGGGGGACCAAGCTGGAAATAAAAC,1
Seq84_Grp84_IGHV2-6-6*01_IGHD6-2*01_IGHJ2*02_IGKV9-123*01_IGKJ2*01,CAGGGGCAGCTGAAGGAGTCAGGACCTGGCCTCGTTGCGCTCTCACAGAGCCTGTCCATCACATGCACTGTCTCTGGTCTCTCAATATCCAACTCTAGTGTTCACTGGGTTCGCCAGTCTCCAGGAAAGGGTCTGGAGTGGCTGGGAGTAATATGGGGTCATGGAAGCACAACTTATAATTCAGCTTTCAAATCCAGACTGAACATCAGCAAGGACAATTCCAAGAGTCAAGTTTTCTTAAAAGTGAACAGTCTGCAAACTGATGACACAGCCAGGTACTGCTGTGCCAAGCCTAGGCTCTGCAGTGCCACAACCTCCCCCCCCTACTTTGACTACTGGGGCCAAGGCACCTCTCTCACAGTCTCCTCAG,GACATCCAGATGATTAAGTTTCCATCGTCCATGTTTGCCTCTCTGGGAGACAGAGTCAGTCTCTCTTGTCGGGCTAGTCAGGCCATTAGAGGTAATGTAGACTGGTATCATCAGAAACCAGGTGGAACTATTAAACTCCTGATCTACTCCACGTCCAATTTAAATTCTGGTGTCCCATCAAGGTTCAGTGGCAGTGGGTCTGGGCCAGATTATCCTCTCACCATCAGCAGCCTAGTGTCTGAAGTTTTTGCAGATTATTACTGTCTACAGCGTAATGCGTATCCTCCCACGTTCGGAGGGGGGACCAAGCTGGAGATAAAAC,1
Seq85_Grp85_IGHV2-6-6*01_IGHD6-2*01_IGHJ2*02_IGKV9-123*01_IGKJ2*01,CAGGGGCAGCTGAAGGAGTCAGGACCTGGCCTCGTTGCGCTTTCGCAGAGCCTGTCCATCACATGCACTGTCTATGGTCTCTCAATATCCAACTCTAGTGTTCACTGGGTTCGCCAGTCTCCTGGAAAGGGTCTGGAGTGGCTGGGAGTAATGTGGGGTCATGGAAGCACAACTTATAATTCAGCTTTCAAATCCAGACTGAACATCAGCAAGGACAATTCCAGGAGTCAAGTTTTCTTAAAAGTGAACAGTCTGCAAACTGATGACACAGCCAGGTACTGCTGTGCCAAGCCTAGGCTCTGCAGTGCCAGAACCTCCCCCCCCTACTTTGACTACTGGGGCCAAGGCACCTCTCTCACAGTCTCCTCAG,GACATCCAGATGATTAAGTTTCCATCGTTCATGTTTGCCTCTCTGGGAGACAGAGTCAGTCTCTCTTGTCGGGCTAGTCAGGCCATTAGAGGTAATGTAGACTGGTATCATCAGAAACCAGGTGGAACTATTAAACTCCTGATCTACTCCGCGTCCAATTTAAATTCTGGTGTCCCATCAAGGTTCAGTGGCAGTGGGTCTGGGCCAGATTATCCTCTCACCATCGGCAGCCTAGTTTCTGAAGTTTTAGCAGATTATTACTGTCTACAGCGTAACGCGTATCCTCCCACGTTCGGAGGGGGGACCAAGCTGGAGATAAAAC,1
Seq86_Grp86_IGHV2-6-6*01_IGHD6-2*01_IGHJ2*02_IGKV9-123*01_IGKJ2*01,CAGGGGCAGCTGAAGGAGTTAGGACCTGGCCGCGTTGCGCTTTCGCAGAGCCTGTCCATCACATGCACTATCTATGGTCTCTCAATATCCAACTCTAGTGTTCACTGGGTTCGCCAGTCTCCTGGAAAGGGTCTAGAATGGCTGGGAATAATGTGGGGTCATGGAAGCACAACTTATAATTCAGCTTTCAAATCCAGACTGAACATCAGCAAGGACAATTCCAGGAGTCAAGTTTTCTTAAAAATGAACAGTCTGCAAACTGATGACACAGCCAGGTACTGCTGTGCCAAGCCTAGGCTCTGCAGTGCCAGAACCTCCCCCCCCTACTTTGACTACTGGGGCCAAGGCACCTCTCTCACAGTCTCCTCAG,GACATCCAGATGATTAAGTTTCCATCGTCCATGTTTGCCTCTCTGGGAGACAGAGTCAGTCTATCTTGTCGGGCTAGTAAGGCCATTAGAGGTAATGTAGACTGGTATCATCAGAAACCAGGTGGAACTATTAAACGCCTGATCTACTCCGCGTTCAATTTAAATTCTGGTGTCCCATCAAGGTTCAGTGGCAGTGGGTCTGGGCCAGATTATCCTCTCACCATCGGCAGCCTAGTTTCTGAAGTTTTAGCAGATTATTACTGTCTACAGCGTAACGCGTATCCTCCCACGTTCGGAGGGTGGACCAAGCTGGAGATAAAAC,1
Seq87_Grp87_IGHV2-6-6*01_IGHD6-2*01_IGHJ2*02_IGKV9-123*01_IGKJ2*01,CAGGTGCAGCTGAAGGAGTCAGGGCCTGGCCTCGTTGCGCCCTCACAGAGCCTGTCCATCACATGCACTGTCTCTGGTTTCTCATTAACCAACTCTGGTGTACACTGGGTTCGCCAGTCTCCAGGAAAGGGGCTGGAGTGGCTGGGAGTAATATGGGGTGATGGAAGCACAAATTATAATTCAGCTTTCAAATCCAGACTGAGCATCAGCAAGGACAATTCCAAGAGTCAATTTTTCTTAAAATTGAACAGTCTGCAAACTGATGACACAGCCAGGTACTACTGTGCCAAACCTAGTCTCTGCAGTGCCACAACCTCCCCCCCCTACTTTGACTACTGGGGCCGAGGCACCTCTCTCATAGTCTCCCCAG,GACATCCAGATGATTCAGTCTCCATCGTCCATGTTTCCCTCTCTGGGAGACAGAGTCAGTCGCTCTTGTCGGGCTAGCCAGGGAATTAGAGGTAATTTAGACTGGTATCAGCAGAAACCAGGTGGAACTATTAAACTCCTGATCTACTCCACATCCAATTTAAATTCTGGTGTCCCATCAAGGTTCAGTGGTAGTGGGTCTGGGTCAGATTATTCTCTCACCATCAGCAGCCTAGAGTCTGAAGATTTTGCAGACTATTACTGTCTACAGCGTAATGCGTATCCTCCCACGTTCGGAGGGGGGACCAACCTGGAAATAAAAC,1
Seq88_Grp88_IGHV2-6-6*01_IGHD6-2*01_IGHJ2*02_IGKV9-123*01_IGKJ2*01,CAGGTGCAGCTGAAGGAGTCAGGGCCTGGCCTCGTTGCGCCCTCACAGAGCCTGTCCATCACATGCACTGTCTCTGGTTTCTCATTAACCAACTCTGGTGCACACTGGGTCCGCCAGTCTCCAGGAAAGGGTCTGGAGTGGCTGGGAGTAATATGGGGTGATGGAAGCACAAATTATAATTCAGCTTTCAAATCCAGACTGAGCATCAGCAAGGACAATCCCAAGAGTCAATTTTTCTTAAAATTGTACAGCCTGCAAACTGATGATACAGCCAGGTACTACTGTGCCAAACCTAGTCTCTGCAGTGCCACAACCTCCCCCCCCTACTTTGACTACTGGGGCCGAGGCACCTCTCTCATAGTCTCCCCAG,GACATCCAGATGAATCAGTATCCATCGTCCATGTTTCCCTCTCTGGGAGACAGAGTGAGTCGCTCTTGTCGGGCTAGCCAGGGAATTAGAGGTAATTTAGACTGGTATCAGCAGAAACCAGGTGGAACTATTAAACTCCTGATCTACTCCACATCCAATTTAAATTCTGGTGTCCCATCAAGGTTCAGTGGTAGTGGGTCTGGGTCAGATTATTCTCTCACCATCAGCAGCCTAGAGTCTGAAGGTTTTGGAGACTATTACTGTCTACAGCGTAATGAGTATCCTCCCACGTTCGGAGGGGGGACCAACCTGGAAATAAAAC,1
Seq89_Grp89_IGHV2-6-6*01_IGHD6-2*01_IGHJ2*02_IGKV9-123*01_IGKJ2*01,CAGGGGCAGCTGAAGGAGTCAGGACCTGGCCTCGTTGCGCTCTCACCGAGCCTGTCCATCACATGCACTGTCTCTGGTCTCTCAATATCCAACTCTAGTGTTCACTGGGTTCGCCAGTCTCCAGGAAAGGGTCTGGAGTGGCTGGGAGTAATATGGGGTCATGGAAGCACAACTTATAATTCAGCTTTCAAATCCAGACTAAACATCAGCAAGGACAATTCCAGGAGTCAAGTTTTCTTAAAAGTGAACAGTCTGCAAACTGATGACACAGCCAGGTACTGCTGTGCCAAGCCTAGGCTCTACAGTGCCACAACCTTCCCCTCCTACTTTGACTACTGGGGCCAAGGCACCTCTCTCATAGTCTCCTCAG,GGCATCCAGATGATTAAGTTTCCATCGTCCATGTTTGCCTCGCTGGGAGACAGAGTCAGTCTCTCTTGTCGGGCTAGTCAGGCCATTAGAGGTAGTGTAGACTGGTATCATCAGAAACCAGGTGGAACTATTAAACTCCTGATCTACTCCACGTCCAATTTAAATTCTGGTGTCCCATCAAGGTTCAGTGGCAGTGGGTCTGGGCCAGATTATCCTCTCACCATCAGCAGCCTAGTGTCTGAAGTTTTTGCAGATTATTGCTGTCTACAGCGTAATGCGTATCCTCCCACGTTCGGAGGGGGGACCAGGCGGGAGATAAAAC,1
Seq90_Grp90_IGHV2-6-6*01_IGHD6-2*01_IGHJ2*02_IGKV9-123*01_IGKJ2*01,CAGGGGCAGCTGAAGGAGTCAGGACCTGGCCTCGTTGCGCTCTCACCGAGCCTGTCCATCACATGCACTGTCTCTGGTCTCTCAATATCCAACCCTAGTGTTCACTGGGTTCGCCAGTCTCCAGGAAAGGCTCCGGAGTGGCTGGGAGTAATATGGGGTCATGGAAGCACAACTTATAATTCAGCTTTCAAATCCAGACTAAACATCACCAAGGACAATTCCAGGAGTCTAGTTTTCTTAAAAGTGAACAGTCTGCTAACTGATGACACAGCCAGGTACTGCTGTGCCAAGCCTAGGCTCTACACTGCCACAACCTTCCCCTCCTACTTTGACTACTGGGGCCAAGGCACCTCTCTCATAGTCTCCTCAG,GGCATCCAGAAGATTAAGTTTCCATCGTCCATGTTTGCCTCGCTGGGAGACAGAGTCAGTCTCTCTTGTCGGGCTAGTCAGGCCATTAGAGGTAGTGTAGACTGGTATCATCAGAAACCAGGTGGAACTATTAAACTCCTGATTTACTCCACGTCCAATTTAAATTCTGGTGTCCTATCGAGGTTCAGTGGCAGTGGGTCTGGGCCAGATTATCATCTCACCATCAGCAGCCTAGTGTCTGAAGTTTTTGCAGATTATTGTTGTCTACAGCGTAATGCGTATCCTCCCACGTTCGGAGGGGGGACCAGGCGGGAGATAAAAC,1
