GroupNum,UniqueSequences,TemplateCount,L-CDR3_AminoAcid,L-V_GeneName,L-J_GeneName,TreeImageName
1,9,9,KQAYDVPP,IGKV12-38*01,IGKJ1*01,Tree.Grp1.png
2,7,7,HQRSSYHT,IGKV4-70*01,IGKJ2*03,Tree.Grp2.png
3,2,2,HRRSSYHT,IGKV4-70*01,IGKJ2*03,Tree.Grp3.png
4,9,9,AQFYSYPL,IGKV7-33*01,IGKJ2*01,Tree.Grp4.png
5,7,7,QHSWEIPLT,IGKV3-7*01,IGKJ1*02,Tree.Grp5.png
6,2,2,HRSWEIPLT,IGKV3-7*01,IGKJ1*02,Tree.Grp6.png
7,3,3,ALWYSNHFV,IGLV2*01,IGLJ4*01,Tree.Grp7.png
8,6,6,ALWYSNHFV,IGLV2*01,IGLJ4*01,Tree.Grp8.png
9,9,9,WQGTHFPQYT,IGKV1-135*01,IGKJ2*03,Tree.Grp9.png
10,9,9,AQMLERPPPT,IGKV2-109*03,IGKJ1*02,Tree.Grp10.png
11,5,5,ALWYSTHFRWV,IGLV2*02,IGLJ4*01|IGLJ5*01,Tree.Grp11.png
12,2,2,ALWYSTHFRWV,IGLV2*02,IGLJ4*01|IGLJ5*01,Tree.Grp12.png
13,2,2,ALWYGTHFRWV,IGLV2*02,IGLJ4*01|IGLJ5*01,Tree.Grp13.png
14,9,9,GVDDNIRGQFVV,IGLV3*01,IGLJ4*01|IGLJ5*01,Tree.Grp14.png
15,5,5,ALWYSNHFGEGSFSSNGL,IGLV2*01,IGLJ3P*01,Tree.Grp15.png
16,4,4,ALGYSNHFEEGSFSSNGL,IGLV2*01,IGLJ3P*01,Tree.Grp16.png
