SeqName;Seq;TemplateCount
Seq001_Grp001_IGHV4-30-4*05_rIGHD6-19*01_IGHJ4*03_Len(228|2|15|13|41)_Del(0|0|6|7);CTCTGGTGGCTCCATCAGCAGTGGTGATTACTACTGGAGTTGGATCCGCCAGCNCCCAGGGAAGGGCCTGGAGTGGATTGGGTACATCTATTACAGTGGGAGCACCTACTACAACCCGTCCCTCAAGAGTCGAGTCACCATATCAGTAGACACGTCCAAGAACCAGTTCTCCCTGAAGCTGAGCTCTGTGACTGCCGCAGACACGGCCGTGTATTACTGTGCCAGAGAGAGTACCAGCCACTGCTGGTGGGGGGCCGGTGACTACTGGGGCCAAGGGACCCTGGTCACCGTCTCCTCAG;50
Seq002_Grp002_IGHV4-30-4*05_rIGHD6-19*01_IGHJ4*03_Len(228|2|15|13|41)_Del(0|0|6|7);CTATGGTGGCTCCATCAGCAGTGGTGATTACTACTGGAGTTGGATCCGCCAGCNCCCAGGGAAGGGCCTGGAGTGGATTGGGTACATCTATTACAGTGGGAGCACCTACTACTACCCGTCCCTCAAGAGTCGAGTCACCATATCAGTAGACACGTCCAAGAACCAGTTCTCCCTGGAGCTGAGCTCTGTGACTGCCGCAGACACGGCCGTGTATTACTGTGCCAGAGAGAGTACCAGCCACTGCTGGTGGGGGGCCGGTGACTACTGGGGCCAAGGGACCCTGGTCCCTGTGTCCTCAG;40
Seq003_Grp003_IGHV4-30-4*05_rIGHD6-19*01_IGHJ4*03_Len(228|2|15|13|41)_Del(0|0|6|7);CTATGGTGGCTCCATCAGCAGTGGTGATTACTACGGGAGTTGGATGCGCCAGGNCCCAGGGAAGGGCCTGGAGTGGATTGAGTACATCTATTACAGTGGGAGCACTTACTACTACCCGTCCCTCAAGAGTCGAGTCACCATATCAGTAGACACGTCCAAGAACCAGTTCTCCCTGGAGCTGAGCTCTGTGACTGCCGCAGACACGGCCGTGTATTACTGTGCCAGAGAGAGTACCAGCCACTGCTGGTGGGGGGCCGGTGACTACTGGGGCCAAGCGACCCTGGTCCCTGTGTCCTCAG;30
Seq004_Grp004_IGHV4-30-4*05_rIGHD6-19*01_IGHJ4*03_Len(228|2|15|13|41)_Del(0|0|6|7);CCATGGTGGCTCCATCGGCAGTGGTGATTACTACGGGAGTTGGATGCGCCAGGNCCCAGGGAAGGGCCTGGAGTGGATTGAGTACATCTATTACAGTGGGGGCACTTACTGCTACCCGTCCCTCAAGAGTCGAGTCACCATATCAGTAGACACGTCCAAGAACCAGTTCTCTCTGGAGCTGAGCTCTGTGACTGCCGCAGACACGGCCGTGTATTACTGTGCCAGAGAGAGTACCAGCCACTGCTGGTGGGGGGCCGGTGACTACTGGGGCCAAGCGACGCTGGTCCCTGTGTCCTCAG;20
Seq005_Grp005_IGHV4-30-4*05_rIGHD6-19*01_IGHJ4*03_Len(228|2|15|13|41)_Del(0|0|6|7);CCATGGTGGCTCCATCGGCAGTGGTGATTACTACGGGAGTTGGATGCGCCAGGNCCCAGGGAAGGGCCTGGAGTGGATTGTGTACATCTATTACAGTGGGGGCACTTACTGCTACCCGTCCCTCAAGAGTCGAGTCACCATATCAGTAGACACGTCCGAGAGCCAGTTCTCTCTGGAGCTGTGCTCTGTGACTGCCGCAGACACGGCCGTGTATTACTGTGCCAGAGAGAGTACCAGCCACTGCTGGTGGGGGGCCGGTGACTGCTGGGGCCAGGCGACGCTGGTCCCTGTGTCCTCAG;10
Seq006_Grp006_IGHV4-30-4*05_rIGHD6-19*01_IGHJ4*03_Len(228|2|15|13|41)_Del(0|0|6|7);CCATGGTGGCTCCATCGGCAGTGGTGATTACTACGGGAGTTGGATGCGCCAGGNCCCAGGGAAGGGCCTGGAGTGGATTGTGTACATCTATTACAGTGGGGGCACTTACTGCTACCCGTCCCTCAAGAGTCGAGTCACCATATCAGTAGACACGTCCGACAGCCAGTTCTCTCTGGAGCTGTGCTCTGTGACTGCCGCAGACACGGCCGTGTATTACTGTGCCAGAGAGAGTACCAGCCACTGCTGGTGGGGGGCCGATTACGGGTGGCGCCAGGCGACGCTGGTCCCTGTGTCCTCAG;50
Seq007_Grp007_IGHV4-30-4*05_rIGHD6-19*01_IGHJ4*03_Len(228|2|15|13|41)_Del(0|0|6|7);CCATGGTGGCTCCATCGACAGTGGTGATTACTACGGGAGTTGGATGCGCCAGGNCCCAGGGAAGGGCCTGGAGTGGATTGTGTACATCTATTACAGTGGGGGCACTTACTGCTACCCGTCCCTCGAGAGTCGAGTCACCATGTCAGTAGACACGTCCGACAGCCAGTTCTCTCTGGAGCTGTGCTCTGTCACTGCCGCAGACACGGCCGTGTATTACTGTGCCAGAGAGAGTACCAGCCACCGCTGGTGGGGGGCCGATTACGGGTGGCGCCAGGCGACGCGGGTCCCTGTGTCCTCAG;40
Seq008_Grp008_IGHV4-30-4*05_rIGHD6-19*01_IGHJ4*03_Len(228|2|15|13|41)_Del(0|0|6|7);CCATGGTGGCTCCATCGACAGTGGTGATTACTACGGGAGTTGGATGCGCCAGGNCCCAGGGAAGGGCCTGGAGTGGATTGTGTACATCTATTACAGTGGGGGCACTTACTGCTACCCGTCCCTCGTGAGTCGAGTTACCATGTCAGTAGCCTCGTCCGACAGCCAGTTCTCTCTGGAGCTGTGCTCTGTCACTGCCGCAGACACGGCCGTGTATTACTGTGCCAGAGAGAATACCAGCCACCGCTGGTGGGGGGCCGATTACGGGTGGCGCCAGGCGACGCGGGTACCTGTGTCCTCAG;30
Seq009_Grp009_IGHV4-30-4*05_rIGHD6-19*01_IGHJ4*03_Len(228|2|15|13|41)_Del(0|0|6|7);CCACGGTGGCTCCATCGACAGTGGTGATTACGACGGGAGTTGGATGCGCCAGGNCCCAGGGAAGGGCCTGGAGTGGATTGTGTACGTCTATTACAGTGGGGGCACTTACTGCTACCCGTCCCTCGTGAGTCGAGTTACCATGTCAGTAGCTTCGTCCGACAGCCAGTTCTCTCTGGAGCTGTGCTCTGTCACTGCCGCAGACACCGCCGTGTATTACTGTGCCAGAGAGAATACCAGCCACCGCTGGTGGGGGGCCGATTACGGGTGGCGCCAGGCGACGCGGGTGCCTGTGTCCTCAG;20
Seq010_Grp010_IGHV4-30-4*05_rIGHD6-19*01_IGHJ4*03_Len(228|2|15|13|41)_Del(0|0|6|7);CCACGGTGGCTCCATCGGCAGTGGTGATTACGACGGGAGTTGGATGCGCCAGGNCCCAGGGAAGGGCCTGGAGTGGATTGTGTACGTCTATAACAGTGGGGGCACTTACTGCTACCCGTCCCTCGTGAGTCGAGTTACCATGTCAGTAGCTTCGTCCGACGGCCAGCTCTCTCTGGAGCTGTGCTCTGTCACTGCCGCAGACACCGCCGTGTGTTACTGTGCCAGAGAGAATACCAGCCACCGCTGGTGGGGGGCCGATTACGGGTGGCGCCAGGCGACGCGGGTGCCTGTGTCCTCAG;10
Seq011_Grp011_IGHV3-20*01_rIGHD6-6*01_IGHJ6*01_Len(295|1|14|13|50)_Del(1|1|3|13);GAGGTGCAGCTGGTGGAGTCTGGGGGAGGTGTGGTACGGCCTGGGGGGTCCCTGAGACTCTCCTGTGCAGCCTCTGGATTCACCTTTGATGATTATGGCATGAGCTGGGTCCGCCAAGCTCCAGGGAAGGGGCTGGAGTGGGTCTCTGGTATTAATTGGAATGGTGGTAGCACAGGTTATGCAGACTCTGTGAAGGGCCGATTCACCATCTCCAGAGACAACGCCAAGAACTCCCTGTATCTGCAAATGAACAGTCTGAGAGCCGAGGACACGGCCTTGTATCACTGTGCGAGAGGGACGAGCTGCTATACGGGGCCGGGGCGCTACGGTATGGACGTCTGGGGGCAAGGGACCACGGTCACCGTCTCCTCAG;50
Seq012_Grp012_IGHV3-20*01_rIGHD6-6*01_IGHJ6*01_Len(295|1|14|13|50)_Del(1|1|3|13);GAGGTGCAGCTGGTGGAGTCTGGGGGAGGTGTGGTACGGCCTGGGGGGTCCCTGAGACTCTCCTGTGCCGTCTCTGGATTCATCTTTGATGATTATGGCATGAGCTGGGTCCGGCAAGCTCCAGGGAAGGGGCTGGAGTGGGTCTCTGGTATTAATTGGAATGGTGGTAGCACAGGTTATGCAGACTCTGTGAAGGGCCGATTGACCCTCTCCAGAGACAACGCCAAGAACTCCCTGTATCTGCAAATGAACAGTCTGAGAGCCGAGAACACGGCCTTGTATCACTGTGCGAGAGGGACGAGCTGCTATACGGGGCCGGGGCGCTACGGTATGGACGTCTGGGGGCAAGGGACCACGGTCACCGTCTCCTCAG;40
Seq013_Grp013_IGHV3-20*01_rIGHD6-6*01_IGHJ6*01_Len(295|1|14|13|50)_Del(1|1|3|13);GAGGTGCAGCTGGTGGAATCTCGGGGAGGTGTGGTACGGCCTGGGGGGTCCCTGAGACTCTCCTGTGCCGTCTTTGGATTCATCTTTGATGATTATGGCATGAGCTGGGTCCGGCAAGCTCCAGGGAAGGGGTTGGAGTGGGTCTCTGGTATTAATTGGAATGGTGGTAGCACAGGTTATGCAGACTCTGTGAAGGACCGATTGACCCTCTCCAGAGACAACGCCAAGAACTCCCTGTACCTGCAAATGAACAGTCTGAGAGCCGAGAACACGGCCTTGTATCACTGTGCGGGAGGGACGAGCTGCTATACGGGGCCGGGGCGCTACGGTATGGACGTCTGGGGGCAAGGGACCACGGTCACCGTCTCCTCAG;30
Seq014_Grp014_IGHV3-20*01_rIGHD6-6*01_IGHJ6*01_Len(295|1|14|13|50)_Del(1|1|3|13);GAGGTACAGCTGGTGGAATCTCGGGGAGGTGTGGTACGGCCTGGGGGGTCCCTGAGACTCTCCTGTGCCGTCTTTGGATTCATCTTTGATGATTATGGCATGAGCTGGGTCCTGCAAGCTCCAGGGAAGGGGTTGGAGTGGGTCTCTAGTATTAATTGGAATGGTGGTAGCACAGGTTATGCAGACTCTGTGAAGGACCGATTGACCCTCTCCAGCGACAACGCCAAGAACTCCCTGTACCTGCAAATGAACAGTCTGAGAGCTGAGAACACGGCCTTGTATCACTGTGCGGGAGGGACGAGCTGCTATACTGGGCCGGGGCGCTACGGTATGGACGTCTGGGGGCAAGGGACCACGGTCGCCGTCTCCTCAG;20
Seq015_Grp015_IGHV3-20*01_rIGHD6-6*01_IGHJ6*01_Len(295|1|14|13|50)_Del(1|1|3|13);GAGGTACAGCTGGTGGAATCTCGGGGAGGTGTGGTACGGCCTGGGGGGTCCCTGAGACTCTCCTGTGCCGTCTTTGGATTCATCTTTGATGATTATGGCATGAGCTGGGTCCTGCAAGCTCCAGGGCAGGGGTTGGAGTGGGTCTCTAGTATTACTTGGAATGGTGGTAGCACAGGCTATGCAGACTCTGCGAAGGGCCGATTGACCCTCTCCAGCGACAACGCCAAGATCTCCCTTTACCTGCAAATGAACAGTCTGAGAGCTGAGAACACGGCCTTGTATCACTGTGCGGGAGGGACGAGCTGCTATACTGGGCCGGGGCGCTACGGTATGGACGTCTGGGGGCAAGGGACCACGGTCGCCGTCTCCTCAG;10
Seq016_Grp016_IGHV3-20*01_rIGHD6-6*01_IGHJ6*01_Len(295|1|14|13|50)_Del(1|1|3|13);GAGGTACAGCTGGTGGAATCTCGGGGAGGTTTGCTACGGCCTGGGGGGTCCCTAAGACTCTCCTGTGCCGTCTTTGGATTCATCTTTGATGATTATGGCATGAGCTGGGTCCTGCAAGCTCCAGGGCAGGGGTTGGAGTGGGTCTCTAGTATTACTTGGAATGGTGGCAGCACAGGCTATGCAGACTCTGCGAAGGGCCGATTGACCCTCTCCAGCGACAACGCCAAGATCTCCCTTTACCTGCAAATGAACAGTCTGAGAGCTGAGAACACGGCCTTGTATCACTGTGCGGGGGGGACGAGCTGCTATACTGGGCCGGGGCGCTGCGGTATGGACGTCTGGGGGCAAGGGACCACGCTCGCCGTCTCCTCAG;50
Seq017_Grp017_IGHV3-20*01_rIGHD6-6*01_IGHJ6*01_Len(295|1|14|13|50)_Del(1|1|3|13);GAGGTACAGCTGGTGGAATCTCGGGGAGGTTCGCTACGGCCTGGGGGGTCCCTAAGACTCTTCTGTGCCGTCCTTGGATTCATCTTTGATGATTATGGCATGAGCTGGGTCCTGCAAGCTCCAGGGCAGGGGTTGGAGTGGGTCTCTAGTATTACTTGGAATGGTGGCAGCACAGGCTATGCAGACTCTGCGAAGGGGCGATTGACCCTCTCCAGCGACAACGCCAAGATCTCCCTTTACCTGCAAATGAACAGTCTGAGAGCTGAGAACACGGCCTTGTATCACTGTGCGGGGGGGACGAGCTGCTATACTGGGCCGGGGCGCTGTTGTATGGACATCTGGGGGCAAGGGACCACGCTCGCCGTCTCCTCAG;40
Seq018_Grp018_IGHV3-20*01_rIGHD6-6*01_IGHJ6*01_Len(295|1|14|13|50)_Del(1|1|3|13);GAGGTGCAGCTGGTGGAGTCTGGGGGAGGTGTGGTACGGCCTGGGGGGTCCCTGAGACTCTCCTGTGCCGTCTCTGGATTCATCTTTTACGATTATGGCATGAGCTGGGTCCGGCAAACTCCAGGGAAGGGGCTGGAGTGGGTCTCTGGTATTAATTGGAATAGTGGTAGCACAGGTTATGCGGACTCTGTGAAGGGCCGATTGACCCTCTCCAGAGACAACGCCAAGAACTCCCTGTATCTGCAAATGAACAGTCTGAGAGCCGAGAACACGGCCTTGTATCACTGCGCGAGAGGGACGAGCTGCTATACGGGGCCGAGGCGCTACGGTATGGACGTCTGGGGGCAAGGGACCACGGTCACCGTCTCCTCAG;30
Seq019_Grp019_IGHV3-20*01_rIGHD6-6*01_IGHJ6*01_Len(295|1|14|13|50)_Del(1|1|3|13);GAGGTGCAGCTGGTGGAGTCTGGGAGAGGTGTGGTACGGCCTGGGGGGTCCCTGGGACTCTCCTGTGCCGTCTCTGGATTCATCTTTTACGATTATGGCATGAGCTGGGTCCGGCAAACTCCAGAGAAGGGGCTGGAGTGGGTCTCTGGTATTAATTGGAATAGTGGTGGCACAGGTTATGCGGACTCTGTGAAGGGCCGATTGACCCTCTCCAGAGACAACGACAAGAACTCCCTGTATCTGCAAATGAACAGTCTGAGAGCCGAGAATACGGCCTTGTATCACTGCGCGAGAGGGACGAGCTGCTATACGGGGCCGAGGCGCTTCGGTATGGACGTCTGGGGGCAAGGGACCACGGTCACCGTCTCCTCAG;20
Seq020_Grp020_IGHV3-20*01_rIGHD6-6*01_IGHJ6*01_Len(295|1|14|13|50)_Del(1|1|3|13);GAGGTGCAGCTGGTGGGGTCTGGGAGAGGTGTGGTACGGCCTGGGGGGTCCCTGGGACTCTCCTGTGCCGTCTCTGGATTCATCTTTTACGATTATGGCATGAGCTGGGTCCGGCAAACTCCAGAGAAGGGGCTGGAGTGGGTCTCTGGTATTAATTGGAATAGGGGTGGCACAGGTTATGCGGACTCTGTGAAGGGCCGATTGACTCTCTCCAGAGACAACGACAAGAACTCCCAGTATATGCAAATGAACAGTCTGAGAGCCGAGAATACGGACTTGTATCACTGCGCGAGAGGGACGAGCTGCTATACGGGGCCGAGGCGCTTCGGTATGGACGTCTGGGGGCGAGGGACCACGGTCACCGTCTCCTCAG;10
Seq021_Grp021_IGHV1-3*02_IGHD5-18*01_IGHJ5*02_Len(294|8|7|1|48)_Del(2|12|1|3);CAGGTTCAGCTGGTGCAGTCTGGGGCTGAGGTGAAGAAGCCTGGGGCCTCAGTGAAGGTTTCCTGCAAGGCTTCTGGATACACCTTCACTAGCTATGCTATGCATTGGGTGCGCCAGGCCCCCGGACAAAGGCTTGAGTGGATGGGATGGAGCAACGCTGGCAATGGTAACACAAAATATTCACAGGAGTTCCAGGGCAGAGTCACCATTACCAGGGACACATCCGCGAGCACAGCCTACATGGAGCTGAGCAGCCTGAGATCTGAGGACATGGCTGTGTATTACTGTGCGAGAGGAGGCGGATGGTTAGACTGGTTCGACCCCTGGGGCCAGGGAACCCTGGTCACCGTCTCCTCAG;50
Seq022_Grp022_IGHV1-3*02_IGHD5-18*01_IGHJ5*02_Len(294|8|7|1|48)_Del(2|12|1|3);CAGGTTCAGCTGGTGCAGTCTGGGGCTGAGGTGAAGAAGCCTGGGGCCTCAGTGAAGGTTTCCTGCAAGGCTTCTGGATACACCTTCACTAGCTATGCTATACATTGGGTGCGCCAGGCCCCCGGACAAAGGCTTGAGTGGATGGGATGGAGCAACGCTGGCAATGGTAACACAAAATATTCACAGGAGTTCCAGGGCAGAGCCGCCATTATCAGGGACACATCCGCGAGCACAGCCTACATGGAGCTGAGCAGCCTGAGATCTGAGGACATGGCTGTATATTACTGTGCGAGAGGAGGCGGATGGTCAGACTGGTTCGACCCCTGGGGCCAGGAAACCCTGGTCACCGTCTCCTCAG;40
Seq023_Grp023_IGHV1-3*02_IGHD5-18*01_IGHJ5*02_Len(294|8|7|1|48)_Del(2|12|1|3);CAGGTTCAGCTGGTGCAATCTGGGGTTGAGGTGAAGAAGCCTGGGGCCTCAGTGAAGGTTTCCTGCAAGGCTTCTGGATACACCTTCACTAGCTATGCTATATATTGGGTGCGCCAGGCCCCCGGACAAAGGCTTGAGTGGATGGGATGGAGCAAAGCTGGCAATGGTAACACAAAATATTCACAGGAGTTCCAGGGCAGAGCCGCCATTATCAGGGACACATCCGCGAGCACAGCCTACATTGAGCTGAGCAGCCTGAGATCTGAGGACATGGCTGTATATTACTGTGCGAGAGGGGGCGGATGGTCAGACTGGTTCGACCCCTGGGGCAAGGAAACCCTGGTCACCGTCTCCTCAG;30
Seq024_Grp024_IGHV1-3*02_IGHD5-18*01_IGHJ5*02_Len(294|8|7|1|48)_Del(2|12|1|3);CAGGTTCAGCTGCTGCAATCTGGGGTTGAGGTGAAGAAGCCTGGGACCTCAGTGAAGGTTTCCTGCAAGGCTTCTGGATACACCTTCCCTAGCTATGCTATATATTGGGTGCGCCAGGCCCCCGGACAAAGGCTTGAGTGGATGGGATGGAGCAAAGCTGGCAATGGTAACACAAAATATTCACAGGAGTTCCAGGGCAGAGCCGCCATTATCAGGGACACATCCGCGAGCACAGCCTACATTGAGCTGAGCAGCCTGAGATCTGAGGACATGGCTGTATATTACTGTGCGAGAGGGGGCGGATGGTCAGACTGGTTCGACCCCTGGGGCAAGGAAATCACGGTCACCGTCGCCTCAG;20
Seq025_Grp025_IGHV1-3*02_IGHD5-18*01_IGHJ5*02_Len(294|8|7|1|48)_Del(2|12|1|3);CAGGTTCAGCTGCTGCAATCTGGGGTTGAGGTGAAGAAGCCTGGGACCTCAGTGAAGGTTTCCTGCAAGGCTTCTGGATACACTGTCCCTAGCTATGCTATACATTGGGTGCCCCAGGCCCCCGGACAAAGGCTTGAGTGGATGGGATGGAGCAAAGCTGGCAATGGTAACACAAAATATTCACAGGAGTTCCAGGGCAGAGCCGCCATTATCAGGGACACATCCGCGAGCACAGCCTACATTGAGCTGAGCAGCCTGAGATCTCAGGACATGGCTGTACATTACTGTGCGAGAGGGGGCGGATGGTCAGACTGGTTCGACCCTTGGGGCAAGGAAATCACGGTCACCGTCGCCTCAG;10
Seq026_Grp026_IGHV1-3*02_IGHD5-18*01_IGHJ5*02_Len(294|8|7|1|48)_Del(2|12|1|3);CAGGTTCAGCTGCTGCAATCTGGGGTTGAGGTGAAGAAGCCTGGGACCTCAGTGAAGGTTTCCTGCAAGGCTTCTGGATACACCGTCCCTAGCTATACTATACATTGGGTGCCCCAGGCCCCCGGACAAAGGCTTGTGTGGATGGGATGGAGCAAAGCTGGCAATGGTAACACAAAATATTCACTGGAGTTCCAGGGCAGAGCCGCCATTATCAGGGACACATCCGCGAGCACAGCCTACATTGAGCTGAGCAGCCTGAGATCTCAGGACATGGGTGTACATTACTGTGCGAGAGGGGGCGGATGGTCAGACTGGTTCGACCCTTGGGGCAAGGGAATCACGGTCACCGTCGCCTCGG;50
Seq027_Grp027_IGHV1-3*02_IGHD5-18*01_IGHJ5*02_Len(294|8|7|1|48)_Del(2|12|1|3);CAGGTTCACCTGCTGCAATCTGGGGTTGAGGTGAAGAAGCCTGGGACCTCAGTGAAGGTTTCCTGCAAGGCTTCTGGATACACCGTCCCTAGCTATGCTATACATTGGGTGCCCCAGGCCCCCGGGCAAAGGCTTGTGTGGATGGGATGGAGCAAAGCTGGCAATGGTAACACAAAATATACACTGGAGTTCCAGGGCAGAGCCGCCATTATCAGGGACACATCCGCGAGCACAGCCTACATTGAGCTGAGCAGCCTGAGATCTCAGGACATGGGGGTCCATTACTGTGCGAGAGGGGGCGGATGGTCAGACTGGTTCGACCCTTGGGGGAAGGGAATCACGGTCACCGTCGCCTCGG;40
Seq028_Grp028_IGHV1-3*02_IGHD5-18*01_IGHJ5*02_Len(294|8|7|1|48)_Del(2|12|1|3);CAGGTTCAGCTGGTGCAGTCTGGGGCTGAGGTGAAGAAGCCTGGGGCCTTAGCGAAGGTTTCCTGCAAGGCTTCTGGGTACACCTTCACTAGCTATGCTATGCATTGGGTGCGCCAGGCCCCCGGACAAAGGCTTGAGTGGATGGGATGGAGCGACGCTGGCAATGGTAACACAAAATATTCACAGGAGTTCCAGGGCAGAGTCACCATTACCAGGGACACATCCGCGAGCGCAGCATACATGGAGCTGAGCAGCCTGAGATCTGAGGACATGGCTGTGTATTACTGTGCGAGAGGAGGCGGATGGTTAGACTGGTTCGACCCCTGGGGCCAGGGACCCCTGGTCACCGTCTCCTCAG;30
Seq029_Grp029_IGHV1-3*02_IGHD5-18*01_IGHJ5*02_Len(294|8|7|1|48)_Del(2|12|1|3);CAGGTTCAGCTGGTGCAGTCTGGGGCTGAGGTGAAGAAGCCTGGGGCCTTTGCGAAGGTTTCCTGCAAGGCTTCTAGGTACACCTTCACTAGCTATGCGATGCATTGGGTGCGCCAGGCCCCCGGACAAAGGCTTGAGTGGATGGGATGGAGCGACGCTGGCAATGGTAACACAAAATATTCACAGGAGTTCCAGGGCAGAGTCACCATTACCAGGGACACATCCGCGAGCGCAGCATACATGGAGCTGAGCAGCCTGAGATCTGATGACATGGCTGTGTATTACTGTGCGAGAGGAGGCGGATGGTTAGACTGGTTCGACCCCTGGGGCCAGGGACCCCTGGTCACCGTCTCTTCAG;20
Seq030_Grp030_IGHV1-3*02_IGHD5-18*01_IGHJ5*02_Len(294|8|7|1|48)_Del(2|12|1|3);CAGGTTCAGCTGGTGCAGTCTGGGGCTGAGGTGAAGAAGCCTGGGGCCTTTGCGAAGGTTTCCTGCAAGGCTTCTAGGTACATCTTCACTAGCTATGCAATGCATTGGGTGCGCCAGGCCCCCGGACAAAGGCTTGAGTGGATGGGATGGAGCGACGCTGGCAATGGTAACATAAAATATTCACAGGAGTTCCAGGGCAGAGTCACCATTATCAGGGACACATCCGCGAGCGCAGCATACATGGAGCTGAGCAGCCTGAGATCTGATGACATGGCTGTCTATTCCTGTGCGAGAGGAGGCGGATGGTTAGACTGGTTCGACCCCTGGGGCCAAGGACCCCTGGTCACCGTCTCTTCAG;10
Seq031_Grp031_IGHV3-30-3*01_IGHD2-2*02_IGHJ4*02_Len(291|6|5|13|46)_Del(5|13|13|2);CAGGTGCAGCTGGTGGAGTCTGGGGGAGGCGTGGTCCAGCCTGGGAGGTCCCTGAGACTCTCCTGTGCAGCCTCTGGATTCACCTTCAGTAGCTATGCTATGCACTGGGTCCGCCAGGCTCCAGGCAAGGGGCTGGAGTGGGTGGCAGTTATATCATATGATGGAAGCAATAAATACTACGCAGACTCCGTGAAGGGCCGATTCACCATCTCCAGAGACAATTCCAAGAACACGCTGTATCTGCAAATGAACAGCCTGAGAGCTGAGGACACGGCTGTGTATTACTGTGCGGCCCCCAGTACGAATGGGAGGGACTACTTTGACTACTGGGGCCAGGGAACCCTGGTCACCGTCTCCTCAG;50
Seq032_Grp032_IGHV3-30-3*01_IGHD2-2*02_IGHJ4*02_Len(291|6|5|13|46)_Del(5|13|13|2);CAGGTGCAGCTGGTGGAGTCTGGGGGAGGCGTGGTTCAGCCTGGGAGGTCCCTGAGGCTCTCCTGTGCAGCCTCTGGATTCACCTTCAGTAGCTATGCTATGCACTGGGTCCGCCAGGCTCCAGGCAAGGGGCTGGAGTGGGTGGCAGTTATATCAAATGATGGAAGTAATAAATACTACGCAGATTCCGTGAAGGGCCGATTCACCATCTCCCGAGACAATTCCAAGAACACGCTGTATCTGCAAATGAACAGCCTGAGAGCTGAGGACACGGCTGTGTATTACTGTGCGGCCCCCAGTACGAGTGGGAGGGACTACTTTGACTACTGGGGCCAGGGAACCCTGGTCACCGTCTCCTCAG;40
Seq033_Grp033_IGHV3-30-3*01_IGHD2-2*02_IGHJ4*02_Len(291|6|5|13|46)_Del(5|13|13|2);CAGGTGCAGCTGGTGGAGTCTGGGGGAGGCGTGGTTCGGCCTGGGAGGTCCCTGAGGCTCTCCTGTGCAGCCTCTGGACTCACCTTCAGTAGCTATGCTATGCACTGGGTCCGCCAGGCTCCAGGCAAGGGGCTGGAGTGGGTGGCAGTTAGATCAAGTGATGGAAGTAATAAATACTACGCAGATTCCATGAAGGGCCGATTCACCATCTCCCGGGACAATTCCGAGAACACGCTGTATCTGCAAATGAACAGCCTGAGAGCTGAGGACACGGCTGTGTATTACTGTGCGGCCCCCAGTACGAGTGGGAGGGACTACTTTGACTACTGGGGCCAGGGAACCCTGGTCACCGTCTCCTCAG;30
Seq034_Grp034_IGHV3-30-3*01_IGHD2-2*02_IGHJ4*02_Len(291|6|5|13|46)_Del(5|13|13|2);CAGGTGCAGCTGGCGGAGTCTGGGGGAGGCGTGGTTCGGCCTGGGAGGTCCCTGAGGCTCTCCTGTGCAGCCTCTGGACGCACCTTCAGTAGCTATGCTATGCACTGGGTCCGCCAGGCTCCAGGCAAGGGGCTGGAATGGGTGGCAGTTAGATCAAGTGATGGAAGTAATAAATACTACGCAGATTCCATGAAGGGCCGATTCACCATCTCCCGGGACAATTCCGAGAACACGCTGTATCTGCAAATGAACAGCCTGAGAGCTGAGGACACGGTTGTGTATTACTGTGCGGCACCCAGTACGAGTGGGAGGGACTACTTTGACTACTGGGGCCAGGGAACCCTGGTCACTGTTTCCTCAG;20
Seq035_Grp035_IGHV3-30-3*01_IGHD2-2*02_IGHJ4*02_Len(291|6|5|13|46)_Del(5|13|13|2);CAGGTGCAGCCGGTGGAGTCTGGGGGAGGCGTGGACCAGCCTGGGAGGTCCCTGAGACTCTCCTGTGGAGCCTCTGGATTCACCTTCAGTAGCTATGGTATGCACTGGGTCCGCCAGCCTCCAGGCAAGGGGCTGGAGTGGGGGGCAGTTATATCATATGATGGAAGCAATAAATACTACGCAGACTCCGTGAAGGGCCGATTCACCATCTCCAGAGACAATTCCAAGAACACGCTGTATCTGCAAATGAACAGCCTGAGAGCTGAGGACACGGCTGTGTATTACTGTGCGGCCCCCAGTACGAATGGGAGGGACTACTTTGACTACTGGGGCCAGGGAACCTTGGTCACCGTCTCCTCAG;10
Seq036_Grp036_IGHV3-30-3*01_IGHD2-2*02_IGHJ4*02_Len(291|6|5|13|46)_Del(5|13|13|2);CAGGTGCAGCCGGTGGAGTCTGGGGGAGGCGTGGACCAGCCTGGGAGGTCCCTGAGACTCTCCTGTGGAACCTCTGGATTCAACTTCAGTAGCTATGGTATGCACTGGGTCCGCCAGCCTCCAGGCAAGGGGCTGGAGTGGGGGGCAGTTATATCATATGATGGAAGCAATAAATACTACGCAGACTCCGTGAAGTGCCGATTCACCATCTCCAGAGACACTTCCAAGAACTCGCTGTATCTGCAAATGAACAGCCTGAGAGCTAAGGACACGGCTGTGTATTACTGTGCGGCCCCCAGTACGAATGGGAGGGACTACTTTGACTATTGGGGCCAGGGAACCTTGGTCACCGTCTCCTCAG;50
Seq037_Grp037_IGHV3-30-3*01_IGHD2-2*02_IGHJ4*02_Len(291|6|5|13|46)_Del(5|13|13|2);CAGGTGCAGCCGGTGGAGTCTGGGGCAGGCGTGGACCAGCCTGGGAGGTCCCTGAGACTCTTCTGTGGAACCTCTAGATTCAACTTCAGTAGCTATGGTATGCACTGGGTCCGCCAGCCTCCAGGCAAGGGGCTGGAGTGGGTGGCAGTTATATCGTATGATGGAAGCAATAAATACTACGCAGACTCCGTGAAGTGCCGATTCTCCATCTCCAGAGACACTTCCAAGAACTCGCTGTATCTGCAAATGAACAGCCTGAGAGCTAAGGACACGGCTGTGTATTACTGTGCGGCCCCCAGTACGGATGGGAGGGACTACTTTGACTATTGGGGCCAGGGAACCTTGGTCACCGTCTCCTCAG;40
Seq038_Grp038_IGHV3-30-3*01_IGHD2-2*02_IGHJ4*02_Len(291|6|5|13|46)_Del(5|13|13|2);CAGGTGCAGCCGGTGGAGTCTGGGGCAGGCGTGGACCAGCCTGGGACGTCCCTGAGACTCTTCTGTGGAACCTCTAGATTCAGCTTCAGTAGCTATGGTATGCACTGGGTCCGCCAGCCTCCAGGCAAGGGGCTGGAGTGGGTGGCAGTTATATCGTATGATGGAAGCAATAAATACTACGCCGACTCCGTGAAGTGCCGATTCTCCATCTCCAAAGATACTTCCAAGAACTCGCTGTATCTGCAAATGAACAGCCTGAGAGCTAAGGACACGGCTGTGTATTACTGTGCGGTCCCCAGTACGGATGGGAGGGACTACTTTGACTATTGGGGCCAGGGAACCTTGGTCACTGTCTCCTCAG;30
Seq039_Grp039_IGHV3-30-3*01_IGHD2-2*02_IGHJ4*02_Len(291|6|5|13|46)_Del(5|13|13|2);CAGGTGCAGCCGGTGGAGTCTGGGGCAGGCGTGGACCAGCCTGGGACGTCCCTGAGACTCTTCTGTGGAACCTCTAGCTTCAGCTTCAGTAGCTATGGTATGCACTGGGTCCGCCAGCCTCCAGGCAAGGGGCTGGAGCGGGTGGCAGTTACATCGCATGATGGAAGCAATAAATACTACGCCGACTCCGTGAAGTGCCGATTCTCCATCTCCAAAGATACTTCCAAGAACTCGCTGTATCTTCAAATGAACAGCCTGGGAGCTAACGACACGGCTGTGTATTACTGTGCGGTCCCCAGTACGGATGGGAGGGACTACTTTGACTATTGGGGCCAGGGAACCTTGGTCACTGTCTCCTCAG;20
Seq040_Grp040_IGHV3-30-3*01_IGHD2-2*02_IGHJ4*02_Len(291|6|5|13|46)_Del(5|13|13|2);CAGGTGCAGCCGGTGGAGTCTGGGGCAGGCGTGGACCAGCCTGGGACGTCCCTGAGACTCTTCTGTGAAACCTCTAGCTTCAGCTTCAGTAGCTATGGTATGCACTGGGTCCGCCAGCCTCTAGGCAAGGGGCTGGAGCGGGTGGCAGTGACATCGCATGATGGAAGCAATAAATACTACGCCGACTCCGTGAAGTGCCGATTCTCCATCTCCAAGGATACTTCCAAGAACTCGCTGTATCTTCAAATGAACAGCCTGGGGGCTAACGACACGGATGTGTATTACTGTGCGGTCCCCAGTACGGATGGGAGGGACTACTTTGACTATTGGGGCCAGGGAACCTCGGTCACTGTCTCCTCAG;10
Seq041_Grp041_IGHV4-34*04_rIGHD2-8*01_IGHJ6*04_Len(289|0|15|1|53)_Del(4|11|5|10);CAGGTGCAGCTACAGCAGTGGGGCGCAGGACTGTTGAAGCCTTCGGAGACCCTGTCCCTCACCTGCGCTGTCTATGGTGGGTCCTTCAGTGGTTACTACTGGAGCTGGATCCGCCAGCCCCCAGGGAAGGGGCTGGAGTGGATTGGGGAAATCAATCATAGTGGAAGCACCAACAACAACCCGTCCCTCAAGAGTCGAGCCACCATATCAGTAGACACGTCCAAGAACCAGTTCTCCCTGAAGCTGAGCTCTGTGACCGCCGCGGACACGGCTGTGTATTACTGTGCGACACCATTAGTACAATCCTACTACGGTATGGACGTCTGGGGCAAAGGGACCACGGTCACCGTCTCCTCAG;50
Seq042_Grp042_IGHV4-34*04_rIGHD2-8*01_IGHJ6*04_Len(289|0|15|1|53)_Del(4|11|5|10);CAGGTGCAGCTACAGCAGTGGGGCGCAGGACTGTTGAGGCCTTCGGAGACCCTGTCCCTCACCTGCGCTGTCTATGGTGGATCCTTCAGTGGTTACTACTGGAGCTGGATCCGCCAGTCCCCAGGGAAGGGGCTGGCGTGGATTGGGGAAATCAATCATAGTCGAAGCACCAACAACAACCCGTCCCTCAAGAGTCGAGCCACCATATCAGTAGACACGTCCGAGAACCAGTTCTCCCTGAAGCTGAGCTCTGTGACCGCCGCGGACACGGCTGTGTATTACTGTGCGACACCATTAGTACAATCCTACTACGGTATGGACGTCTGGGGCAAAGGGACCACGGTCACCGTATCCTCAG;40
Seq043_Grp043_IGHV4-34*04_rIGHD2-8*01_IGHJ6*04_Len(289|0|15|1|53)_Del(4|11|5|10);CAGGTGCAGCTACAGCAGTGGGGCGCAGGACTGTTGAGGCCTTCGGAGACCCTGTCCCTCACCTGCGCTGTCTATGGTGGATCCTTCAGTGGTTACTATTGGAGCTGGATCCGCCAGTCCCCAGGGAAGGGGCTGGCGTGGATTGGGGAAATCAATCATAGTCCAAGCACCAACAACAACCCGTCCCCCAAGAGTCGAGCCACCATATCAGTAGACACGTCCGAGAACCAGTTCTCCCTGAAGCTGAGTTCTGTGGCCGCCGCGAACACGGCTGTGTATTACTGTGCGACACCATTAGTACAATCCTACTACGGTATGGATGTCTGGGGCAAAGGGACCACGGTCACCGTATCCTCAG;30
Seq044_Grp044_IGHV4-34*04_rIGHD2-8*01_IGHJ6*04_Len(289|0|15|1|53)_Del(4|11|5|10);CAGGTGCAGCTACAGCAGTGTGGCGCAGGACTGTTGAGGCCTTCGGAGACCCTGTCCCTCACCTGCGCTGTCTGTGGTGGATTCTTCAGTGGTTACTATTGGAGCTGGATCCGCCAGTCCCCAGGGAAGGGGCTGGCGTGGATTGGGGAAATCAATCATAGTCCAAGCACCAACAATAACCCGTCCCCCAAGAGTCGAGCCACCATATCAGTAGACACGTCCGAGAACCAGTTCTCCCTGAAGCTGAGTTCTGTGGCCGCCGCGAACACGGCTGTGTGTTACTGCGCGACACCATTAGTACAATCCTACTACGGTATGGATGTCTGGGGCAAAGGGACCACGGTCACCGTATTCTCAG;20
Seq045_Grp045_IGHV4-34*04_rIGHD2-8*01_IGHJ6*04_Len(289|0|15|1|53)_Del(4|11|5|10);CAGGTGCAGCTACAGCAGCGGGGCCCAGGACTGTTGAGGCCTGCGGAGACCCTGTCCCTCACCCGCGCTGTCTATGGTGGATCCTTCAGTGGTTACTATTGGAGCTGGATCCGCCAGTCCCCAGGGAAGGGGCTGGCGTGGATTGGGGAAATCAATTATAGTCCAAGCACCAACAACAACCCGTCCCCCAAGAGTCGAGGCACCATATCAGTAGACACGTCCGAGAACCAGTTCTCCCTGAAGCTGAGTTCTGTGGCCGCCGCGAACACGGCTGTGTATTACTGTGCGACACCATTAGTACAATCCTACTACGGTATGGATGTCTGGGGCAAAGGGACCACCGTCACCGTATCCTCAG;10
Seq046_Grp046_IGHV4-34*04_rIGHD2-8*01_IGHJ6*04_Len(289|0|15|1|53)_Del(4|11|5|10);CAGGTGCAGCTACAGCAGCGGGGCCCAGGACTGTTGAGGCCTGTGGAGACCCTGTCCCTCACCCGCGCTGTCTATGGTGGATCCTTCAGTGGTTACTATTGGAGCTGGATCCGCCAGTCCCCAGGGAAGGGGCTGGCGTGGATTGGGGAAATCAATTATAGTCCAAGCACCAACAACAACCCGTCCCCAAGGAGTCGAGGCACCATATCAGTAGACACGTCCGAGAACCAGTTCTCCCTGAAGCTGAGTTCTGTGGCCGCCGCGGACACGGCTGTGTATTACTGTGCGACACCATTAGTACAATCCTACTACGGTATTGATGTCTGGGGCGAAGGGACCACCGTCACCGTATCCTCAG;50
Seq047_Grp047_IGHV4-34*04_rIGHD2-8*01_IGHJ6*04_Len(289|0|15|1|53)_Del(4|11|5|10);CAGGTCCAGCTACAGCAGCGGGGCCCGGGACTGTTGAGGCCTGTGGAGACCTTGTCCCTCACCCGCGCTGTCTATGGTGGATCCTTCAGTAGTTACTATTGGAGCTGGATCCGCCAGTCCCCAGGGAAGGGGCTGGCGTGGATTGGGGAAATCAATTATAGTCCAAGCACCAACAACAACCCGTCCCCAAGGAGTCGAGGCACCATATCAGTAGACACGTCCGAGAACCAGTTCTCCCTGAAGCTGAGTTCTGGGGCCGCCGCGGACACGGCTGTGTATTACTGTGCGACACCATTAGTACAATCCTACTACGGTATTGATGTCTGGGGCGAAGGGACCTCCTTCACCGTATCCTCAG;40
Seq048_Grp048_IGHV4-34*04_rIGHD2-8*01_IGHJ6*04_Len(289|0|15|1|53)_Del(4|11|5|10);CAGGTGCAGCTTCAGCAGTGGGGCGCAGGACTGTTGAGGCCTTCGGAGACCCTGTCCCTCACCTGCGCTGTCTACGGTGGATCCTTCAGTGGTTACTATTGGAGCTGGACCTGCCAGTCCCCAGGGAAGGGGCTGGCGTGGATTGGGGAAATCAACCATAGTCCAAGCACCAACAACAACCCGTCCCCCAAGAGTCGAGCCACCATATCAGTAGGCACGTCCGAGAACCAGTTCTCCCTGAAGCTGAGTTCTGTGGCCGCCGCGAACACGGCTGTGTATTACTGTGTGACACCATTAGTACAATCCTACTACGGTATGGATGTCTGGGGCAAAGGGACCACGGTCACCGTATCCTCAG;30
Seq049_Grp049_IGHV4-34*04_rIGHD2-8*01_IGHJ6*04_Len(289|0|15|1|53)_Del(4|11|5|10);CAGGTGCAGCTTCAGCAGTGGGGCGCAGGACTGTTGAGGCCTTCGGAGACCCTGTCCCTCACCTGGGTTGTCTACGGTGGATCCTTCAGTGGTTACTATTGGAGCTGGACCTGCCAGCCCCCAGGAAAGGGGCTGGCGTGGATTGGGGAAATCAACCATAGTCCAAGCACCAACAACAACCCGTCCCCCATGAGTCGAGCCACCATATCAGTAGGCACGTCCGAGAACCAGTTCTCCCTGAAGCTGAATTCTGTGGCCGCCGCGAACACGGCTGTGTGTTACTGTGTGACACCATTAGTACAATCCTACTACGGTATGGATGTCTGGGGCAAAGGGACCACGGTCACCGTATCCTCAG;20
Seq050_Grp050_IGHV4-34*04_rIGHD2-8*01_IGHJ6*04_Len(289|0|15|1|53)_Del(4|11|5|10);CAGGTGCAGCTTCAGCAGTGGGGCGCAGGACTGTTGAGGCCTTCGGAGACCCTGTCCCTCACCTGGGTTGTCTACGGTGGATCCTTCAGTGGTTACTATAGGAGCTGGACCTGCCAGCCCCCAGGAAAGGGGCTGGCGTGGATTGGGGAAATCAACCATAGTCCGAGCACCAACAACAACCCGTCCCCCATGAGTCGAGCCACCATATCAGTAGGCACGTCCGAGAACCAGTTCTCCCTGAAGCTGAATTCTGTGGGCGCCGCGAACACGGCTGTGTATTACTGTGTGACACCCTTAGTACAATCCTACTACGGTATGGATGTCTGGGGCAAAGGGACCACGGTCGCCGTATCCTTAG;10
Seq051_Grp051_IGHV4-31*10_rIGHD1-14*01_IGHJ4*02_Len(298|2|15|2|47)_Del(1|1|1|1);CAGGTGCAGCTGCAGGAGTCGGGCCCAGGACTGTTGAAGCCTTCACAGACCCTGTCCCTCACCTGCACTGTCTCTGGTGGCTCCATCAGCAGTGGTGGTTACTACTGGAGCTGGATCCGCCAGCACCCAGGGAAGGGCCTGGAGTGGATTGGGTGCATCTATTACAGTGGGAGCACCTACTACAACCCGTCCCTCAAGAGTCGAGTTACCATATCAGTAGACCCGTCCAAGAACCAGTTCTCCCTGAAGCCGAGCTCTGTGACTGCCGCGGACACGGCCGTGGATTACTGTGCGAGAGCCTGGTTCCGGTTATACATCTACTTTGACTACTGGGGCCAGGGAACCCTGGTCACCGTCTCCTCAG;50
Seq052_Grp052_IGHV4-31*10_rIGHD1-14*01_IGHJ4*02_Len(298|2|15|2|47)_Del(1|1|1|1);CAGGTGCAGCTGCAGGAGTCGGGCCCAGGACTGTTGAAGCCCTCACAGACCCTGTCCCTCACCTGCACTGTCTCTAGTGGCTCCATCAGAAGTGGTGGTTACTACTGGAGCTGGATCCGCCAGCACCCAGGGAAGGGCCTGGAGTGGATTGGGTGCATCTATTACAGTGGGAGCACCTACTACAACCCGTCCCTCAAGAGTCGAGTTACCATATCAGTAGACCCGTTCAAGGACCAGTTCTCCCTGAAGCCGAGCTCTGTGACTGCTGCGGACACGGCCGTGGATTACTGTGCGAGAGCCTGGTTCCGGTTATACATCTACTTTAACTACTGGGGCCAGGGAACCCTGGTCACCGTCTCCTCAG;40
Seq053_Grp053_IGHV4-31*10_rIGHD1-14*01_IGHJ4*02_Len(298|2|15|2|47)_Del(1|1|1|1);CAGGTGCAGCTGCAGGAGTCGGGCCCAGGACTGTTGAAGCCCTCACAGACCCTGTCCCTCACCTGCACTGTCTCTAGTGGCTCCATCAGAAGTGGTGGTTACTACTGGAGCAGGATCCGCCAGCACCCAGGGAAGGGCCTGGAGTGGATTGGGTGCATCTATTACAGTGGGAGCACCTACTACAACCCGTCCCCCAAGAGTCGAGTTCCCATATCAGTAGACCCGTTCAAGGACCAGTTCTCCCTGAAGCCGAGCTCTATGACTGTTGCGGACACGGCCGTGGATTACTGTGCGAGAGCCTGGTTCCAGTTGTACATCTACTTTAACTACTGGGGCCAGGGAACCCTGGTCACCGTCTCCTCAG;30
Seq054_Grp054_IGHV4-31*10_rIGHD1-14*01_IGHJ4*02_Len(298|2|15|2|47)_Del(1|1|1|1);CAGGTGCAGCTGCAGGAGTCGGGCCCAGGACTGTTGAAGCCCTCACAGACCCTGTTCCTCACCTGCACTGTCTCTAGTGGCTCCATCAGAAGTAGTGGTTACTACTGGGGCAGGATCCGCCAGCACCCAGGGAAGGGCCTGGAGTGGATTGGGTGCATCTATTACAGTGGGAGCACCTACTACAACCCGTCCCCCAAGAGTCGGGTTCCCATATCAGTAGACCCGTTCGCGGACCAGTTCTCCCTGAAGCCGAGCTCTATGACTGTTGCGGACACGGCCGTGGATTACTGTGCGAGAGCCTGGCTCCAGTTGTACATCTACTTTAACTACTGGGGCCAGGGAACCCTGGTCACCGTCTCCTCAG;20
Seq055_Grp055_IGHV4-31*10_rIGHD1-14*01_IGHJ4*02_Len(298|2|15|2|47)_Del(1|1|1|1);CAGGTGCAGCTGCAGGATTCGGGCCCAGGACTGTTGAAGCCCTCACAGACCCTGTTCCTCACCTGCACTGTCTCTAGTGGCTCCATCAGAAGTAGTGGTTACTACTGGGGCAGGATCCGTCGGCACCCAGGGAAGGGCCTGGAGTGGATTGGGTGCATATATTACAGTGGGAGCACCTACTACAACCCGTCCCCCAAGAGTCGGGTTCCCATATCAGTAGACCCGTTCGCGGACCAGTTCTCCCTGAAGCCGAGCTCTATGACTGGTGCGGACACGGCCGTGGATTGCTGTGCGAGAGCCTGGCTCCAGTTGTACATCTACTTTCACTACTGGGGCCAGGGAACCCTGGTCACCGTCTCCTCAG;10
Seq056_Grp056_IGHV4-31*10_rIGHD1-14*01_IGHJ4*02_Len(298|2|15|2|47)_Del(1|1|1|1);CAGGTGCAGCTACAGGATTCGGGCCCAGGACTGTTGAAGTCCTCACAGACCCTGTTCCTCACCTGCACTGTCTCTAGTGGCTCCATCAGAAGTAGTGGTTACTACTGGGGCAGGATCCGTCGGCACCCAGGGAAGGGCCTGGAGTGGATTGGGTGCATATACTATAGTGGGAGCACCTACTACAACCCGTCCCTCAAGAGTCAGGTTCCCATATCAGTAGACCCGTTCGCGGACCAGTTCTCCCTGAAGCCGAGCTCTATGACTGGTGCGGACACGGCCGTGGATTGCTGTGCGAGAGCCTGGCTCCAGTTGTACATCTACTTTCACTACTGGGGCCAGGGAACCCTGGTCACTGTCTCCTCAG;50
Seq057_Grp057_IGHV4-31*10_rIGHD1-14*01_IGHJ4*02_Len(298|2|15|2|47)_Del(1|1|1|1);CAGGTGCAGCTACAGGATTCGGGCCCAAGACTGTTGAAGTCCTCACAGACCCTGTTCCTCACCTGCACTGCCTCTCGTGGCTCCATCAGAAGTAGTGGTTACTACTGGGGCAGGATCCGTCGGCACCCAGGGAAGGGCCTGGAGTGGATTGGGTGCATATACTATAGTGGGAGCACCTACTACAACCCGTCCCTCAAGAGTCAGGTTCCCATATCAGTAGACCCGTTCGCGGACCAGTTCTCCCTGAAGCCCAGCTCTATGACTGGTGCGGACACGACCGTGTATTGCTGTGCGAGAGCCTGGCTCCAGTTGTACATCTACTTTCAATACTGGGGCCAGGGAACCCTGGTCACTGTCTCCTCAG;40
Seq058_Grp058_IGHV4-31*10_rIGHD1-14*01_IGHJ4*02_Len(298|2|15|2|47)_Del(1|1|1|1);CAGGTGCAGCTGCAGGAGTCGGGCCCAGGACTGTTGAAGCCCTCACAGACCCTGTCCCTCTCCTGCACTGTTTCTAGTGGCTCCATCAGAAGTGGCGGTTACTACTGGAGCAGGATCCGCCGGCACCCAGGGAGGGGCCTGGAGTGGATTGGGTGCATCTATTACAGTGGGAGCACCTACTACAACCCGTCCCCCAAGAGTCGAGTTCCCATATCAGTAGACCCGTTCAAGGACCAGTTCTCCCTGAAGCCGAGTTCTATGACTGTTGCGGACACGGCTGTGGATTACTGTGCGAGAGCCTGGTTCCAGTTGTACATCTACTTTAACTACTGGGGCCAGGGAACCCTGGTCACCGTCTCCTCAG;30
Seq059_Grp059_IGHV4-31*10_rIGHD1-14*01_IGHJ4*02_Len(298|2|15|2|47)_Del(1|1|1|1);CAGGTGCAGCTGCAGGAGTCGGGCCCAGGACTGTTGAAGCCCTCACAGACCCTGTCCCTCTCCTGCACTGTTTCTAGTGGCTCCATCGGAAGTGGCGGTTACTACTGGAGCAGGATCCGCCGGTACCCAGGGAGGGGCCTGGAGTGGATTGGGTGCGTCTATTACAGTGGGAGCACCTACTACAAACCGTCCCCCAAGAGTCGAATTCCCATATCAGTAGACCCGTTCAAGGACCAGTTCTCCCTGAAGCCGAGTTCTATGACTGTTGCGCACACGGCTGTGGATTACTGTGCGAGAGCCTGGTTCCAGTTGTACATCTACTTTAACTACTGGGGCCAGGGAACCCTGGTCACCGTCTCCGCAG;20
Seq060_Grp060_IGHV4-31*10_rIGHD1-14*01_IGHJ4*02_Len(298|2|15|2|47)_Del(1|1|1|1);CAGGTGCTGCTGCAGGAGTCGGGCCCAGGACTGTTGAAGCCCTCACAGACCCTGTCCCTCTCCTGCACTGTTTCTAGTGGCTCCATCGCAAGTGGCGGTTACTACTGGAGCAGGATCCGCCGGTACCCAGGGAGGGGCCTGGAGTGGGTTGGGTGCGTCTATTACAGTGGGAGCACCTACTACAAACCGTCCCCCAAGAGTCGAATTCCCATATCAGTAGACCCGTTCAAGGACCAGTTGTCCCTGAAGCCGAGTTCTATGACTGTTGCGCACACGGCTGTGGATTACTGTGCGAAAGCCTGGTTCCAATTGTACATCTACTTTACCTACTGGGGCCAGGGAACCCTGGTCACCGTCTCCGCAG;10
Seq061_Grp061_IGHV3-21*04_rIGHD5/OR15-5a*01_IGHJ3*02_Len(295|3|20|3|49)_Del(1|1|2|1);GAGGTGCAGCTGGTGGAGTCTGGGGGAGGCCTGGTCAAGCCTGGGGGGTCCCTGAGACTCTCCTGTGCAGCCTCTGGATTCACCTTCAGTAGCTATAGCATGAACTGGGTCCGCCAGGCTCCAGGGAAGGGGCTGGAGTGGGTCTCATCCATTAGTAGTAGTAGTAGTTACATATACTACGCAGACTCAGTGAAGGGCCGATTCACCATCTCCAGAGACAACGCCAAGAACTCACTGTATCTGCAAATGAACAGCCTGAGAGCCGAGGACACGGCCGTGTATTACTGTGCGAGAGAGATAATCGTAGACACTATATCCGGGGATGCTTTTGATATCTGGGGCCAAGGGACAATGGTCACCGTCTCTTCAG;50
Seq062_Grp062_IGHV3-21*04_rIGHD5/OR15-5a*01_IGHJ3*02_Len(295|3|20|3|49)_Del(1|1|2|1);GAGGTGCAGCTGGTGGAGTCTAGGGGAGGCCTGGTCAAGCCTGGGGGGTCCCTGAGACTCTCCTGTGCAGCCGCTGGATTCACCTTCAGTAGCTATAGCATGAACTGGGTCCGCCAGGCTCCAGGGAAGTGGCTGGAGTGGGTCTCATCCATTAGTAGTAGTGGTAGTTACATATACTACGCAGACTCAGTGAAGGGCCGATTCACCATCTCCAGAGACAACGCCAAGAACTCACTGTATCTGCAAATGAACAGCCTGAGAGCCGAGGACACGGCCGTGTATTGCTGTGCGAGAGAGATAATCGTACACACTATATCCGGGGATGCTTTTGATATCTGGGGCCAAGGGACGATGGTCACCGTCTCTTCAG;40
Seq063_Grp063_IGHV3-21*04_rIGHD5/OR15-5a*01_IGHJ3*02_Len(295|3|20|3|49)_Del(1|1|2|1);GAGGCGCAGCTGGTGGAGTCTAGGGGAGGCCTGGTCAGGCCTGGGGGGTCCCTGAGACTCTCCTGTGCAGCCGCTGGATTCACCTTCAGTAGCTATAGCATGAACTGGGTCCGCGAGGCTCCAGGGAAGTGGCTGGAGTGGGTCTCATCCATTAGTAGTAGTGGTAGTTACATATACTACGCAGACCCAGTGAAGGGCCGATTCACCAGCTCCAGAGACAACGCCAAGAAGTCACTGTATCTGCAAATGAACAGCCTGAGAGCCGAGGACACGGCCGTGTATTGCTGTGCGAGAGAGATAATCGTACACACTATATCCGGGCATGCTTTTGATATCTGGGGCCAAGGGACGATGGTCACCGTCTCTTCAG;30
Seq064_Grp064_IGHV3-21*04_rIGHD5/OR15-5a*01_IGHJ3*02_Len(295|3|20|3|49)_Del(1|1|2|1);GAGGCGCAGCTGGTGGAGTCTAGGGGAGGCCTGGTCAGGCCTGGGGGGTCCCTGAGACTCTCCTGTGCAGCCGCTGGATTCACCTTTAGTAGCTATAGCATGAACTGGGTCCGCGAGGCTCCAGGGAAGTGGCTGGAGTGGGTCTCATCCATTAGTAGTAGTAGTAGTTACATATACTACGCAGACCCAGTGAAGGGCAGATTCACCAGCTCCAGAGACAACGCCAAGAAGGCACTGTATCTGCAAATGAACAGCCTGAGAGCCGAGGACACGGCCGTGTATTGCTGTGCGGGAGAGGTAATCGTACACACTATATCCGGGCATGCTTTTGATATCTGGGGCCAAGGGACGATGGTCACCGCCTCTTCAG;20
Seq065_Grp065_IGHV3-21*04_rIGHD5/OR15-5a*01_IGHJ3*02_Len(295|3|20|3|49)_Del(1|1|2|1);GAGGCGAAGCTGGTGGAGTCTAGGGGAGGCCTGGTCAGGCCTGGGGGGTCCCTGAGACTCTCCTGTGCAGCCGCTGGATTCACCTTCAGTAGCTATAGCATGAACTGGGTCCGCGAGGCTCCAGGGAAGTGGCTGGAGTGGGTCTCATCCATTGGTTGTAGTGGTAGTTACATATGCTACGCAGACCCAGTGAAGGGCCGATTCACCAGCTCCAGAGACAACGCCAAGAAGTCACTGTATCTGCAAATGAACAGCCTGAGAGCCGAGGACACGGCCGTGTATTGCTGTGCGAGAGAGATAATCGTACACACTATATCCGGGCATGCTTTTGATATCTGGGGCCAAGGGTCGATGGTCCCCGTCGCTTCAG;10
Seq066_Grp066_IGHV3-21*04_rIGHD5/OR15-5a*01_IGHJ3*02_Len(295|3|20|3|49)_Del(1|1|2|1);GAGACGAAGCTGGTGGAGTCTAGGGGAGGCCTGGTCAGGCCTGGGGGGTCCCTGAGACTCTCCTGTGCAGCCGCTGGATTCACCTTCAGTAGCTATAGCATGAACTGGGTCCGCGAGGCTCCAGGGAAGTGGCTGGAGTGGGTCTCATCCATTGGTTGTAGTGGTAGTTACATATGCTACGCAGACCCAGTGAAGGACCGATTCACCAGCTTCAGAGACAAAGCCAAGAAGTCACTGTATCTGCAAATGAACAGCCTGGGAGCCGAGAACACGGCCGTGCATTGCTGTGCGAGAGAGATAATCGTACACACTATATCCGGGCATGCTTTTGATATCTGGGGCCAAGGGTCGATGGTCCCCGTCGCTTCAG;50
Seq067_Grp067_IGHV3-21*04_rIGHD5/OR15-5a*01_IGHJ3*02_Len(295|3|20|3|49)_Del(1|1|2|1);GAGACGAAGCTGGTGGAGTCTAGCGGAGGCCTGGTCAGGCCTGCGGGGTCCCTGAGACTCTCCTGTGCAGCCGCTGGATTCACCTTCAGTAGCTATAGCATGAACTGGGTCCGCGAGGCTCCAGGGAAGTGGCTGGAGTGGGTCTCATCCATTGGCTGTAGTGGTAGTTACATATACTACGCAGACCCAGTGAAGGACCGATTCACCAGCTTCAGAAACAAAGCCAAGAAGTCACTGTATCTGCAAATGAACAGCCTGCGAGCCGAGAACACGGCCGTGCATTGCTGTGCGAGAGAGATAATCGTACACACTATATCCGGGCATGCTTTTGATATCTGGGGCCAAGGGTCGATGGTCCCCGTCGCTTCAG;40
Seq068_Grp068_IGHV3-21*04_rIGHD5/OR15-5a*01_IGHJ3*02_Len(295|3|20|3|49)_Del(1|1|2|1);GAGGTGCAGCTGGTGGAGTCTGGGGGAGGCCTGGTCAAGCCTGGGGGGTCCCTGAGACTCTCCTGTGCAGCCTCTGGATTCACCTTCAGTAGCTATAGCATGCACTGGGTCCGCCAGGATCCAGGGAAGTGGCTGAAGTGGGTCTCATCCATTAGTAGTGGTAGTAGTTACATATACTACGCAGACTCAGTGAAGGGCCGATTCACCATCTCCAGAGACAACGCCGAGAACTCACTGTATCTGCAAATGAACAGCCTGAGAGCCGAGGACACGGCCGTGTATTACTGTGCGAGAGAGATAATCGTAGACACTATATCCGGGGATGCTTTTGATTTCTGGGGCCAAGGGACAATGGTCACCGTCTCTTCAG;30
Seq069_Grp069_IGHV3-21*04_rIGHD5/OR15-5a*01_IGHJ3*02_Len(295|3|20|3|49)_Del(1|1|2|1);GAGGTGCAGCTGGTGGAGTCTGGGGGAGGCCTGGTCAAGCCTGGGGGGTCTCTGAGACTATCCTGTGCAGCCTCTGGATTCACCTTCAGTAGCTATAGCATGCACTGGGTCCGCCAGGATCCAGGGAAGTGGCTGAAACGGGTCTCATCCATTAGTAGTGGTAGCAGTTACATATACTACGCAGACTCAGTGAAGGGCCGATTCACCATCTCCAGAGACAACGTCGAGAACTCACTGTATCTGCAAATGAACAGCCTGAGAGCCGAGGACACGGCCGTGTGTTACTGTGCGAGAGAGATAATCGTAGACACTATATCCGGGGATGCTTTTGATTTCTGGGGCCAAGGGACAATGGTCACCGTCTCTTCAG;20
Seq070_Grp070_IGHV3-21*04_rIGHD5/OR15-5a*01_IGHJ3*02_Len(295|3|20|3|49)_Del(1|1|2|1);GAGGTGCAGCTGGTGGAGTCTGGGGGAGGCCTGGTCAAGCCTGGGGGGTCTCTGAGACTATCCTGTGCAGCCTCTGGATTCACCTTCAGTAGCTATAGCATGCACTGGGTCCGCCAGGATCCAGGGAAGTGGCTGAAACGGGTCTCATTCATTAGTAGTGGTAGCAGTTACATATACTACGCAGACTCAGTGAAGGGCCGATTCACCATCTCCAGAGACAACGTCGAGAACTCACTGTATCAGCAAATCAACAGCCTGAGAGCCGAGGACAAGGCCGTGTGTTACTGTGCGAGAGAGATAATCATAGACACTATATCTGGGGATGCTTTTGATTTCTGGGGCCAAGGGACAATGGTCACTGTCTCTTCAG;10
Seq071_Grp071_IGHV5-10-1*02_IGHD3-16*01_IGHJ4*03_Len(294|3|34|4|38)_Del(1|2|1|10);GAAGTGCAGCTGGTGCAGTCTGGAGCAGAGGTGAAAAAGCCCGGGGAGTCTCTGAGGATCTCCTGTAAGGGTTCTGGATACAGCTTTACCAGCTACTGGATCAGCTGGGTGCGCCAGATGCCCGGGAAAGGCTTGGAGTGGATGGGGAGGATTGATCCTAGTGACTCTTATACCAACTACAGCCCGTCCTTCCAAGGCCACGTCACCATCTCAGCTGACAAGTCCATCAGCACTGCCTACCTGCAGTGGAGCAGCCTGAAGGCTCGGACACCGCCATGTATTACTGTGCGAGACGGGATTATGATTACGTTTGGGGGAGTTATGCTTATACGCAGCTACTGGGGCCAAGGGACCCTGGTCACCGTCTCCTCAG;50
Seq072_Grp072_IGHV5-10-1*02_IGHD3-16*01_IGHJ4*03_Len(294|3|34|4|38)_Del(1|2|1|10);GAAGTGCAGCTGGTGCAGTCTGGAGCAGAGGCCAAAAAGCCCGGGGAGTCTCTGAGGATCTCCTGTAAGGGTTCTGGATACAGCTTTACCAGCTACTGGATCAGCTGGGTTCGCCAGATGCCCGGGAAAGGCTTGGAGTGGATGGGGAGGATTGATCCTAGTGACTCTTATACCAACTACAGCCCGTCCTTCCAAGGCCACGTCACCATCTCAGCTGACAAGTCCGTCAGCACTGCCTACCTGCAGTGGAGCAGCCTGAAGGTTCGGACACCGCCATGTATTACTGAGCGAGACGGGATTATGATTACGTTGGGGGGAGTTATGCTTATACGCAGCTACTGGGGCCAAGGGACCCTGGTCACCGTCTCCTCAG;40
Seq073_Grp073_IGHV5-10-1*02_IGHD3-16*01_IGHJ4*03_Len(294|3|34|4|38)_Del(1|2|1|10);GAAGTGCAGCTGGTGCAGTCTGGAGCAGAGGCCAAAAAGCCCGGGGAGTCTCTGAGGATCTCCTGTAAGGGTTCCGGATACAGCTTTACCAGCTACTGGATCAGCTGGGTTCGCCAGATGCCCGGGAAAGGCTTGGAGTGGATGGGGAGGATTGATCCTAGTGACTCTTATACCTACTACAGCCCGTCCTTCCAAGGCCACGTCACCATCTCAGCTGACAAGTCCATCAGCACTGCCTACCTGCAGTGGAGCAGCCTGAAGGTTCGGACACCGCCATGTATTACTGAGCGAGACGGGATTATGATTACGTTGGGGGGAGTTATGCTTATAGGCAGCTGCTGGGGTCAAGGGACCCTGGTCACCATCTCCTCAG;30
Seq074_Grp074_IGHV5-10-1*02_IGHD3-16*01_IGHJ4*03_Len(294|3|34|4|38)_Del(1|2|1|10);GAAGTGCAGCTGGTGCAGTCTGGAGTAGAGGCCAAAAAGCCCGGGGAGTCTCTGAGGATCTCGTGTAAGGGTTCCGGATACAGCTTTACCAGCTATTGGATCAGCTGGGTTCGCCAGATGCCCGGGAAAGGCTTGGAGTGGATGGGGTGGATTGATCCTAGTGACTCTTATACCTACTACAGCCCGTCCTTCCAAGGCCACGTCACCATCTCAGCTGACAAGTCCATCAGCACTACCTACCTGCAGTGGAGCAGCCTGAAGGTTCGGACACCGCCCTGTATTACTGAGCGAGACGGGATTATGATTACGTTGGGGGGAGTTATGCTTATAGGCAGCTGCTGGGGTCAAGGGACCCTGGTCACCATCTCCTCTG;20
Seq075_Grp075_IGHV5-10-1*02_IGHD3-16*01_IGHJ4*03_Len(294|3|34|4|38)_Del(1|2|1|10);GAAGTGCAGCTGGTGCAGTCTGGAGCAGAGGTGAAAAAGCCCGGAGAGTCTCTGAGGATCTCTTGTAAGGGTTCTGGATACAGCTTTACCAGCTACTGGATCAGCTGGGTGCGCCAGATGCCCGGGAAAGGCTCGGAGTGGATGGGGAGGATTGATCCTAGTGACTCTTATACCAACTACAGCCCGTCCTTCCAAGACCACGTCACCATCTCAGCTGACAAGTCCATCAGCACTGCCTACCTGCAATGGAGCAGCCTGATGGCTCGGACACCGCCATGTATTACTGTGCAAGACGGGATTATGATTACGTTTGGGGGAGTTATGCTTATACGCAGCTACTGGGGCCAAGGGACCCTGGTCACCGTCTCCTCAG;10
Seq076_Grp076_IGHV5-10-1*02_IGHD3-16*01_IGHJ4*03_Len(294|3|34|4|38)_Del(1|2|1|10);GAAGTGCAGCTGGTGCGGTCTGGAGCAGAGGTGAGAAAGCCCGGAGAGTCTCTGAGGATCTCTTGTAAGGGTTCTGGATACAGCTTTACCAGCTACTGGATCAGCTGGGTGCGCCAGATGCCCGGGAAAGGCTCGGAGTGGATGGGGAGGATTGATCCTAGTGACTCTTATACCAACAACAGCCCGTCCTTCCAAGACCATGTCACGATCTCAGCTGACAAGTCCATCAGCACTGCCTACCTGCAATGGAGCAGCCTAATGGCTCGGACACCGCCATGTATTACTGTGCGAGACGGGATTATGATTACGTTTGGGGGAGTTATGCTTATACGCAGCTACTGGGGCCAAGGGACCCTGGTCACCGTCTCCTCAG;50
Seq077_Grp077_IGHV5-10-1*02_IGHD3-16*01_IGHJ4*03_Len(294|3|34|4|38)_Del(1|2|1|10);GAAGTGCAGCTGGTGCGGTCTGGAGCAGAGGTGAGAAAGCCCGGAGAGTCTCTGAGGATCTCTTGTAAGGGTTCTGGATACAACTTTACCAGCTACTGGATCAGCTGGGTGCGCCAGATGCCCGGGAAAGGCTCGGAGTGGATGGGGAGGATTGATCCTAGTGGCTCTTATACCAGCAACAGCCCGACCTTCCAAGACCATGTCACGATCTCAGCTGACAAGTCCATCAGCACTGCCTACCTGCAATGGAGCAGCCTAATGGCTCGGACACCGCCATGTATTACTGTGCGAGACGGGATTATGGTTACGTTTGGGGGAGTTATGCTTGTACGCAGCTACTGGGGCCAAGGGACCCTGGTCACCGTCTCATCAG;40
Seq078_Grp078_IGHV5-10-1*02_IGHD3-16*01_IGHJ4*03_Len(294|3|34|4|38)_Del(1|2|1|10);GAAGTGCAGCTGGTGCGGTCTGGAGCAGAGGTGAGAAAGCCGGGAGAGTCTCTGAGGATCTCTTGTAAGGGTTCTGGATACAGCTTTACCAGCTACTGGATCCGCCGGGTGCGCCAGCTGCCCGGTAAAGGCTCGGAGTGGATGGGGAGGATTGATCCTAGTAACTCTTATACCAACAACAGCCCGTCCTTCCAAGACCATGTCACGATCTCAGCTGACAAGTCCATCAGCACTGCCTACCTGCAGTGGAGCAGCCTAATGGCTCGGACACCGCCATGTATTACTGTGCGAGACGGGATTATGATTACGTTTGGGGGAGTTATGCTTATACGCAGCTACTGGGGCCAAGGGACCCTGGTCACCGTCTCCTCAG;30
Seq079_Grp079_IGHV5-10-1*02_IGHD3-16*01_IGHJ4*03_Len(294|3|34|4|38)_Del(1|2|1|10);GATGTGCGGCTGGTGCGGTCTGGAGCAGAGGTGAGAAAGCCGGGAGAGTCTCTGAGGATCTCTTGTAAGGGTTCTGGATACAGCTTTACCAGCTACTGGATCCGCCGGGTGCGCCAGCTGCCCGGTAATGGCTCGGAGTGGATGGGGAGGATTGATCCTAGTAACTCTTATACCAACAACAGCGCGTCCTTCCAAGACCATGTCACGATCTCAGCTGACAAGTCCTTCAGCACTACCTACCTGCAGTGGAGCAGCCTAATGGTTCGGACACCGCCATGTATTACTGTGCGAGACGGGATTATGATTACGTTTGGGGGAGTTATGCTTATACGCAGCTACTGGGGCCAAGGGACCCTGGTCACCGTCTCCTCAG;20
Seq080_Grp080_IGHV5-10-1*02_IGHD3-16*01_IGHJ4*03_Len(294|3|34|4|38)_Del(1|2|1|10);GATGTGCGGCTGGTGTGGTCTGGAGCAGAGGTGAGAAAGCCGGGAGAGTCTCTCAGGATCTCTTGTAAGGGTTCTGGATATAGCTTTACCAGCTACTGGGTCCGCCGGGTGCGCCAGCTGCCCGGTAATGGCTCGGAGTGGATGGGGAGGATTGATCCTAGTAACTCTTATACCAACAACAGAGCGTCCTTCCAAGACCATGTCACGATCTCAGCTGACAAGTCCTTCAGCACTACCTACCTGCAGTGGAGCAGCCTAATGATTCGGACACCGCCATGTATTACTGTGCGAGACGGGATTATGATTACGTTTGGGGGAGTTATGCTTATACGCAGCTACTGGGGTCAAGGGACCCTGGTCACCGTCTCCTCAG;10
Seq081_Grp081_IGHV4-31*05_IGHD6-13*01_IGHJ6*03_Len(290|4|12|2|61)_Del(1|9|0|1);CAGGTGCAGCTGCAGGAGTCGGGCCCAGGACTGGTGAAGCCTTCACAGACCCTGTCCCTCACCTGCACTGTCTCTGGTGGCTCCATCAGCAGTGGTGGTTACTACTGGAGCTGGATCCGCCAGCACCCAGGGAAGGGCCTGGAGTGGATTGGGTACATCTATTACAGTGGGAGCACCTACTACAACCCGTCCCTCAAGAGTCGAGTTACCATATCAGTAGACACGTCTAAGAACCAGTTCTCCCTGAAGCTGAGCTCTGTGACCGCGGACGCGGCCGTGTATTACTGTGCTCGAAGCAGCTGGTACAGTTACTACTACTACTACTACATGGACGTCTGGGGCAAAGGGACCACGGTCACCGTCTCCTCA;50
Seq082_Grp082_IGHV4-31*05_IGHD6-13*01_IGHJ6*03_Len(290|4|12|2|61)_Del(1|9|0|1);CAGGTGCCGCTGCAGGATTCGGGCCCAGGACTGGTGAAGCCGTCACAGACCCTGTCCCTCACCTGCACTGTCTCTGGTGGCTCCATCAGCAGTGGTGGTTACTACTGGAGCTGGCTCCGCCAGCCCCCAGGGAAGGGCCTGGAGTGGATTGGGTACATCTATTACAGTGGGAGCACCTACTACAACCCGTCCCTCAAGAGTCGAGTTACCATATCAGTAGACACGTCTAAGAACCAGTTCTCCCCGAAGCTGAGCTCTGTGACCGCGGACGCGGCCGTGTATTACTGTGCTCGAAGCAGCTGGTACAGTTACTACTACTACTACTACATGGACGTCTGGGGCAAAGGGACCACGGTCACCGTCTCCTCA;40
Seq083_Grp083_IGHV4-31*05_IGHD6-13*01_IGHJ6*03_Len(290|4|12|2|61)_Del(1|9|0|1);CAGGTGCCGCTGCAGGATTCGGGCCTAGGACTGGTGAGGCCGTCACAGACCCTGTCCCTCACCTGCACTGTCTCTGGTGGCTCCATCAGCAGTGGTGGTTACTACTGGAGCTGGCTCCGCCAGCCCCCAGGGAAGGGCCTGGAGTGGATTGGGTACATCTATTACAGTGGGAGCACCTACGACAACCCGTCCCTCAAGAGACGGGTTACCATATCAGTAGACACGTCTAAGAACCAGTTCTCCCCGAAGCTGAGCTCTGTGACCGCGGACGCGGCCGTGTATTATTGTGCTCGAAGCAGCTGGTACAGTTACTACTACTACCACTACATGGACGTCTGGGGCAAAGGGACCACGGTCACCGTCTCCTCA;30
Seq084_Grp084_IGHV4-31*05_IGHD6-13*01_IGHJ6*03_Len(290|4|12|2|61)_Del(1|9|0|1);CAGGTGCCGCTGCAGGATTCGGGCCAAGGACTGGTGAGGCCGTCACAGACCCTGTCCCTCACCTGCACTGTCTCTGGTCGCTCCATCAGCAGTGGTGGTTACTACTGGAGCTGGCTCCGCCAGCCCCCAGGGAAGGGCCTGGAGTGGATTGGGTACATCTATTACAGTGGGAGCACCTACGACAACCCGTCCCTCAAGAGACGGGTTACCATATCAGTAGACACGTCTAAGAACCAGTTCTCCCCGAAGCTGTGCTCTGTGACCGCGGACGCGGCCGTGTATTATTGTGCTCGAGGCAGCTGCTACAGTTACTCCTACTACCACTACATGGACGTCTGGGGCAAAGGGACCACGATCACCGTCTCCTCA;20
Seq085_Grp085_IGHV4-31*05_IGHD6-13*01_IGHJ6*03_Len(290|4|12|2|61)_Del(1|9|0|1);CAGGGGCCGCTGCAGGATTCGGGCCTAGGACTGGTGGGGCCGTCACAGACCCTGTCCCTCACCTGCACTGTCTCTGGTGGCTCCATCAGTAGTGGTGGTTACTACTGGAGCTGGCTCCGCCAGCCCCCAGGGAAGGGCCTGGAGTGGATTGGGTACATCTATTACAGTGGGAGCACCTACGACAACCCGTCCCTCAAGAGACGGGTTACCATATCAGTAGACACGTCTAAGAACCAGTTCTCCCCGAAGCTGAGCTCTGTGACCGCGGACGCGGCTGTGTATTATTGTGCTCGAAGCAGCTGGTACAGTTACTACTACAACCACTACATGGACGTCTGGGGCAAAGGGACCACGGTCACCGTCTTATCA;10
Seq086_Grp086_IGHV4-31*05_IGHD6-13*01_IGHJ6*03_Len(290|4|12|2|61)_Del(1|9|0|1);CAGGGGCCGCTGCAGGATTCGGGCCTAGGACTGGTGGGGCCGTCACAGACCCTGTCCCTCACCTGCGCTGTCTCTGGTGGCTCCATCAGTAGTGGTGGTTACTACTGGAGCTGGCTCCGCCAGCCCCCAGGGAAGGGCCTGGTGTGGATTGGGTACATCTATTACAGTGGGAGCACCTACGAAAACCCGTCCCTCAAGAGACGAGTTACCATATCATTAGACACGTCTAAGAACCAGTTCTCCCCGAAGCTGAGCTCTCTGACCGCGGACGCGGCTGTGTATTACTGTGCTCGAAGCAGCTGGTACAGTTACTACTACAACCACTACATGGACGTCTGGGGCAAAGGGACCACGGTCACCGTCTTATCA;50
Seq087_Grp087_IGHV4-31*05_IGHD6-13*01_IGHJ6*03_Len(290|4|12|2|61)_Del(1|9|0|1);CAGGGGCCGCTGCAGGATTCGGGCCTAGGGCTGGTGGGGCCGTCACAGACCCTGTCCCTCACCTGCGCTGTCTCTGGTGGCTCCATCAGTAGTGGTGGTTACTACTGGAGCTGGCTCCGCCAGCCCCCAGGGAAGGGCCTGGTGTCGATTGGGTACATCTATTACAGTGGGAGCACCTACGAAAACCCGTCCCTCAAGAGACGAGTTACCATATCATTGGACACGTCTAAGAACCAGTTCTCCTCGAAGCTGAGCTCTCTGGTCGCGGACGCGGCTGTGTATTACTGTGCGCGAAGCAGCTGGTACAGTTACTACTACAACCACTACATGGACGTCTGGGGCAAAGGGACCACGGTCACCGTCTTATCA;40
Seq088_Grp088_IGHV4-31*05_IGHD6-13*01_IGHJ6*03_Len(290|4|12|2|61)_Del(1|9|0|1);CAGGTGCCGCTGCAGGATTCGGGCCAAGGACTGGTGAGGCCGTCACAGACCCTGTCCCTCACTTGCACTAACTCTGGTCGCTCCATCAGCAGTGGTGGTTACTACTGGAGCTGGCTCCGCCAGCCCCCAGGGAAGGGCCTGGAGTGGATTGGGTACATCTATTACAGTGGGAGCACCTACGACAACCCGTCCCTCAAGAGACGGGTTACCATATCAGTAGACACGTCTAAGAACCCGTTCTCCCCGAAGCTGTGCTCTGTGACCGCGGACGCGGCCGTGTATTATTGTGTTCGAGGCAGCTGCTACAGTTACTCCTACTACCACTACATGGACGTCTGGGGCAATGGGACCACGATGACCGTCTCCTCA;30
Seq089_Grp089_IGHV4-31*05_IGHD6-13*01_IGHJ6*03_Len(290|4|12|2|61)_Del(1|9|0|1);CAGGTGCCGCTGCAGGATTCGGGCCAAGAACTGGTGAGGCCGTCACAGACCCTGTCCCTCACTTGCACTAACTCTGGTCGCTCCATCAGCAGTGGTGGTTACTACTGGAGCTGGCTCCGCCAGCCCCCAGGGAAGGGCCTGGAGTGGATTGGGTACATCTATTGCAGTGGGAGCACCTACGACGACCCGTCCCTCAAGAGACGGGTTACCATATCAGTAGACAAGTCAAAGAACCCGTTCTCCCTGAAGCTGTGCTCTGTGACCGCGGACGCGGCCGTGTATTATTGTGTTCGAGGCAGCTGCTACAGTTACTCCTACTACCACTACATGGACGTCTGGGGCAATGGGACCAAGATGACCGTCTCCTCA;20
Seq090_Grp090_IGHV4-31*05_IGHD6-13*01_IGHJ6*03_Len(290|4|12|2|61)_Del(1|9|0|1);CAGGTGCCGCTGCAGGATTCGGGCCAAGACCTGCTGAGGCCGTCACAGGCCCTGTCCCTCACTTGCACTAACTCTTGTCGCTCCATCAGTAGTGGTGGTTACTACTGGAGCTGGCTCCGCCAGCCCCCAGGGAAGGGCCTGGAGTGGATTGGGTACATCTATTGCAGTGGGAGCACCTACGACGACCCGTCCCTCAAGAGACGGGTTACCATATCAGTAGACAAGTCAAAGAACCCGTTCTCCCTGAAGCTGTGCTCTGTGACCGCGGACGCGGCCGTGTATTATTGTGTTCGAGGCAGCTGCTACAGTTACTCCAACTACCACTACATGGACGTCTGGGGCAATGGGACAAAGATGACCGTCTCCTCA;10
Seq091_Grp091_IGHV4-34*10_IGHD2/OR15-2b*01_IGHJ3*02_Len(291|1|14|10|48)_Del(2|5|12|2);CAGGTGCAGCTGCAGGAGTCGGGCCCAGGACTGGTGAAGCCTTCGGAGACCCTGTCCCTCACCTGCGCTGTCTATGGTGGGTCCTTCAGTGGTTACTACTGGAGCTGGATCCGCCAGCCCCCAGGGAAGGGACTGGAGTGGATTGGGGAAATCAATCATAGTGGAAGCACCAACTACAACCCGTCCCTCAAGAGTCGAATCACCATGTCAGTAGACACGTCCAAGAACCAGTTCTACCTGAAGCTGAGCTCTGTGACCGCCGCGGACACGGCCGTGTATTACTGTGCGAGAAATTGTAATAGTACTCCTCCCCCCCATGCTTTTGATATCTGGGGCCAAGGGACAATGGTCACCGTCTCTTCAG;50
Seq092_Grp092_IGHV4-34*10_IGHD2/OR15-2b*01_IGHJ3*02_Len(291|1|14|10|48)_Del(2|5|12|2);CAGGTGCAGCTGCAGGAGTCGGGCCCAGGAGTGGTGAAGCCTTCGGAGACCCTGTCCCTTACCTGCGCTGTCTATGATGGGTCCTTCAGTGGTTACTACTGGAGCTGGATCCGCCAGCCCCCAGGGAAGGGACTGGAGTGGATTGGGGAAATCAATCATAGTGGAAGCACCAACTACAACCCGTCCCTCAAGAGTCGAATCACCATGTCAGTAGACATGTCCAAGAACCAGTTCTACCTGAAGCTGAGCTCTGTGACCGCCGCGGACACGGCCGTGTATTACTGTGCGAGAAATTGTAATAGTACTTCTCCCGCCCATGCTTTTGATATCTGGGGCCAAGGGACAGTGGTCACCGTCTCTTCAG;40
Seq093_Grp093_IGHV4-34*10_IGHD2/OR15-2b*01_IGHJ3*02_Len(291|1|14|10|48)_Del(2|5|12|2);CAGGTGCAGCTGCAGGAGTCGGGCCCAGGAGTGGTGAAACCTTCGGAGACCCTGTCCCTTACCTGCGCTGTCTATGATGGGTCCTTCAGTGGTTACTACTGGAGCTGGATCCGCCAGCCCCCAGGGAAGGGACTGGAGTGGATTGGGGAAATCAATCATCGTGGAAGCACCAACTACGACCCGTCCCTCAATAGTCGAATCTCCATGTCAGTAGACATGTCCAAGAACCAGTTCTACCTGAAGCTGAGCCCTGTGACCGCCGCGGACACGGCCGTGTATTACTGTGCGAGAAATTGTAATAGTACTTCTCCCGCCCATGCTTTTGATATCTGGGGCCAAGGGACAGTGGTCACCGTCCCTTCAG;30
Seq094_Grp094_IGHV4-34*10_IGHD2/OR15-2b*01_IGHJ3*02_Len(291|1|14|10|48)_Del(2|5|12|2);CAGGTGCAGCTGCAGGAGTCGGGCCCAGGAGTGGTGAAACCTTCGGAGACCCTGTCCCTTACCTGCGCTGTCTATGATGGGTCCTTCAGTGGTTACTACTGGAGCTGGATCCGCCTGCCCCCAGGGAAGGGACTGGAGTGGATTGGGGAAATCAACCATCGTGGAAGCACCAACTACGACCCGTCCCTCAATAGTCGAATCTCCATGTCAGTAGGCATGTCCAAGAACCAGTTCTACCTGAAGCTGAGCCCTGTGACCGCCGCGGACACGGCCGTGTATGACTGTGCGAGATATTGTAATAGTACTTCTCCCGCCCATGCTTTTGATATCTGGGGCCAAGGGACCGTGGACACCGTCCCTTCAG;20
Seq095_Grp095_IGHV4-34*10_IGHD2/OR15-2b*01_IGHJ3*02_Len(291|1|14|10|48)_Del(2|5|12|2);CAGGTGCAGCTACAGGAGTCGGGCCCAGGAGTGGTGAAGCCTTCGGAGACCCTGTCCCTTACCTGCGCTGTCTATGATGGGTCCTTCAGTGGTTACTACTGGAGCTGGATCCGCCAGCCCCCAGGGAAGGGACTGGAGTGGATTGGGGAAATCAATCATAGTGGAAGCACCAACTACAACCCGTCCCTCAAGAGTCGAATCACCATGTCACTAGACATGTCCAAGAACCAGTTCTACCTGAAGCTGAGCTCTGTGACCGACGCGGACGCGGCCGCGTATTACTGTGCGAGAAATTGTAATACTACTTCTCCCGCCCATGGTTTTGATATCTGGGGCCAAGGGACAGTGGTCACCGTCTCTTCAG;10
Seq096_Grp096_IGHV4-34*10_IGHD2/OR15-2b*01_IGHJ3*02_Len(291|1|14|10|48)_Del(2|5|12|2);CAGGTGCAGCTACAGGAGTCGGGCCCAGGAGTGGTGAAGCCTTCGGAGACCCTGTCCCTTACCTGCGCTGTCTATGATGGGTCCTTCAGTGGTTACTACTGGAGCGGGATCCGCCAGCCCCCAGGGAAGGGACTGGAGTGGATTGGGCAAATCAATCAGAGTGGAAGCACCAACTACAACCCGTCCCTCAAGAGTCGATTCACCATGTCACTAGACATGTCCAACAACCAGTTCTACCTGAAGCTAAGCTCTGTGACCGACGCGGACGCGGCCGCGTATTACTGTGCGAGAAATTGTAATACTACTTCTCCCGCCCATGGTTTTGATATCTGGGGCCAAGGGACAGTGGTCGCCGTCTCTTCAG;50
Seq097_Grp097_IGHV4-34*10_IGHD2/OR15-2b*01_IGHJ3*02_Len(291|1|14|10|48)_Del(2|5|12|2);CAGGTGCAGCTACAGGAGTCGGGCCCAGGAGTGGTGAAGCCTTCGGAGACTCTGTCCCTTACCTGCGCTGTCTATGATGGGTCCTTCAGTGGTTATTACTGGAGCGGGATCCGCCAGCCCCCAGGGAAGGGACTGGAGTGGATTGGGCAAATCAATCAGAGTGGAAGCACCAACTACAACCCGTCCCTCAAGAGTCGATTCACCATTTCACTAGACATGTCCAACAACCGGTTCTACCTGAAGCTAAGCTCTGTGACCGGCGCGGACGCGGCCGCGTATTACTGTGCGAGAAATTGTAATACTACTTCTCCCGCCCATGGTTTTGATATCTGGGGCCGAGGGACAGTGTTCGCCGTCTCTTCAG;40
Seq098_Grp098_IGHV4-34*10_IGHD2/OR15-2b*01_IGHJ3*02_Len(291|1|14|10|48)_Del(2|5|12|2);CAGGTGCAGCTACAGGAGTCGGGCCCAGGAGTGGTGAAGCCTTCGGAGACTCTGTCCCTTACCTGCGCTGTCTATGATGGGTCCTCCAGTGGTTATTACTGGAGCGGGATCCGCCAGCCCCCAGGGAAGGGACTGAAGTGGATTGGGCAAATCATTCAGAGTGGCAGCACCAACTACAACCCGTCCCTCAAGAGTCGATTCACCATTTCACTAGACATGTCCAACAACCGGTTCTACCTGAAGCCAAGCTCCGTGACTGGCGCGGACGCGGCCGCGTATTACTGTGCGAGAAATTGTAATACTACTTCTCCCGCCCATGGTTTTGATATCTGGGGCCGAGGGACAGTGTTCGCCGTCTCTTCAG;30
Seq099_Grp099_IGHV4-34*10_IGHD2/OR15-2b*01_IGHJ3*02_Len(291|1|14|10|48)_Del(2|5|12|2);CAGGTGCAGCTACAGGAATCGGGCCCAGGAGTGGTGAAGCCTTCGGAGACTCTGTCCCTTACCTGCGCTGTCTATGATGGGTCCTCCAGTGGTTATTACTGGAGCGGGATCCGCCAGCCCCCAGGGAAGGGACTGAAGTGGATTGGGCAAATCATTCAAAGTGGCAGCACCAACTACAACCCGTCCCTCAAGGGTCGATTCACCATTTCACTAGACATGTCCAACAACCGGTTCTACCTGAAGCCAAGCTCCGTGACTGGCGCGGACGCGGCCGCGTATTACTGTGCGAGGAACTGTAATACTACTTCTCCCGCCCATGGTTTTGATATCTGGGGCCGAGGGACAGTGTTCGCCGTCTCTTCAG;20
Seq100_Grp100_IGHV4-34*10_IGHD2/OR15-2b*01_IGHJ3*02_Len(291|1|14|10|48)_Del(2|5|12|2);CAGGTACAGCTACAGGAATCGGGCCCAGGAGTGGTGAAGCCTTCGGAGACTCTGTCCCTTGCTTGCGCTGTCTATGATGGGTCCTCCAATGGTTCTTACTGGAGCGGGATCCGCCAGCCCCCAGGGAAGGGACTGAAGTGGATTGGGCAAATCATTCAAAGTGGCAGCACCAACTACAACCCGTCCCTCAAGGGTCGATTCACCATTTCACTAGACATGTCCAACAACCGGTTCTACCTGAAGCCAAGCTCCGTGACTGGCGCGGACGCGGCCGCGTATTACTGTGCGAGGAACTGTAATACTACTTCTCCTGCCCATGGTTTTGATATCTGGGGCCGAGGGACAGTGTCCGCCGTCTCTTCAG;10
