SeqName,Seq,TemplateCount
Seq001_Grp001_IGHV7-1*03_IGHD6-2*01_IGHJ2*01_Len(305|13|28|5|46)_Del(1|0|1|2),GAGGTGAAGCTGGTGGAATCTGGAGGAGGCTTGGTACAGTCTGGGCGTTCTCTGAGACTCTCCTGTGCAACTTCTGGGTTCACCTTCAGTGATTTCTACATGGAGTGGGTCCGCCAAGCTCCAGGGAAGGGACTGGAGTGGATTGCTGCAAGTAGAAACAAAGCTAATGATTATACAACAGAGTACAGTGCATCTGTGAAGGGTCGGTTCATCGTCTCCAGAGACACTTCCCAAAGCATCCTCTACCTTCAGATGAATGCCCTGAGAGCTGAGGACACTGCCATTTATTACTGTGCAAGAGATGCGGCGGGGCGGGGAAGGCAGCTAGTCTCTGCAGTGCCACAACTCTCCTACTTTGACTACTGGGGCCAAGGCACCACTCTCACAGTCTCCTCAG,50
Seq002_Grp002_IGHV7-1*03_IGHD6-2*01_IGHJ2*01_Len(305|13|28|5|46)_Del(1|0|1|2),GAGGTGAAGCTGGTGGTATCTGGAGAAGGCTTGGTACAGTCTGGGCGTTCTCTGAGACTCTCCTCTGCAACTTCTGGATTCACCTTCAGTGATTTCTACATGGAGTGGGTCCGCCAAGCTCCAGGGACGGGACTGGAGTGGATTGCTGCAAGTAGAAACAAAGCTAATGATTATACAACAGAGTACAGTGCATCTGTGAAGGGTCGGTTCATCATCTCCAGAGACACTTCCCAAAGCATCCTCTACCTTCAGATGAATGCCCTGGGAGCTGAGGACACTGCCATTTATTACTGTGCAAGAGATGCGGCGGGGCGGGGAAGGCAGCTAGTCTCTGCAGTGCCACAACTTTCCTACTTTGACTACTGGGGCCAAGGCACCACTCTCACAGTCTCCTCAG,40
Seq003_Grp003_IGHV7-1*03_IGHD6-2*01_IGHJ2*01_Len(305|13|28|5|46)_Del(1|0|1|2),GAGGTGAAGCTGGTGGTGTCTGGAGAAGGCTTGGTACAATCTGGGCGTTCTCTGAGACTCTCCTCTGCAACTTCTGGATTCACCTTCAGTGATTTCTACATGGAGTGTGTCCGCCAAGCCCCAGGGACGGGACTGGAGTGGATTGCTGCAAGTAGAAACAAAGCCAATGATTATACAACAGAGTACAGTGCATCTGTGAGGGGTCGGTTCATCATCTCCAGAGACACTTCCCAAAGCATCCTCTACCTTCAGATGAATGCCCTGGGAGCTGAGGACACTGCCATTTATTACTGTGCAAGAGATGCGGCGGGGCGGGGAAGGCAGCGAGTCTCTGCAGTGCCACAATTTTCCTACTTTGACTACTGGGGCCAAGGCACCACTCTCACAGTCTCCTCAG,30
Seq004_Grp004_IGHV7-1*03_IGHD6-2*01_IGHJ2*01_Len(305|13|28|5|46)_Del(1|0|1|2),GAGGTGAAGCTGGTGGTGACTGGAGAAGGCTTGGTACAATCTGGGCGTTCTCTGAGACGCTCCTCTGCAGCTTCTGGATTCACCTTCAGTGATTTCTACATGGAATGTGTCCGCCAAGCCCCAGGGACGGGACTGGAGTGGATTGCTGCAAGTAGAAACAAAGCCAATGATTATACAACAGAGTACAGTGCATCTGTGAGGGGTCGGTTCATCATCTCCAGAGACACTTCCCTAAGCATCCTCTACCTTCAGATGAATGCCCTGGGAGCTGAGGACACTGCCATTTATTACTGTGCAAGAGATGCGGCGGGGCGGGGAAGGCAGCGAGTCTCTGCAGTGCCACAATTTTCCTACGTTGACTACTGGGGCCAATGCACCACTCTCATAGTCTCCTCAG,20
Seq005_Grp005_IGHV7-1*03_IGHD6-2*01_IGHJ2*01_Len(305|13|28|5|46)_Del(1|0|1|2),GAGATGAAGCTGGTGGAATCTGGAGGAGGCTTGGTACAGTCTGGGCGTTCTCTGAGACTCTCCTGTGCAACTTCTGGGTTCACCTTCAGTGATTTCTACATGGAGTGGGTCCGCCAAGCTCCAGGGAAGGGACTGGAGTGGATTGCTGCAAGTAGAAACAAAGCTAATGATTATACAACAGAGTACAGTGCATTCGTGAAGGGTCGGTTCATCGTCTCCAGAGACACTTCCCAAAGGCTCCTCTATCTTCAGATGGATGCCCTGAGAGCTGAGGACACTGCCATTTATTACTGTGCAAGAGATGCGACGGGGCGGGGAAGGCAGCTAGTCTCTGCAGTGCCACAACTCTCCTACTTTGACTACTGGGGCCAAGGCACCACTCTCACAGTCTCCTCAG,10
Seq006_Grp006_IGHV7-1*03_IGHD6-2*01_IGHJ2*01_Len(305|13|28|5|46)_Del(1|0|1|2),GAGATGAAGCTGGTGGAATCTGGAGGAGGCTTGGTACAGTCTGGGCGTTCTCTGAGACTCTCCTGTGCAACTTCTGGGTTGACCTCCAGTGATTTCTACATGGAGTGGGTCCGCCAAGCTCCAGGGAGGGGACTGGACTGGATTGCTGCAAGTAGACACAAAGTTAATGATTATACAACAGAGTACAGTGCATTCGTGAAGGGTCGGTTCATCGTCTCCAGAGACACTTCCCAAAGGCTCCTCTATCTTCAGATGGATGCCCTGAGAGCTGAGGACACTGCCATTTATTACTGTGCAAGAGATGCGACGGGGCGGGGAAGGCAGCTAGTCTCTGCAGTGCCACAACTCTCCTACTTTAACTACTGGGGCCAAGGCACCACTCTCACAGTCTCTTCAG,50
Seq007_Grp007_IGHV7-1*03_IGHD6-2*01_IGHJ2*01_Len(305|13|28|5|46)_Del(1|0|1|2),GAGATGAAGCTGGTGGAATCTGGAGGAGGCTTGGTACAGTCTGGGCGTTCTCTGAGACTCTCCTGTGCAACTTCCGGGTTGACCTCCAGTGATTTCTACATGGAGTGGGTCCGCCAAGCTCCAGGGGGGGGACTTGACTGGATTGCTGCAAGTAGACACAAAGTTAATGATTATACAACAGAGTACACTGCATTTGTGAAGGGTCGGTTCATCGTCTCCAGAGACACTTCCCAAAGGCTCCTCTATCTTAAGATGGATGCCCTGAGAGCTGAGGACACTGCCATTTATTACTGTGCAAGAGATGCGACGGAGCGGGGAAGGCAGCTAGTCTCTGCAGTGCCACAACTCTCCTACTTTAACAACTGGGGCCAAGGCACCACTCTCACAGTCTCTTCAG,40
Seq008_Grp008_IGHV7-1*03_IGHD6-2*01_IGHJ2*01_Len(305|13|28|5|46)_Del(1|0|1|2),GAGGTGAAGCTGGTGGAATCTGGAGGAGGCTTGGTACAGTCTGGGAGTTCTCTGAGACTCTCCTGTGCAACTTCTGGGTTCACCTTCAGTGATTTTTACATGGAGTGGGTCCGCCAAGCTCCCGGGAAGGGACTGGAGTGGATTGCTGCAAGTAGAAACAAAGCTAATGATTATACAACAGAGTACAGTGCATCTGTGGAGGATCGGTTCTTCGTCTCCAGAGACACTTCCCAAAGCATCCTCTACCTTCAGATGAATGCCCTGAGAGCTGGGGACACTGCCATTTATTACTGTGCAGGAGATGCGGCGGGGCGGGGAAGGCAGCTAGTCTCTGCAGTGCCACAACTCTCCTACTTTGACTACTGGGGCCAAGGCACCACTCTCACAGTCTCCTCAG,30
Seq009_Grp009_IGHV7-1*03_IGHD6-2*01_IGHJ2*01_Len(305|13|28|5|46)_Del(1|0|1|2),GAGGTGAAGCTGTTGGAATCTGGAGGAGGCTTGGTACAGTCTGGGAGTTCTCTGAGACTCTCCTGTGCAACTTCTGGGTTCACCTCCAGTGATTTTTACATGGAGTGGGTCCGCCAAACACCCGGGAAGGGAGTGGAGTGGATTGCTGCAAGTAGAAACAAAGCTAATGATTATACAACGGAGTACAGTGCATCTGTGAAGGATCGGTTCTTCGTCTCCAGAGACACTTCCCAAAGCATCCTCTACCTTCAGATGAATGCCCTGAGAGCTGGGGACACTGCCATTTATTACTGTGCAGGAGATGCGGCGGGGCGGGGAAGGCAGCTAGTCTCTGCAGTGCCACAACTCTCCTACTTTAACTACTGGGGCCAAGGCACCACTCTCACAGTCTCCTCAG,20
Seq010_Grp010_IGHV7-1*03_IGHD6-2*01_IGHJ2*01_Len(305|13|28|5|46)_Del(1|0|1|2),GAGGTGAAGCTGTTGGAATCTGGAGGAGGCTTGGTACAGTCTGGGAATTCTCTGAGACTCTCCTGGGCAACTTCTGGGTTCACCTCCAGTGATTTTTACATGGAGTGGGTCCGCCAAACACCCGGGAAGGGAGTGGAGTGGATTGCTGCAAGTAGAAACAAAGCTAATGATTATACAACGGAGTACAGTGCATCCGTGAAGGATCGGTTCTTCGTCTCCAGAGACACTTCCCAAAGCACACTCTACCTTCAGATGAATGCCCTGAGAGCTGGGGACACTGCCATTTATTACTGTGCAGGAGATGCGGCGGGGCGGGCAAGGCAGCTAGTCTCTGCAGTGCCACAACTCTCCTGCTTTAACTACTGGGGCAAAGGCACCACTCTCACAGTCTCCTCAG,10
Seq011_Grp011_IGHV6-6*01_rIGHD2-8*01_IGHJ4*01_Len(300|3|14|7|49)_Del(0|3|0|5),GAAGTGAAGCTTGAGGAGTCTGGAGGAGGCTTGGTGCAACCTGGAGGATCCATGAAACTCTCTTGTGCTGCCTCTGGATTCACTTTTAGTGACGCCTGGATGGACTGGGTCCGCCAGTCTCCAGAGAAGGGGCTTGAGTGGGTTGCTGAAATTAGAAACAAAGCTAATAATCATGCAACATACTATGCTGAGTCTGTGAAAGGGAGGTTCACCATCTCAAGAGATGATTCCAAAAGTAGTGTCTACCTGCAAATGAACAGCTTAAGAGCTGAAGACACTGGCATTTATTACTGTACCAGGGAAGTTACCATAGTAGAGGAGGGGTATGCTATGGACTACTGGGGTCAAGGAACCTCAGTCACCGTCTCCTCAG,50
Seq012_Grp012_IGHV6-6*01_rIGHD2-8*01_IGHJ4*01_Len(300|3|14|7|49)_Del(0|3|0|5),GGAGTGAAGCTTGAGAAGTCTGGAGGAGGCTCGGTGCAACCTGGAGGATCCATGAAACTCTCTTGTGCTGCCTCTGGATTCACTTTTAGTGACGCCTGGATGGACTGGGTCCGCCAGTCTCCAGAGAAGGGGCTTGAGTGGGTTGCTGAAATCAGAAACAAAGCTAATAATCATGCAACATACTATGCTGAGTCTGTGAAAGGGAGGTTCACCATCTCAAGAGATGATTGCAAAAGTAGTGTCTACCTGCCAATGAACAGCTTAAGAGCTGAAGACACTGGCATTTATTACTGTACCAGGGAAGTTACCATAGTAGAGGAGGGGTATGCTATGGACTACTGGGGTCAAGGAACTTCAGTCACCGTCTCCTCAG,40
Seq013_Grp013_IGHV6-6*01_rIGHD2-8*01_IGHJ4*01_Len(300|3|14|7|49)_Del(0|3|0|5),GGAGTGAAGCTTGAGAACTCTGGAGGAGGCTCGGTGCAACCTGGAGGATCCATGAAACTCTCTTGTGCTGCCTCTGGATTCATTTTTAGTGACGCCTGGATGGACTGGGTCCGCCAGTCTCCAGAGAAGGGGCTTGAGTGGGTTGCTGAAACCAGAAACAAAGCTAATAATCAAGCAACATACTATGCTGAGTCTGTGAAAGGGAGGTTCATCATCTCAAGAGATGATTGCAAAAGTAGTGTCTACCTGCCAATGAACAGCTTAAGAGCTGAAGACTCTGGCATTTATTACTGTACCAGGGAAGTTACCATAGTAGAGGAGGGGTATGCTATGGACTACTGGGGTCAAGCAACTTCAGTCACCGTCTCCTCAG,30
Seq014_Grp014_IGHV6-6*01_rIGHD2-8*01_IGHJ4*01_Len(300|3|14|7|49)_Del(0|3|0|5),GGAGTGAAGCTTGAGAACTCTGGAGGAGGCTCGGTGCAACCTGGAGGATCCATGAAACTCTCTTGTGCCGCCTCTGGATTCATCTTTAGTGACGCCTGGATGGGCTGGGTCCGCCAGTCTCCAGAGAAGGGGCTTGAGTGGGTTGCTGAAACCAGAAACAAAGCTAATAATCAAACAACATACTATGCTGAGTCTGTAAAAGGGAGGTTCATCATCTCAAGAGATGATTGCAAAAGTAGTGTCTACCTGCCAATGAACAGCTTAAGAGCTGAAGACTCTGGCCTTTATTACTGTACCAGGGAAGTTACCATAGTAGAGGAGGGGTATGCTATGGACTACTGGGGTCAAGCAACTTCAGTCACCGTCTCCTCGG,20
Seq015_Grp015_IGHV6-6*01_rIGHD2-8*01_IGHJ4*01_Len(300|3|14|7|49)_Del(0|3|0|5),GGAGTGAAGCTTGAGAACTCTGGAGGAGGCTCGGTGCAACCTGGAGGATCCATAAAACTCTCTTGTGCCGCCTCTGGATTCACCTTTAGTGACGCCTGGATGGGCTGGGTCCGCCAGTCTCCAGAGAAGGGGCTTGAGTGGGTTGCTGAAACCAGAAACAAAGCTAATAATCAAACAACATGCTATGCTGAGTCTGTAAAAGGGAGGTTCATCATCTCAAATGATGATTGCAAAAGTGGTGTCTACCTGCCAATGAACAGCTTAAGAGCTGAAGACTCTGGCCTTTATTATTGTACCAGGGAAGTTACCATAGTAGAGGAGGGGTATGCTATGGACTACTGGGGTCAAGCAACTTCAGTCACCGTCTCCTCGG,10
Seq016_Grp016_IGHV6-6*01_rIGHD2-8*01_IGHJ4*01_Len(300|3|14|7|49)_Del(0|3|0|5),GGAGTGAAGCTTGAGAACTCTGGAGGAGGCTCGGTGCAACCTGGAGGATCCATAAAACTCTCTTGTGACACCTCTGGATTCACCTTTAGTGACGCCTGGATGGGCTGGGTCCGCCAGTCTCCAGAGAAGGGGCTTGAGTGGGTTGCTGAAACCAGAAACAAAGCTAATAATCAAACAACATGCTATGCTGAGTCGGTGAAAGGGAGGTTCATCATCTCAAATGATGATTGCAAAAGTGGTGTCTACCTGCCGATGAACAGCTTAAGAGCTGAAAACTCTGGCCTTTATTATTGTACCAGGGAAGTTACCATAGTAGAGGAGGGGTATGCTATGGACTACTGGGGTCGAGCAACTTCAGTCACCGTCTCCTCGG,50
Seq017_Grp017_IGHV6-6*01_rIGHD2-8*01_IGHJ4*01_Len(300|3|14|7|49)_Del(0|3|0|5),AGAGTGAAGCTTGAGAACACTGGAGGAGGCTCGGTGCAACCCGGGGGATCCATAAAACTCTCTTGTGACACCTCTGGATTCACCTTTAGTGACACCTGGATGGGCTGGGTCCGCCAGTCTCCAGAGAAGGGGCTTGAGTGGGTTGCTGAAACCAGAAACAAAGCTAATAGTCAAACAACATGCTATGCTGAGTCGGTGAAAGGGAGGTTCATCATCTCAAATGATGATTGCAAAAGTGGTGTCTACCTGCCGATGAACAGCTTAAGAGCTGAAAACTCTGGCCTTTATTATTGTACCAGGGAAGTTACCATAGTAGAGGAGGGGTATGCTATGGACTACTGGGGTCGAGCGACTTCAGTCACCGTCTCCTCGG,40
Seq018_Grp018_IGHV6-6*01_rIGHD2-8*01_IGHJ4*01_Len(300|3|14|7|49)_Del(0|3|0|5),GGAGTGAAGCTTGAGAACTCTGGAGGAGGCTCGGTGCAACCTGGAGGATCCATGAACCTCTCTTGTGCCGCCTCTGGATTCATCTTTAGTGACGCCTGGATGGGCTGGGTCCGCCAGTCTCCAGAGAAGGGGCTTGAGTGGGTTGCTGAAACCGGAAACAAAGCTAATAATCAAACAACATACTATGCTGAGTCTGTAAAAGGGAGGTTCATCATCTCAAGAGCTGATTGCAAAAGTAGTGTCTACGTGCCAATGAACAGCTTAAGAGCTGAAGACTCTGGCCTTTATTACTGTACCAGGGAAATTACCATAGTAGAGGCGGGGTATGCTATGGACAACTGGGGTCAAGCAACTTCAGTCACCGTCTCCTCGG,30
Seq019_Grp019_IGHV6-6*01_rIGHD2-8*01_IGHJ4*01_Len(300|3|14|7|49)_Del(0|3|0|5),GGAGTGAAGCTTGAGAACTCTGGAGAAGGCTCGGTGCTACCTGGAGGATCCATGAACCTCTCTTGTGCCGCCTCTGGATTCATCTTTAGTGACGCCTGGATGGGCTGGGTCCGCCAGTCTCCAGAGAAGGGGCTTGAGTGGGTTGCTGAAACCGGAAACAAAGCCAAAAATCAAACAACATACTATGCTAAGTCTGTAAAAGGGAGGTTCATCATCTCAAGAGCTGATTGCAAAAGTAGTATCTACGGGCCAATGAACAGCTTAAGAGCTGAAGACTCTGGCCTTTATTACTGTACCAGGGAAATTACCATAGTAGAGGCGGGGTATGCTATGGACAACTGGGGTCAAGCAACTTCAGTCACCGTCTCCTCGG,20
Seq020_Grp020_IGHV6-6*01_rIGHD2-8*01_IGHJ4*01_Len(300|3|14|7|49)_Del(0|3|0|5),GGAGTGAAGCTTGAGAACTCTGGAGAAGGCTCGGTGCTACCTGGAGGATCCATGAACCTCTCTTGTGCCGCCTCTGGATCCATCTTTAGTGACGCCTGGATGGGCTGGGTCCGCCAGTCTCCCGAGAGGGGGCTTGAGTGGGTTGCTGAAACCGGAAACAAAGCCAAAAATCAAACAACATACTATGCTAAGTCTGTAAAAGGGAGGTTCATCATCTCCAGAGCTGATTGCAAAAGTAGTAACTACGGGCCAATGAACAGCTTAAGAGCTGAAGACTCTGGCCTTTATTACTGTACCAGGGAAATTACCATAGTAGAGGCGGGGTATGCTATGGACTACTGGGGTCAAGCAACTTCAGTCACCGTCCCCTCGG,10
Seq021_Grp021_IGHV12-3*01_IGHD2-5*01_IGHJ4*01_Len(300|5|14|3|45)_Del(0|1|2|9),CAGATGCAGCTTCAGGAGTCAGGACCTGGCCTGGTGAAACCCTCACAGTCACTCTTCCTTACCTGCTCTATTACTGGTTTCCCCATCACCAGTGGTTACTACTGGATCTGGATCCGTCAGTCACCTGGGAAACCCCTAGAATGGATGGGGTACATCACTCATAGTGGGGAAACTTTCTACAACCCATCTCTCCAGAGCCCCATCTCCATTACTAGAGAAACGTCAAAGAACCAGTTCTTCCTCCAATTGAACTCTGTGACCACAGAGGACACAGCCATGTATTACTGTGCAGGAGACAGAGTGAGCTACTATAGTAACTTCCCTATGGACTACTGGGGTCAAGGAACCTCAGTCACCGTCTCCTCAG,50
Seq022_Grp022_IGHV12-3*01_IGHD2-5*01_IGHJ4*01_Len(300|5|14|3|45)_Del(0|1|2|9),CAGATGCAGCTTCAGGAGTCAGGACCTGGCCTGGTGAAACCCTCACAGTCACTCTTCCTTACCTGCTCTATTACTGGTTTCCCCATCACCGATGGGTACTACTGGATCTGGATCCGTCAGTCACCTGGGAAAACCCTAGAATGGATGGGGTACATCACTCATAGTGGGGAAGCTTTCTACAACCCATCTCTCCAGAGCCCCAGCTCCATTACTAGAGAAACGTCAAAGAACCGGTTCTTCCTCCAATTGAACTCTGTGACCACAGAGGACACAGCCATGTATTACTGTGCAGGAGACAGAGTGAGCTACTATAGTAACTTCCCTATGGACTACTGGGGTCAAGGAACCTCAGTCACCGTCTCCTCAG,40
Seq023_Grp023_IGHV12-3*01_IGHD2-5*01_IGHJ4*01_Len(300|5|14|3|45)_Del(0|1|2|9),CAGATGCAGCTTCAGGAGTCAAGACCTGGCCTGGTGAAACCCTCACAGTCACTCTTCCTTTGCTGCTCTATTACTGGTTTCCCCATCACCGATGGGTGCTACTGGATCTGGATCCGTCAGTCACCTGGGAAAACCCTAGAATGGATGGGGTACACCACTCATAGTGGGGAAGCTTTCTACAACCCATCTCTCCAGAGCCCCAGCTCCATTACTAGAGAAACGTCAAAGAACCGGTTCCTCCTCCAATTGAACTCTGTGACCACAGAGGACACAGCCATGTATTACTGTGCAGGAGACAGAGTGAGCTACTATAGTAACTTCTCTATGGACTACTGGGGTCAAGGAACCTCAGTCACCGTCTCCTCAG,30
Seq024_Grp024_IGHV12-3*01_IGHD2-5*01_IGHJ4*01_Len(300|5|14|3|45)_Del(0|1|2|9),CAGATGCAGCTTCAGGAGTCCAGACCTGGCCTGGTGAAACCCTCACAGTCACTCTCCCTTTGCTGCTCTATTACTGGTTTCCCCATCACCGATGGGTGCTACTGGATCTGGATCCGTCAGTCACCTGGGAAAACCCTAGAATGGATGGGGTACACCACTCATAGTGGGGAGCCTTTCTACAACCCATCTCTCCAGAGCCACAGCTCCATTACTAGAGAAACGTCAAAGAACCGGTTCCTCCTCCAATTGAACTCTGTGACCACAGAGGACATAGCCATGTATTACTGTGCAGGAGACAGAGTGAGCTACTATAGTAACTTCTCTATGGACTACTGGGGTCAAGGAAACTCAGTCACCGTCTCCTCAG,20
Seq025_Grp025_IGHV12-3*01_IGHD2-5*01_IGHJ4*01_Len(300|5|14|3|45)_Del(0|1|2|9),CAGATGCAGCTTCAGGAGTCCAGACCTGGCCTGGTGAAACCCTCACAGTCACTCTCCCTTTGCTGCTCTATTACTGGTTTCCCCATCACCGATGGGTGCTATTGGATCTGGATCCGTCAGTCACCTGGGAAAACCCTAGAATGGATGGGGTACACCACTCATAGTGGGGAGCCTTTCTACAACCCATCTCCCCAGAGCCACAGCTCCATTACTGGAGAAACGTCAAAGAACCGGTTCCTCCTCCAATTGAACTCTCTGACCACAGAGGACATAGCCATGTATTACTGTGCAAGAGACAGAGTGAGCTACTATAGTAACTTCTTTATGGACTACTGGGGTCAAGGAAACTCAGTCACCTTCTCCTCAG,10
Seq026_Grp026_IGHV12-3*01_IGHD2-5*01_IGHJ4*01_Len(300|5|14|3|45)_Del(0|1|2|9),CAGCTGCAGCTTCAGGAGTCCAGACCTGGCCTGGTGAAACCCTCACAGTCACTCTCCCTTTGCTGCTCTATTACTGGTTTCCCCATCACCGATGGGTGCTATTGGATCTGGATCCGTCAGTCACCTGGAAAAACCCTGGAATGGATGGGATACACCACTCAGAGTGGGGAGCCTTTCTACAACCCATCTCCCCAGAGCCACAGCTCCATTACTGGAGAAACGTCAAAGAACCGGTTCCTCCTCCAATTGAACTCTCTGACCACAGAGGACATAGCCATGTATTACTGTGCAAGAGACAGAGTGAGCTACCATAGTAACTTCTTTATGGACTACTGGGGTCAAGGAAACGCAGTCACCTTCTCCTCAG,50
Seq027_Grp027_IGHV12-3*01_IGHD2-5*01_IGHJ4*01_Len(300|5|14|3|45)_Del(0|1|2|9),CAGTTGCAGCTTCAGGAGTCCATACCTGGCCTGGTGAAACCCTCACAGTCACTCTCCCTTTGCTGCTCTATTACTGGTTTCCCCATCATCGATGGGTGCTATTGGATCTGGATCCGTCAGTCACCTGGAAAAACGCTGGAATGGATGGGATACACCACTCAGAATGGGGAGCCTTTCTACAACCCATCTACCCAGAGCCACAGCTCCATTACTGGAGAAACGTCAGAGAACCGGTTCCTCCTCCAATTGAACTCTCTGACCACAGAGGACATAGCCATGTATTACTGTGCAAGAGACAGAGTGAGCTACCATAGTAACTTCTTTATGGACTACTGGGGTCAAGGAAACGCAGTCACCTTCTCCTCAG,40
Seq028_Grp028_IGHV12-3*01_IGHD2-5*01_IGHJ4*01_Len(300|5|14|3|45)_Del(0|1|2|9),CAGATGCAGCTTCAGGAGTCAGGACCTGGCCTGGTGAAACCCTCACAGTCACTCTTCCTTACCTGCTCTATTACTGGTTTCCCCATCACCAGTGGTTACTACCGGATCTGGATCCGTCAGTCACCTGGGAAACCCCTAGAATGGATGGGGTACATCACTCATAGTGGGGAAACTTTCTACAACCTATCGCTCCAGAGCCCCATCTCCATTACTCGAGAAACGTCAAAGAACCAGTTCTTCCTCCAATTGAACTCTGTGACCACAGAGGACACAGCCATGTATTACTGTGCAGGAGACAGAGTGAGCTACTATAGTAACTTCCCTATGAACTACTGGGGTCAAGGAACCTCAGTCACCGCCTCCTCAT,30
Seq029_Grp029_IGHV12-3*01_IGHD2-5*01_IGHJ4*01_Len(300|5|14|3|45)_Del(0|1|2|9),CAGATGCAGCTTCAGGAGTCAGGACCTGGCCTGGTGAAACCCTCACAGTCACTCTTCCTTACCTGCTCTATTACTGGTTTCCCCATCACCAGTGGTTACTACCGGATCTTGATCCGTCAGTCACCTGGGAAACCCCTAGAATGGATGGGGTGCATCACTCATAGTGGGGAAATTTTCTATAACCTCTCGCTCCAGAGCCCCATCTCCATTACTCGAGAAACGTCAAAGAACCAGTTCTTCCTCCAATTGAACTCTGTGACCACAGAGGACACAGCCATGTATTACTGTGCAGGAGACAGAGTGAGCTACTATAGTAACTTCCCTATGAACTACTGGGGTCAAGGAACCTCTGTCACCGCCCCCTCAT,20
Seq030_Grp030_IGHV12-3*01_IGHD2-5*01_IGHJ4*01_Len(300|5|14|3|45)_Del(0|1|2|9),CAGATGAAGCTCCAGGAGTCAGGACCTGGCCTGGTGAAACCCTCACAGTCACTCTTCCTTACCTGCTCTATTACTGGTTTCCCCATCACCAGTGGTTACTACCGGATCTTGATCCATCAGTCACCTGGGAAACCCCTAGAATGGATGGGGTGCATCACTCATAGTGGGGAAATTTTCTATGACCTCTCGCTCCAGAGCCCCATCTCCATTACTCGAGAAACGTCAAAGAACCAGTTCTTCCTCCAATTGAACTCTGTGGCCACAGAGGACACAGCCATGTATTACTGTGCAGGAGACAGAGTGAGCTACTATGGTAACTTCCCTATGAACTACTGGGGGCAAGGAACCTCTGTCACCGCCCCCTCAT,10
Seq031_Grp031_IGHV1-52*01_rIGHD6-3*01_IGHJ2*01_Len(292|3|24|0|45)_Del(2|1|4|3),CAGGTCCAACTGCAGCAGCCTGGGGCTGAGCTGGTGAGGCCTGGGTCTTCAGTGAAGCTGTCCTGCAAGGCTTCTGGCTACACCTTCACCAGCTACTGGATGCATTGGGTGAAGCAGAGGCCTATACAAGGCCTTGAATGGATTGGTAACATTGACCCTTCTGATAGTGAAACTCACTACAATCAAAAGTTCAAGGACAAGGCCACATTGACTGTAGACAAATCCTCCAGCACAGCCTACATGCAGCTCAGCAGCCTGACATCTGAGGACTCTGCGGTCTATTACTGTGCAAGGGGTTGTGGCACTGCAGAGGCTAGCTACTTTGACTACTGGGGCCAAGGCACCACTCTCACAGTCTCCTCAG,50
Seq032_Grp032_IGHV1-52*01_rIGHD6-3*01_IGHJ2*01_Len(292|3|24|0|45)_Del(2|1|4|3),CAGGTCCAACTGCAGCAGCCTGGGGCTGAGCTGGTGAGGCCTGGGTCTTCAGCGAAGCTGTCCTGCAAGGCTTCTGGCTACACCTTCACCAGCTACTGGATGCATTGGGTGAAGCAGAGGTCTATACAAGGCCTTGAATGGATTGGTAACATTGACCCTTCTGATAGTGAAACTTACTACAATCAAAAGTTCAAGGCCAAGGCCACATTGACTGTAGACAAATCCTCCAGCACAGCCTACATGCAGCTCAGAAGCCTGACATCTGAGGACTCTGCGGTCTATTACTGCGCAAGGGGTTGTGGCACTGCAGAGGCTAGCTACTTTAACTACTGGGGCCAAGGCACCACTCTCACAGTCTCCTCAG,40
Seq033_Grp033_IGHV1-52*01_rIGHD6-3*01_IGHJ2*01_Len(292|3|24|0|45)_Del(2|1|4|3),CAGGTCCAACTGCAGCAGCCTGGGGCTGAGCTGGTGAGGCCTGGGTCTTCAGCAAAGCTGTCCTGCAAGGCTTCTGGCTACACCTTCACCAGCTACTGGATGCATTGGGTGAAGCAGTGGTCTATACAAGGCCTTGAATGGATTGGTAACATTGACCCTTCTGATAGTGAAAGTTACTACAATCAAAAGTTCAAGGCCAAGGCCACATTGACTGTAGACAAATCCTGCAGCACAGCCTACATGCAGCTCAGAAGCCTGACATCTGAGGATACTGCGGTTTATTACTGCGCAAGGGGTTGTGGCACTGCAGAGGCTAGCTACTTTAACTACTGGGGCCAAGGCACCACTCTCACAGTCTCCTCAG,30
Seq034_Grp034_IGHV1-52*01_rIGHD6-3*01_IGHJ2*01_Len(292|3|24|0|45)_Del(2|1|4|3),CAGGTCCAACTGCAGCAGCCTGGGGCTGCGCTGGTGAGGCCTGGGTCTTCAGCAAAGCTGTCCTGCAAGGCTTCTGGCTACACCTTCACCAGCTACTGGATGCATTGGGTGAAGCAATGGTCTATACAAGGTCCTGAATGGATTGGTAACATTGACCCTTCTGATAGTGAAAGTTACTACAATCAAAAGTTCAAGGCCAAGGCCACATTGACTGTAGACAAATCCTGCAGCACAGCCTACATGCAGCTCAGAAGCCTGACATCTGAGGATACTGCGGTTTATTACTGCGCAAGGGGTTGTGGCACTGCAGAGGCTAGCTACTTCAATTACTGGGGCAAAGGCACCACTCTCACAGTCTCCTCAG,20
Seq035_Grp035_IGHV1-52*01_rIGHD6-3*01_IGHJ2*01_Len(292|3|24|0|45)_Del(2|1|4|3),CAGGTCCAACTGCAGCAGCCTGGGGCTGAGCTGGTGAGGCCTGGGTCTTCAGCGAAGCTGTCCTGCAAGGCTTCTGGCTACACCTTCATTAGCTACTGGATGCATTGGGTGAAGCAGAGGTCTATACAAGGCCTTGGATGGATTGGTAACATTGACCCTTCTGATAGTGAAACTTACTACAATCAAAAGTTCAAGGCCAAGGCCACATTGACTGTAGACAAATCCTCCAGCACAGCCTACATGCAGCTCAGAAGCCTGACATCTGAGGACTCTGCGGTCTATTACTGCGCAAGGGGTTGTGGCACTGCAGAGGCTAGCTACTTTAACTACTGGGGCCAAGGTATCGCTCACACAGTCTCCTCAG,10
Seq036_Grp036_IGHV1-52*01_rIGHD6-3*01_IGHJ2*01_Len(292|3|24|0|45)_Del(2|1|4|3),CAGGTCCAACTGCAGCAGCCTGGGGCTGAGCTGGTGAGGCCTGGGTCTTCAGCGAAGCTGTCCTGCAAGGCTTCTGGCTACAGCTTCATTAGCTACTGGATGCATTGGGTGAAGCAGTGGTCTATCCAAGGCCTTGGATGGATTGGTAACATTGACCCTTCTGATAGTGAAACTTACTACAATCAGAAGTTCAAGGCCAAGGCCACATTGACTGTAGACAAATCCTCCAGCACAGCCTACATGCTGCTCAGAAGCCTGACATCTGAGGAGCCTGCGGTCTATTACTGCGCAAGGGGTTGTGGCACTGCAGAGGCTAGCTACTTTAACTACTGGGGCCAAGGTATCGCTCACACAGTCTCCTCAG,50
Seq037_Grp037_IGHV1-52*01_rIGHD6-3*01_IGHJ2*01_Len(292|3|24|0|45)_Del(2|1|4|3),CAGGTCCAACTGCAGCAGCCTGGGGCTGAGCTGGTGAGGCCTGGGTCTTCGGCGAAGCTGCCCTGCAAGGCTTCTGGCTACAGCTTCATTAGCTACTGGATGCATTGGGTGGAGCAGTGGTATATCCAAGGCCTTGGATGGATTGGTAACATTGACCCTTCTCATAGTGAAACTTACCACAATCAGAAGTTCAAGGCCAAGGCCACATTGACTGTAGACAAATCCTCCAGCACAGCCTACGTGCTGCTCAGAAGCCTGACATCTGAGGAGCCTGCGGTCTATTACTGCGCAAGGGGTTGTGGCACTGCAGAGGCTAGCTACTTTAACTACTGGGGCCAAGGTATCGCTCACACAGTCTCCTCAG,40
Seq038_Grp038_IGHV1-52*01_rIGHD6-3*01_IGHJ2*01_Len(292|3|24|0|45)_Del(2|1|4|3),CAGGTCCAACTGCAGCAGCCTGGCGCTGAGCTGGTGAGGCCTGGGACTTCAGCGAAGCTGTCCTGCAACGCTTCTGGCTACAGCTTCATTAGCTACTGGATGCATTGGGTGAAGCAGTGGTCTATCCAAGGCCTTGGATGGATTGGTAACATTGACCCTTCTGATAGTGAAACTTACTACAATCAGAAGTTCAAGGCCAAGGCCACATTGACTGTAGACAAATCCTCCAGAACAGCCTACATGCTGCTTAGAAGCCTGACATCTGAGGAGCCTGCGGTCTATTACTGCGCAAGGGATTGTGGCACTGCAGAGGCTAGCTACTTTAACTACTGGGGCCAAGGTATCGCTCACCCAGTCTCCTCAG,30
Seq039_Grp039_IGHV1-52*01_rIGHD6-3*01_IGHJ2*01_Len(292|3|24|0|45)_Del(2|1|4|3),CAGGTCCAACTGCGGCAGCCTGGCGCTGAGCTGGTGAGGCCTGGGACTTCAGCGAAGCTGTCCTGCAACGCTTCTGGCTACAGCTTCATTAGCTACTGGATGCATTGGGTGAAGCAGTGGTCTATCCAAGGCCTTGGATGGATTGGTAACATTGACCCTTCTGATAGTGAAACTTACTACAATCAGAAGTTCAAGGCCAAGGCCACCTTGACTGTAGACAAACCCTCCAGAACAGCCTACATGCTGCTTAGAAGCCTGACATCTGAGGAGCCTGCGGTCTATTACTGCGCAAGGGATTGTGGCACTGCAGAGGCTAGCTACTTTAACCACTGGGGACAAGGTATCGCTAACCCAGTCTCCTTAG,20
Seq040_Grp040_IGHV1-52*01_rIGHD6-3*01_IGHJ2*01_Len(292|3|24|0|45)_Del(2|1|4|3),CAGGTCCAACTGCGGCTGCCTGGCGCTGAGCTGGTGGGGCCTGGGACTTCAGCGAAGCTTTCCTGCAACGCTTCTGGCTACAGCTTCATTAGCTACTGGATGCATTGGGTGAAGCAGTGGTCTATCCAAGGCCTTGGATGGATTGGTAACATTGACCCTTCTGATAGTGAAACTTACTACAATCAGAAATTCAAGGCCAAGGCCACCTTGACTATAGACAAACCCTCCAGAACAGCCTACATGCTGCTTCGAAGCCTGACATCTGAGGAGTCTGCGGTCTATTACTGCGCAAGGGATTGTGGCACTGCAGAGGCTAGCTACTTTAACCACTGGGGACAAGGTATCGCTAACCCAGTCTCCTTAG,10
Seq041_Grp041_IGHV1-31*01_rIGHD2-7*01_IGHJ4*01_Len(293|0|3|6|53)_Del(1|1|13|1),GAGGTTCAGCTGCAGCAGTCTGGACCTGAGCTGGTGAAGCCTGGGGCTTCAGTGAAGATATCCTGCAAGGCTTCTGGTTACTCATTCACTGGCTACTACATGCACTGGGTGAAGCAGAGCCATGGAAATATCCTCGATTGGATTGGATATATTTATCCTTACAATGGTGTTTCTAGCTACAACCAGAAATTCAAGGGCAAGGCCACATTGACTGTAGACAAGTCCTCTAGCACAGCCTACATGGAGCTCCGCAGCCTGACATCTGAGGACTCTGCAGTCTATTACTGTGCAAGTCGGAGGTGTTACTATGCTATGGACTACTGGGGTCAAGGAACCTCAGTCACCGTCTCCTCAG,50
Seq042_Grp042_IGHV1-31*01_rIGHD2-7*01_IGHJ4*01_Len(293|0|3|6|53)_Del(1|1|13|1),GAGGTTCAGCTGCAGCAGTCTGGACCTGAGCTGGTGAAGCCTAGGGCTTCAGTGAAGATATCCTGTAAGGCTTCTGGTTACTCATTCACTGGCTACTACATGCACTGGGTGAAGCAGAGCCATGGAAATATCCTCGATTGGATTGGATATATTTATCCTTACAATGGTGTTTCTAGCTACAGCCAGAAATTCAAGGGCAAGGCCACATTGACTGTAGACAAGTCCTCTAGCACAGCCTACATGGAGCTCCGCAGCCGGACATCTGAGGACTCTGCAGTCTATTACTGTGCCAGTCGGGGGTGTTACTATGCTATGGACTACTGGGGTCAAGGAACTTCAGTCACCGTCTCCTCAG,40
Seq043_Grp043_IGHV1-31*01_rIGHD2-7*01_IGHJ4*01_Len(293|0|3|6|53)_Del(1|1|13|1),GAGGTTCAGCTGCAGCAGTCTGGACCTGAGCTGGTCAAGCCTAGGGCTTCAGTGAAGATATCCTGTAAGGCTTCTGGTTACTCATCCACTGGCTACTACATGCACTGGGTGAAGCAGAGCCATGGAAATATCCTCGATTGGATTGGATATATTTGTCCTTACGATGGTGTTTCTAGCTACAGCCAGAAATTCAAGGGCAAGGCCGCATTGACTGTAGACAAGTCCTCTAGCAGAGCCTACATGGAGCTCCGCAGCCGGACATCTGAGGACTCTGCAGTCTATTACTGTGCCAGTCGGGGGTGTTACTATGCTATGGACTACTGGGGTCAAGGAACTTCAGTCACCGTCTCCTCAG,30
Seq044_Grp044_IGHV1-31*01_rIGHD2-7*01_IGHJ4*01_Len(293|0|3|6|53)_Del(1|1|13|1),GAGGTTCAGCTGCAGCAGTCTGGACCTGAGCTGGTCAAGCCTAGGGCTTCAGTGAAGATATCCTGTAAGGCTTCTGGTGACTCATCCACTGGCTACTACATGCACTGGGTGAAGCGGAGCCATGGAAATATCCTCGATTGGATTGGGTATATTTGTCCTTACGATGGTGTTTCTAGCTACAGCCAGAAATTCAAGGGCAAGGCCGCATTGACTGTGGACAAGTCCTCTAGCAGAGCCTACGTGGAGCTCCGCAGCCGGACATCTGAGGACTCTGCAGTCTATTACTGTGCCAGCCGGGGGAGTTACTATGCTATGGACTACTGGGGTCAAGGAACTTCAGTCACCGTCTCCTCAG,20
Seq045_Grp045_IGHV1-31*01_rIGHD2-7*01_IGHJ4*01_Len(293|0|3|6|53)_Del(1|1|13|1),GAGGTTCACCTGCAGCAGTCTGGACCTGAGCTGGTCAAGCCTAGGGCTTCAGTGAAGATATCCTGTAAGGCTTCTGGTTACTCATCCACTGGCTACTACATGCGCAGGGTGAAGCAGAGCCATGGAAATATCCTCAATTGGATTGGATATATTTGTCCTTACAATGGTGTTTCTAGCTACAGCCAGAAATTCAAGGGCAGGGCCGCATTGACTGTAGACAAGTCCTCTAGCAGAGCCTACATGGAGCTCCGCGGCCGGACATCTGAGGACTCTGCAGTCTATTACTGTGCCAGTCGGGGGTGTTACTATGCTATGGACTACTGGGGTCAAGGAACTTCAGTCACCGTCTCCTCAG,10
Seq046_Grp046_IGHV1-31*01_rIGHD2-7*01_IGHJ4*01_Len(293|0|3|6|53)_Del(1|1|13|1),CAGGTTCACCTGCAGCAGTCTGGACCTGAGCTGGTCAAGCCTAGGGCTTCAGTGAAGATATCCTGTAAGGCTTCTGGTTACTCATCCACTGGCTACTACATGCGCAGGGTGAAGCAGAGCCTTGGAAATATCCTCAACTGGATTGGACATATTTGTCCTTACAATGGTGTTTCTAGCTATAGCCAGAAATTCAAGGGCAGGGCCGCATTGACTGTAGACAAGTCCTCTAGCAGTGCCTACATGGAGCTCCGCGGCCGGACATCTGAGGACTCTGCAGTCTATTACTGTGCCAGTCGGGGGTGTTACTATGCTATCGACTACTGGGGTCAAGGAACTTCAGTCACCGTCTCCTCAG,50
Seq047_Grp047_IGHV1-31*01_rIGHD2-7*01_IGHJ4*01_Len(293|0|3|6|53)_Del(1|1|13|1),CAGTTTCACCTGCAGCAGTCTGGACCTGAGCTGGTCAAGCCTAGGGCTTCTGTGAAGATATCCTGTAAGGCTTCTGGTTACTCATCCACTGGCTACTACATGCGCAGGGTGAAGCAGAGCCTTGGAAGTATCCTCAACTGGATTGGACATGTTTGTCCTTACAATGGTGTTTCTAGCTATAGCCAGAAATTCAAGGGCAGGGCCGCATTGACTGTAGACAAGTCCTCTAGCAGTGCCTACATGGAGCTCCGCTGCCGGACATCTGAGGACTCTGCGGTCTATTACTGTGCCAGTCGGGGGTGTTACTATGCTATCGACAACTGGGGTCAAGGAACTTCAGTCACCGTCTCCTCAG,40
Seq048_Grp048_IGHV1-31*01_rIGHD2-7*01_IGHJ4*01_Len(293|0|3|6|53)_Del(1|1|13|1),CAGTTTCACCTGCAGCAGTCTGGACCTGAGCTGGTCAAGCCTAGGGCTTCTGTGAAGATATCCTGTAAGGCTTCTGGTTACTCATCCACTGGCTACTACATGCGCAGGGTGAAGCAGAGCCTTGGAAGTATCCTCAACTGGATTGGACATGTTTGTACTTTCAATGGTGTTTCTTGCTACAGCAAGAAATTCAAGGGCAGGGCCGCATTGATTGTAGACAAGTCCTCTAGCAGTGCCTACATGGAGCTCCGCTGCCGGACATCTGAGGACTCTGCGGTCTATTACTGTGCCAATCGGGGGTGTTACTATGCTATCGACAACTGGGGTCAAGGAACTTCAGTCACCGTCTCCTCAG,30
Seq049_Grp049_IGHV1-31*01_rIGHD2-7*01_IGHJ4*01_Len(293|0|3|6|53)_Del(1|1|13|1),CAGTTTCATCTGCAGCAGTCTGGACCTGAGCTGATCAAGCCTAGGGCTTCTGAGAAGATATCCAGTAAGGCTTCTGGTTACTCATCCACTGGCTACTACATGCGCAGGGTGAAGCAGAGCCTTGGAAGTATCCTCAACTGGATTGGACATGTTTGTGCTTTCAATGGTGTTTCTTGCTACAGCAAGAAATTCAAGGGCAGGGCCGCATTGATTGTAGATAAGTCCTCTAGCAGTGCCTACATGGAGCTCCGCTGCCGGACATCTGAGGACTCTGCGGTCTATTACTGTGCCAATCGGGGGTGTTACTATGCTATCGAGAACTGGGGTCAAGGAACTTCAGTCACCGTCTCCTCAG,20
Seq050_Grp050_IGHV1-31*01_rIGHD2-7*01_IGHJ4*01_Len(293|0|3|6|53)_Del(1|1|13|1),CAGTTTCATCTGCAGCAGTCTGGACCTGAGCTGATCAAGCCTAGGGCTTCTGAGAAGATATCCAGTAAGGCTTCTGGTTACTCATCCACTGGCTACTACATGCGCAGGGTGAAGCAGAGCCTTGGAAGTATCCTCAACTGGATTGGACATGTTTGTGCTTTCAATGGTGTTTCTTGCTGCAGCAAGAAATTCAAGGGCCGGGCCGCATTGATTGTAGATAAGTCCTCTAGCAGTGCCTACAAGGAGCTCCGCTGCCGGACATCTAAGGACTCTGCGGTCTATTACTGTGCCAATCAGGGGCGTTACTATGCTATCGAGAACTGGGGTCAAGGAACTTCAGTCTCCGTCTCCTCAG,10
Seq051_Grp051_IGHV7-4*04_IGHD2-3*01_IGHJ3*01_Len(306|13|4|4|46)_Del(0|4|9|2),GAGGTGAAGCTGGTGGAATCTGGAGGAGGCTTGGTACAGCCTGGGGGTTCTCTGAGACTCTCCTGTGCAGCTTCTGGATTCACCTTTACTGATTACTACATGAGCTGGGTCCGCCAGCCTCCAGGGAAGGCACCTGAGTGGTTGGCTTTGATTAGAAACAAAGCTAATGGTTACACAACAGAGTATACTGCATCTGTTAAGGGTCGGTTCACCATCTCCAGAGATAATTCCCAAAACATCCTCTATCTTCAAATGAACACCCTGAGGGCTGAGGACAGTGCCACTTATTACTGTGTAAAAGCTGTAAGGGGGAAGGGGGTGATTCCCTGGTTTGCTTACTGGGGCCAAGGGACTCTGGTCACTGTCTCTGCAG,50
Seq052_Grp052_IGHV7-4*04_IGHD2-3*01_IGHJ3*01_Len(306|13|4|4|46)_Del(0|4|9|2),GAGGTGAAGCTGGTGGAATCTGGAGGAGGCTTGGTACAGCCTGGGGGTTCTCTGAGACTCTCCTGTGCAGCTTCTGGATCCACCTTTACTGATTACTACATGAGCTGGGTCCGCCTGCCTCCAGGAAAGGCACCTGAGTGGTTGGCTGTGATTAGAAACAAAGCTAATGGTTACACAACCGAGTATACTGCATCTGTTAAGGGTCGGTTCAACATCTCCAGAGATAATTCCCAAAACATCCTCTATCTTCAAATGAACACCCTGAGGGCTGAGGACAGTGCCACTTATTACTGTGTAAAAGCCGTAAGGGGGAAGGGGGTGATTCCCTGGTTTGCTTACTGGGGCCAAGGGACTCTGGTCACTGTCTCTGCAG,40
Seq053_Grp053_IGHV7-4*04_IGHD2-3*01_IGHJ3*01_Len(306|13|4|4|46)_Del(0|4|9|2),GAGGTGAAGCTGGTGGAATCTGGAGGAGGCTTGGTACAGCCTGGGGGTTCTCGAAGGCTCTCCTGTGCAGCTTCTGGATCCACCTTTACTGATTACTACATGAGCTGGGTCCGCCTGCCTCCAGGAAAGGCACCTGAGTGGTTGGCTGGGATTAGAAACAAAGCTAATGGTTACACAACCGAGTATACTGCATCTGTTAAGGGTCGGTTCAACATCTCCAGAGATAATTCCCAAAACATCCTCTATCTTCAAATGAACACCCTGAGTGCTGAGGACAGTGCCACTTATTACTGTGTAAACGCCGTTAGGGGGAAGGGGGTGATTCCCTGGTTTGCTTACTGGGGCCAAGGGACTCTGGTCACTGTCTCTGCAG,30
Seq054_Grp054_IGHV7-4*04_IGHD2-3*01_IGHJ3*01_Len(306|13|4|4|46)_Del(0|4|9|2),GAGGTGAAGCTGGTGGAACCTGGAGGAGGCTTGGTACAGCCTGGGGGTTCTCGAAGGCTCTCCTGTGTAGCTTCTAGATCCACCTTTACTGATTACTACATGAGCTGGGTCCGTCTGCCTCCAGGAAAGGCACCTGAGTGGTTGGCTGGGATTAGAAACAGAGCTAATGGTTACACAACCGAGTATACTGCATCTGTTAAGGGTCGGTTCAACATCTCCAGAGATAATTCCCAAAACATCCTCTATCCTCACATGAACACCCTGAGTGCTGAGGACAGTGCCACTTATTACTGTGTAAACGCCGTTAGGGGGAAGGGGGTGATTCCCTGGTTTGCTTACTGGGGCCAAGGGACTCTGGTCACTGTCTCTGCAG,20
Seq055_Grp055_IGHV7-4*04_IGHD2-3*01_IGHJ3*01_Len(306|13|4|4|46)_Del(0|4|9|2),GAGGTGAAGCTGGTGGAAACTGGAGGAGGCTTGGTACAGCCTGGGGGTTCACGAAGGCTCTCCTGTGCAGCTACTGGATCCACCTTTACTGATTACTACATGAGCTGGGTCCACCTGCCTCCAGGAAAGGCACCTGAGTGGTTGGCTGGGATTAGAAACAAAGCTAATGGTTACACAACCGAGTATACTGCATCTGTTAAGGGTCGGTTCAACATCTCCAGCGATAATTCCCAAAACATCCTCTATCTTCAAACGAACACCCTGAGTGCTGAGGACAGTGCCACTTATTACTGTGTATACGCCGTTAGGGGGAAGGGGGTGATTCCCTGGTTTGCTTACTGGGGCCAAGGGACTCTGGTCACTGTCTCTGCAG,10
Seq056_Grp056_IGHV7-4*04_IGHD2-3*01_IGHJ3*01_Len(306|13|4|4|46)_Del(0|4|9|2),GAGGTGAAGCTGGTGGAAACTGGAGGAGGCTTGGTACAGCCTAGGGGTTCACGAAGGCTCTCCTGTGAAGCTACTGGATCCACCTTTACTGATTACTACATGAGCTCGGTCCATCTGCCTCCAGGAAAGGCACCTGAGTGGGTGGCTGGGATTAGAAACAAAGCTAATGGTTACACAACCGAGTATACTGCATCTGTTAAGGGTCGGTTCAACATCTCCAGCGATAATTCCCAAAACATCCTCTATCTTCAAACGAACACCCTGAATGCTGAGGACAGTGCCGCTTATTACTGTGTATACGCCGTTAGGGGGAAGGGGGTGATTCCCTGGTTTGCTTACTGGGGCCAAGGGACTCTGGTCACTGTCTCTGCAG,50
Seq057_Grp057_IGHV7-4*04_IGHD2-3*01_IGHJ3*01_Len(306|13|4|4|46)_Del(0|4|9|2),GAGGTGAAGCTGGTGGAAACTGGAGGTGGGTTGGTACAGCCTAGGGGTTCACGATGGCTCTCCTGTGAAGCTACTGGATCCACCTTTACTGATTACTACATGAGCTCGGTCCATCTGCCTCCAGGAAAGGCACCTGAGTGGGTGGCTGGGATTGGAAACAAAGCTAATGGTTACACAACCGAGTATACTGCATCTGTTAAGGGTCGGTTCAACATCTCCAGCGATAATTCCCAAAACATCCTCTATCCTCAAACGAACACCCTGAATGCTGAGGACAGTGCCGCTTATTACTGTGTATACGCCGTTAGGGGTAAGGGGCTGATTCCCTGGTTTGCTTACTGGGGCCAAGGGACTCTGGTCACTGTCTCTGCAG,40
Seq058_Grp058_IGHV7-4*04_IGHD2-3*01_IGHJ3*01_Len(306|13|4|4|46)_Del(0|4|9|2),GAGGTGAAGCTGGTGGAAACTGGAGGAGGCTTGGTACAGCCTATGGGTTCACGAAGGCTCTCCTGTGCAGCTACTGGATCCACCTTTACTGATTACTACATGAGCTCGGTCCATCTGTCTCCAGGAAAGGCACCTGAGTGGGTGGCTGGGATTAGAAACAAAGCTAATGGTTACACAACCGAGTATACTGCATCTGTTAAGGCTCGGTTCAACTTCTCCAGCGATAATTCCCAAAACATTCTCTATCTTCAAACGAACACCCTGAATGCTGAGGACAGTGCCGCTTATTACTGTGTATACGCCGTTAGGGGGAAGGGGGTGATTCCCTGGTTTGCTTACTGGGGCCAAGGGACTCTGGTCGCTGTCTCTGCAG,30
Seq059_Grp059_IGHV7-4*04_IGHD2-3*01_IGHJ3*01_Len(306|13|4|4|46)_Del(0|4|9|2),GAGGTGAAGCTGGTGGAAACTGGAGGAGGCTTGGTACAGCCTATGGGTTCACGAAGGCTCTCCTGTGCAGCTACTGGATCCACCTTTATTGATTACTACATGAGCTCGGTCCATCTGTCTCCAGGAAAGGCACCTGAGTGGGTGGCTGGGATTAGAAACAAAGATAATGGTTACACAACCGAGTATACTGCGTCTGTTAAGGCTCGGTTCAATTTCTCCAGCGATAATTCCCAAGACATTCTCTATCTTCAAACGAACACCCTGAATGCTGAGGACAGTGCCGCTTATTACTGTGTATACGCCGTTCGGGGAAAGGGGGTGATTCCCTGGTTTGCTTACTGGGGCCAAGGGACTCTGGTCGCTGTCTCTGCAG,20
Seq060_Grp060_IGHV7-4*04_IGHD2-3*01_IGHJ3*01_Len(306|13|4|4|46)_Del(0|4|9|2),GAGGTGAAGCTGGTGGAAACTGGAGGGAGCTTGGTACAGCCTATGGGTTCACGAAGGCTCTCCTGTGCAGCTACTGGATCCACCTTTATTGATTACTACATGAGCTCGGTCCATCTGTCTCCAGGAAAGGCACCTGAGTGGGTGGCCGGGATTAGAAACAAAGATAGTGGTTACACAACCGAGTATATTGCGTCTGTTAAGGCTCGGTTCAATTTCTCCAGCGATAATTCCCAAGACATTCTCTATCTTCAAACGAACACACTGAATGCTGAGGACAGTGCCGCTTATTACTGTGTATACGCCGTTCGGGGAAAGGGGGTGATTCCCCGGTTTGCTTACTGGGGCCAAGGGACTCTGGTCGCTGTCTCTGCAG,10
Seq061_Grp061_IGHV10-3*01_IGHD1-1*01_IGHJ2*01_Len(301|12|6|0|42)_Del(0|13|4|6),GAGGTGCAGCTTGTTGAGTCTGGTGGAGGATTGGTGCAGCCTAAAGGATCATTGAAACTCTCATGTGCCGCCTCTGGTTTCACCTTCAATACCTATGCCATGCACTGGGTCCGCCAGGCTCCAGGAAAGGGTTTGGAATGGGTTGCTCGCATAAGAAGTAAAAGTAGTAATTATGCAACATATTATGCCGATTCAGTGAAAGACAGATTCACCATCTCCAGAGATGATTCACAAAGCATGCTCTATCTGCAAATGAACAACCTGAAAACTGAGGACACAGCCATGTATTACTGTGTGAGAGAGGGTGAAAGGATAGTAGTTGACTACTGGGGCCAAGGCACCACTCTCACAGTCTCCTCAG,50
Seq062_Grp062_IGHV10-3*01_IGHD1-1*01_IGHJ2*01_Len(301|12|6|0|42)_Del(0|13|4|6),GAGGTGCAGCTTGTTGAGTCTGGTGCGGGTTGGGTGCACCCTAAAGGATCATTGAAACTCTCATGTGCCGCCTCTGGTTTCACCTTCAATACCTATGCCATGCAATGGGTCCGCCAGGCTCCAGGAAAGGGTTTGGAATGGGTTGCTCGCATAAGAAGTAAAAGTAGTAATTATGCAACATATTATGCCGATTCAGTGAAAGACAGATTCACCATCTCCAGAGATGATTCACAAAGCATGCTCTATCTACAAATGAACAACCTGAAAACTGAGGACACAGCCATGTATTACTGTGTGAGAGAGGGTGAAAGGATAGTAGTTGACTACTGGGGCCAAGGCACCACTCTCACAGTCTCCTCAG,40
Seq063_Grp063_IGHV10-3*01_IGHD1-1*01_IGHJ2*01_Len(301|12|6|0|42)_Del(0|13|4|6),GAGGTGCAGCTTGTTGAGTCTGGTGCAGGTTGGGTGCACCCTAAAGGATCATTGAAACTCCCATGTGCCGCGTCTGATTTCACCTTCAATACCTATGCCATGGAATGGGTCCGCCAGGCTCCAGGAAAGGGTTTGGAATGGGTTGCTCGCATAAGAAGTAAAAGTAGTAATTATGCAACATATTATGCCGATTCAGTGAAAGACAGATTCACCATCTCCAGAGATGATTCACAAAGCATGCTCTATCTACAAATAAACAACCTGAAAACTGAGGACACAGCCATGTATTACTGTGTGAGAGAGGGTGAAAGGATAGTAGTTGACTACTGGGACCAAGGCACCACTCTCACAGTCTCCTCAG,30
Seq064_Grp064_IGHV10-3*01_IGHD1-1*01_IGHJ2*01_Len(301|12|6|0|42)_Del(0|13|4|6),GAGATGCAGCCTGTTCAGTCTGGTGCAGGTTGGGTGCACCCTAAAGGATCATTGAAACTCCCATGTGCCGCGTCCGATTTCACCTTCAATACCTATGCCATGGAATGGGTCCGCCAGGCTCCAGGAAAGGGTTTGGAATGGGTTGCTCGCATAAGAAGTAAAAGTAGTAATTATGCAACATATTATGCCGATTCAGTGAAAGACAGATTCACCATCTCCAGAGACGATTCACAAAGCATGCTCTATCTACAAATAAACAACCTGGAAACTGAGGACACAGCCATGTATTACTGTGTGAGAGAGGGTGAAAGGATAGTAGTTGACTACTGGGACCAAGGCACCACTCTCACAGTCTCCTCGG,20
Seq065_Grp065_IGHV10-3*01_IGHD1-1*01_IGHJ2*01_Len(301|12|6|0|42)_Del(0|13|4|6),GAGGTGCAGCTTGTTGAGTCTGGTGCAGCTTGGGTGCATCCTAAAGAATCATTGAAACTCCCATGTGCCGCGTCTGATTTCACCTTCAATACCTATGCCATGGGATGGGTCCGCCAGGCTCCAGGAAAGGGTTTGGAATGGGTTGCTCTCATAAGAAGTAAAAGTAGTAATTATGCAACATATTATGCCGATTCAGTGAAAGACAGATTCACCATCTCCAGAGATGATTCACAAAGCATGCTCTATCTACAAATAAACAACCTGAAAACTAAGGACACAGCCATGTATTACTGTGTGAGAGAGGGTGAAAGGATAATAGTTGACTACTGGGACCAAGGCACCACTCTCACAGTCTCCTCAG,10
Seq066_Grp066_IGHV10-3*01_IGHD1-1*01_IGHJ2*01_Len(301|12|6|0|42)_Del(0|13|4|6),GAGGTGCAGCTTGTTGAGTCTGGTGCAGCTTGGGTGCACCCTAAAGAATCATTGAAACTTCCATGTGCCGCGTCTGATTTCACCTTCAATACCTATGCCATGGGATGGGTCCGCCAGGCTCCAGGACAGGCTTTGGAATGGGTTGCTCTCATAAGAAGTAAAAGCAGTAATTACGCAACATATTATGCCGATTCAGTGAAAGACAGATTCACCATCTCCGGAGATGATTCACAAAGCATGCTCTATCTACAAATAAACAACCTGAAAACTAAGGACACAGCCATGTATTACTGTGTGAGAGAGGGTGAAAGGATAATAGTTGACTACTGGGACCAAGGCACCACTCTCACAGTCTCCTCAG,50
Seq067_Grp067_IGHV10-3*01_IGHD1-1*01_IGHJ2*01_Len(301|12|6|0|42)_Del(0|13|4|6),GAGGTGCAGCTTGTTGAGTCTGGTGCAGCTTGGGTGCACCCTAAAGAATCATTGAAACTGCTATGTGCCGCGTCTGATTTCACCTTCAATACCTATGCCATGGGATGGGTCCGCCAGGCTCCAGGACAGGCTTTGGAATGGGTTGGTCTCATAAGAAGTAAAAGCAGTAGTTACGCAACATATTGTGCCGATTCAGTGAAAGACAGATTCACCGTCTCCGGAGATGATTCACAAAGCATGCTCTATCTACAAATAAACAACCTGAAAACTAAGGACACAGCCATGTATTACTGTGTGAGAGAGGGTGAAATGATAATAGTTGACTACTGGGACCAAGGCACCACTCTCACAGTCTCCTCAG,40
Seq068_Grp068_IGHV10-3*01_IGHD1-1*01_IGHJ2*01_Len(301|12|6|0|42)_Del(0|13|4|6),GAGGTGCAGCTTGTTGAGTCTGGTGGAGGATTGGTGCAGCCTAAAGGATCATTGAAACTCTCATGTGCCGCCTCTGGTTTCACCTTCGATACCTATGCCATGCACTGGGTCCGCCAGGCTCCAGGAAAAGGTTTGGAATGGGTTGCTCGCATAAGAAGTAAAAGTAGTATTTATGCAACATATTATGCCGATTCAGTGAAAGACAGATTCACCATTTCCAGAGATGATTCACAAAGCATGCTCTATCTGCAAATGAACAACCTGAAACCTGAGGACACAGCCATGTATTACTGTGTGAGAGAGGGTGAAAGGATAGTAGTTGACTACTGGGGCCAAGGCGCCACTCTCACATTCTCCTCAG,30
Seq069_Grp069_IGHV10-3*01_IGHD1-1*01_IGHJ2*01_Len(301|12|6|0|42)_Del(0|13|4|6),GAGGTGCAACTTGTTGAGTCTGGTGCAGGATTGGTGCAGCCTAAAGGATCATTGAAACTCTCATGTGCCGCCTCTGGTTTCACCTTCGATACCTATGCCATGCACTGGGTCCGCCTGGCTCCAGGAAAAGGCTTGGAATGGGTTGCTCGCATAAGAAGTAAAAGTAGTATTTATGCAACATATTATGCCGATTCAGTGAAAGACAGATTCACCATTTCCAGAGATGATTCACAAAGCATGCTCCATCTGCAAATGAACAACCTGAATCCTGAGGACACAGCCATGTATTACTGTGTGAGAGAGGGTGAAAGGATAGTAGTTGACTACTGGGGCCAAGGCCCCACTCTCACATTCTCCTCAG,20
Seq070_Grp070_IGHV10-3*01_IGHD1-1*01_IGHJ2*01_Len(301|12|6|0|42)_Del(0|13|4|6),GAGGTGCAACTTGTTGAGTCTGGTGCAGGATTAGTGCAGCCTAAAGGATCATTGAAACTCTCATGTGCCGCCTCTGGTTTCACCTTCGATACCTATGCCATGCACTGGGTCCGCCTGGCTCCAGGAAAAGGCTTGGAATGGGTTGCTCGCATAAGAGGTAAAAGTAGTATTTATGCAACATATTATGCAGATTCAGTGAAAAACAGATTCACCATTTCCAGAGATGATTCACAAAGCGTACTCCATCTGCAAATGAACAACCTGAATCCTGAGGACACAGCCATGTGTTACTGTGTGAGAGAGGGTGAAAGGATAGTAGTTGACTACTGGGGCCAAGGCCCCACTCTCACATTCTCCTCAG,10
Seq071_Grp071_IGHV7-3*01_IGHD3-1*01_IGHJ2*01_Len(303|6|5|6|44)_Del(1|5|7|4),GAGGTGAAGCTGGTGGAGTCTGGAGGAGGCTTGGTACAGCCTGGGGGTTCTCTGAGTCTCTCCTGTGCAGCTTCTGGATTCACCTTCACTGATTACTACATGAGCTGGGTCCGCCAGCCTCCAGGGAAGGCACTTGAGTGGTTGGGTTTTATTAGAAACAAAGCTAATGGTTACACAACAGAGTACAGTGCATCTGTGAAGGGTCGGTTCACCATCTCCAGAGATAATTCCCAAAGCATCCTCTATCTTCAAATGAATGCCCTGAGAGCTGAGGACAGTGCCACTTATTACTGTGCAAGATATGGGGGTAGCTCGGGAGACTTTGACTACTGGGGCCAAGGCACCACTCTCACAGTCTCCTCAG,50
Seq072_Grp072_IGHV7-3*01_IGHD3-1*01_IGHJ2*01_Len(303|6|5|6|44)_Del(1|5|7|4),GAGGTGAAGCTGGTGGAGTCAGGAGGAGGCTTGGTACAGCCCAGGGGTTCTCTGAGTCTCTCCTGTGCAGCTTCTGGATTCACCTTCACTGATTACTACATGAGCTGGGTCCGCCAGCCTCCAGGGAAGGCACTTGAGTGGTTGGGTTTTATTAGAAACAAAGCTAATGGTTACACAACAGAGTACAGTGCATCTGTGAAGGGTCGGTTCACCATCTCCAGAGATAATTCCCAAAGCATCCTCTATCTTCAAATGAATGCTCTAAGAGCTGAGGACAGTGCCTCTTATTACTGTGCAAGATATGGGGGTAGCTCGGGAGACTTTGACTACTGGGGCCAAGGCACCACTCTTACAGTCTCCTCAG,40
Seq073_Grp073_IGHV7-3*01_IGHD3-1*01_IGHJ2*01_Len(303|6|5|6|44)_Del(1|5|7|4),GAGGTGAAGCTGGTGGAGTCAGGAGGAGGCTTGGTACAGCCCAGGGGTTCTCTGAGTCTCTCCTGTGCAGCTTCTGGATTCACCTTCACTGATTACCACATGAGCTGGGTCCGCCAGCCTCCAGGGAAGGCACTTGAGTGGTTGGGTTTTATTAGAAACAAAGCTAATGATTACACAACAGAGTACAGTGCGTCTGTGAAGGGTCGGTTCCCCATCTCCAGAGATAATTCCCAAAGCATCCTCTATCTTCAAATGAATGCTCTAAGAGCTGAGGACAGTGCCTCTTGTTACTGTGCAAGTTATGGGGGTAGCTCGGGAGACTTTAACTACTGGGGCCAAGGCACCACTCTTACAGTCTCCTCAG,30
Seq074_Grp074_IGHV7-3*01_IGHD3-1*01_IGHJ2*01_Len(303|6|5|6|44)_Del(1|5|7|4),GAGGTGAAGCTGGTGGAGTCAGGAGGAGGCTCGGTACAGCCCAGGGGTTCTCTGAGTCTCTCCTGTGCAGCTTCTGGATTCACCTTCACTGATTACCACATGAGCTGGGTCCGCCAGCCTCCAGGGAAGGCACTTGAGTGGTTGTGTTTTATTAGAGACAAAGCTAATGATTACACAACCGAGTACAGTGCGTCTGTGAAGGGTCGGTTCCCCCTCTCCAGAGATAATTCCCAGAGCATCCTCTATCTTCAAATGAATGCTCTAAGAGCAGAGGACAGTGCCTCTTGTTACTGTGCAAGTTATGGGGGTAGCTCGGGAGACTTTAACTACTGGGGCCAAGGCACCACTCTTACAGTCTCCTCAG,20
Seq075_Grp075_IGHV7-3*01_IGHD3-1*01_IGHJ2*01_Len(303|6|5|6|44)_Del(1|5|7|4),GAGGTGAAGCTGGTGGAGTCAGGAGGAGGCTCGGTACAGCCCAGGGGTTCTCTGAGTCTCTCCTGTGCAGCTTCTGGATTCACCTTCACTGATTACCACATGAGCTGGGTCCGCCAGCCTCCAGGGAAGGCACTTGAGTGGTTGTGTTTTATTAGAGACAAAGCTAATGATTACACAACCGAGTACAGTGCGTCTATGAAGGGTCGGTTCCTCCTCTCCAGAGATAATTCCCAGAGCATCCTCTATCCTCAAATGAATGCTCTAAGAGCAGGGGACAGTGCCTCTTGTTACTGTGCAAGTTATAGGGGTAGCTCGGAAGACTTTAACTACTGGGGCCAAGGCACCACTCTTACAGTGTCCTCAG,10
Seq076_Grp076_IGHV7-3*01_IGHD3-1*01_IGHJ2*01_Len(303|6|5|6|44)_Del(1|5|7|4),GAGGTGAAGCTGGTGGAGTCAGGAGGAGGCTCGGTACAGCCCAGGTGTTCTCTGAGTCTTTCCTGTGCAGCTTTTGGATTCACCTTCACTGATTTCCACATGAGCTGGGTCCGCCCGCCTCCAGGGAAGGCACTTGAGTGGTTGTGTTTTATTAGAGACAAAGCTAATGATTACACAACCGAGTACAGTGCGTCTATGAAGGGTCGGTTCCTCCTCTCCAGAGATAATTCCCAGAGCATCCTCTATCCTCAAATGAATGCTCTAAGAGCAGGGGACAGTGTCTCTTGTTACTGTGCAAGTTATAGGGGTAGCTCGGAAGAGTTTAACTACTGGGGCCAAGGCACCACTCTTACAGTGTCCTCAG,50
Seq077_Grp077_IGHV7-3*01_IGHD3-1*01_IGHJ2*01_Len(303|6|5|6|44)_Del(1|5|7|4),GAGGTGATGCTGGTGGAGTCAGGAGGAGGCTCGGTACAGCCCAGGTGTTGTCTGAGTCTTTCCTGTGCAGCTTTTGGATTCACCTTCACTGATTTCCACATGAGCTGGGTCCGCCCGCCTCCAGGGAAGGCACTTGAGTGGTTGTGTTTTATTAGAGACAAAGCTAATGATTACACAACCGAGTACAGTGCGTTTATGAAGGGACGGTTCCTCTTCTCTAGAGATAATTCCCAGAGCATCCTCTATCCTCAAATGAATGCTCTAAGAGCAGGGGACAGTGTCTCTTGTTACTGTGCAAGTTATAGGGCTAGCTCGGAAGAGTTTAACTACTGGGGCCAAGGCACCACTCTTACAGTGTCCTCAG,40
Seq078_Grp078_IGHV7-3*01_IGHD3-1*01_IGHJ2*01_Len(303|6|5|6|44)_Del(1|5|7|4),GAGGTGAAGCTGGTGGAGTCAGAAGGAGGCTTGGTACAGCCCAGGGGTTCTCTGAGTCTCTCCTGTGCAGCTTCTGGGTTCACCTTCACTGATTACCACATGAGCTGGGTCCGCCAGTCTCCAGGGAAGGCACTTGAGTGGTTGGGTTTTATTAGAAACAAAGCTAATGATTACACAACAGAGTACGGTGCGTCTGTGAAGGGTCGGTTCCCCATCTCCAGAGATAATTCCCAAAGCATCCTCTATCTTCAAATGAATGCTCTAAGAGCTGAGGACAGTGCCTCTTGTTACTGCGCAAGTTATGGGGGTTGCTCTGGAGACTTTAACTACTGGGGCCAAGGCACCACTCTTACAGTCTCCTCAG,30
Seq079_Grp079_IGHV7-3*01_IGHD3-1*01_IGHJ2*01_Len(303|6|5|6|44)_Del(1|5|7|4),GAGGTGAAGCTGGCGGAGTCAGAGGGAGGCTTGGTACAGCTCAGGGGTTCTCTGAGTCTCTCCTGTGCAGCTTCTGGGTTCACCTTCACTGATTACCACATGAGCTGGGTCCGCCAGTCTCCAGGGAAGGCACTTGGGTGGTTGGGTTTTATTAGAAGCAAAGCTAATGATTACACAACAGAGTACGGTGTGTCTGTGAAGGGTCGGTTCCCCATCTCCAGAGATAATTCCCAAAGCATCCTCTATCTTCAAATGAATGCTCTAAGAGCTGAGGACAGTGCCTCTTGTTACTGTGCAAGTTATGGGGGTTGCTCTGGAGACTTTAACTACTGGGGCCAAGGCACCACTCTTACAGTCTCCTCAG,20
Seq080_Grp080_IGHV7-3*01_IGHD3-1*01_IGHJ2*01_Len(303|6|5|6|44)_Del(1|5|7|4),GAGGTGAAGCTGGCGGAGTCAGAGGGAGGCTTGGTACAGCCCAGGGGTTCTCTGAGTCTCTCCTGTGCTGTTTCTGGGTTCACCTCCACTGATTACCACATGAGCTGGGTCCGCCAGTCTCCAGCGAAGGCACTTGGGTGGTTGGGTTTTATTAGAAGCAAAGCTAATGATTACACAACAGAGTACGGTGTGTCTGTGAAGGGTCGGTTCCCCATCTCCAGAGATAATTCCCAAAGCATCCTCTATCTTCAAATGAATGCTCTAAGAGCTGAGGACAGTGCCTCTTGTTACTGTGCAAGTTATGGGGATTGCTCTGGAGACTTTAACTACTGGGGCCAAAGCACCACTCTTACAGTCTCCTCAG,10
Seq081_Grp081_IGHV1-76*01_IGHD2-5*01_IGHJ2*01_Len(290|7|3|4|48)_Del(4|13|1|0),CAGGTCCAGCTGAAGCAGTCTGGGGCTGAGCTGGTGAGGCCTGGGGCTTCAGTGAAGCTGTCCTGCAAGGCTTCTGGCTACACTTTCACTGACTACTATATAAACTGGGTGAAGCAGAGGCCTGGACAGGGACTTGAGTGGATTGCAAGGATTTATCCTGGAAGTGGTAATACTTACTACAATGAGAAGTTCAAGGGCAAGGCCACACTGACTGCAGAAAAATCCTCCAGCACTGCCTACATGCAGCTCAGCAGCCTGACATCTGAGGACTCTGCTGTCTATTTCTGTGCCCGACCCCTACTCGACTACTTTGACTACTGGGGCCAAGGCACCACTCTCACAGTCTCCTCAG,50
Seq082_Grp082_IGHV1-76*01_IGHD2-5*01_IGHJ2*01_Len(290|7|3|4|48)_Del(4|13|1|0),CAGGTCCAGCTGAAGCAGTCTGGGGCTGAGCTGGTGAGGCCTGGGGCTTCAGTGAAGCTGTTCTGCAAGGCTTCTGGCTACACTTTCACTGACTACTATATAAATTGGGTGAAGCAGAGGCCTGGACAGGGACTTGAGTGGATTGCAAGGATTTATCCTGGAAGTGGTAATACTTACTACAATGAGAGGTTCAAGGGCAAGGCCACACTGACTGCAGAAAAATCCTCCAGCACTGCCTACATGCAGCTCAGCGGCCTGACATCTGAGGACTCTTCTGTCTATTTCTGTGCCCGACCCCTACTCGACTACTTTGACTACTGGGGCCAAGGCACCGTTCTCACAGTCTCCTCAG,40
Seq083_Grp083_IGHV1-76*01_IGHD2-5*01_IGHJ2*01_Len(290|7|3|4|48)_Del(4|13|1|0),CAGGTCCAGCTGAAGCAGTCTGGGGCTGAGCTGGTGAGGCCTGGGGCTTCAGTGAAGCTGTTCTGCAAGGCTTCTGGCTACACTTTTACTGACTACTATATAAATTGGGTGAAGCAGAGCCCTGGACAGGGACTTGAGTGGATTGCAAGGATTTATCCTGGAGGTGGTAATACTTACTACAATGAGAGGTTCAAGGTCAAGGCCACACTGACTGCAGAAAAATCCTCCAGCACTGCCTACATGCAGCTCAGCGGCCTGACATCTGAGGACTCTTCTGTCTATTTCTGTGCCCGACCCCTACTCGAGTACTTTGGCTACTGGGGCCAACGCACCGTTCTCACAGTCTCCTCAG,30
Seq084_Grp084_IGHV1-76*01_IGHD2-5*01_IGHJ2*01_Len(290|7|3|4|48)_Del(4|13|1|0),CAGGTCCAGCTGAAGCAGTCTGGGGCTGAGCTTGTGAGGCCTGGGGCTTCAGTGAAGCTGTTCTGCAAGGCTTCTGGCTACACTTGTGCTGACTACTATATAAGTTGGGTGAAGCAGAGCCCTGGACAGGGACTTGAGTGGATTGCAAGGATTTATCCTGGAGGTGGTAATACTTACTACAATGAGAGGTTCAAAGTCAAGGCCACACTGACTGCAGAAAAATCCTCCAGCACTGCCTACATGCAGCTGAGCGGCCTGACATCTGAGGACTCTTCTGTCTATTTCTGTGCCCGACCCCTACTCGAGTACCTTGGCTACTGGGGCCAACGCACCGTTCTCACAGTCTCCTCAG,20
Seq085_Grp085_IGHV1-76*01_IGHD2-5*01_IGHJ2*01_Len(290|7|3|4|48)_Del(4|13|1|0),CAGGTCCAGCTGAAGCAGTCTGGGGCTGAGCTGGTGAGGCCTGGGGCTTCAGTGAAGCTGTCCTGCAAGGCTTCTGGCTACACTTTCACTGACTACTATATAAACTGGGTGAAGCAGAGGCCTGGACAGGGACTTGAGTGGATTGCAAGGCTTTATCCTGGAAGTGGTAATACTTACTACAATGAGAAGTTCAAGGGCAAGGCCACACTGACTGCAGAAAAATTCTGCAGCGCTGCCTACATGCAGCTCAGCAGCCCGACATCTGAGGACTCTGCTGTCTATTTCTGTGCCCGACCCCTTCTCGACTATTTTGACTACTGGGGCCAAGGCACCACTCTCACAGTCTCCTCAG,10
Seq086_Grp086_IGHV1-76*01_IGHD2-5*01_IGHJ2*01_Len(290|7|3|4|48)_Del(4|13|1|0),CAGGTCCAGCTGAAGCAGTCTGGGGCTGAGCTGGTGAGGCCTGGGGCTTCAGTGAAGCTGTCCTGCAAGGCTTCTGGCTACACTTTCACTGACTACTATATATACTGGGTGAAGCAGAGGCCTGGACGGGGACTTGAGTGGATTGCAAGGCTTTATCCTGGAAGTGGTAATACTTACTACAATGAGAAGTTTAAGGGCAAGGCCACACTGACTGCAGAAAAATTCTGCAGCGCTGCCTACATGCAGCTCAGCAGCCCGATATCTGAGGACTCAGCTGTCTATTTCTGTGCCCGACCCCTTGTCGACTATTTTGACTACTGGGGCCAAGGCACCACTCTCACAGTCTCCTCAG,50
Seq087_Grp087_IGHV1-76*01_IGHD2-5*01_IGHJ2*01_Len(290|7|3|4|48)_Del(4|13|1|0),CAGGTCCAGCCGAAGCAGTCTGGGGCTGAGCTTGTGAGGCCTGGGGCTTTAGTGAAGCTGTCCTGCAAGGCTTCTGGCTACACTTTCACTAACTACTATATATCCTGGGTGAAGCAGAGGCCTGGACGGGGACTTGAGTGGATTGCAAGGCTTTATCCTGGAAGTGGTAATACTTACTACAATGAGAAGTTTAAGGGCAGGGCCACACTGACTGCAGAAAAATTCTGCAGCGCTGCCTACATGCAGCTCAGCAGCCCGATATCTGAGGACTCAGCTGTCTATTTCTGTGCCCGACCCCTTGTCGACTATTTTGACTACTGGGGCCAAGGGACCACTCTCACAGTCTCCTCAG,40
Seq088_Grp088_IGHV1-76*01_IGHD2-5*01_IGHJ2*01_Len(290|7|3|4|48)_Del(4|13|1|0),CAGGTCCAGCTGAAGCAGTCTGGGGCTGAGCTGGTGAGGCCTGGGGCTTCAGTGAAGCTGTTCTGCAAGGCTTCTGGCTACACTTTTACTGACTACTATATAAATTGGGTGATGCAGAGCCCTGGACAGGGACTTGAGTGGATTGCAAGGATTTATCCTGGCGGTGGTAATACTTACTACAATGAGAGGTTCAAGGTCAAGGCCACACTGACTGCAGAAAAATCCTCCAGCACTGCCTACATGCAGCTCAGCGGCCTGAGATCTGAGGACTCTTCTGTCTATTTCTGTGCCCGACCCCTACTCGAGTACTTTGGCTACTGGGGCGAACGCACCGTTCTCACAGTCTTCTCAG,30
Seq089_Grp089_IGHV1-76*01_IGHD2-5*01_IGHJ2*01_Len(290|7|3|4|48)_Del(4|13|1|0),CAGGTCCAGCTGAAGCAGTCTGGGGCTGAGCTGGTGAGGCCTGGGGCTTCAGTGAAGCTGTTCTGCAAGGCTTCTGGCTACACTTTAACTGCCTACTATATAAATTGGGTGATGCAGAGCCCTGGACAGGGACTTGAGTGGATTGCAAGGATTTATCCTGGCGGTGGTAATACTTACTACAATGAGAGGTTCAAGGTCAAGGCCACACTGACTGCAGAAAAATCCTCCAGCACTGCCTACATGCAGCTCAGCGGCCTGAGATCTGAGGACTCTTCTGTCTATTTCTGTGCCCGATCCCTACTCGAGTACTTTGGCTACTGGGGCGAGCGCACCGGTCTCACAATCTTTTCAG,20
Seq090_Grp090_IGHV1-76*01_IGHD2-5*01_IGHJ2*01_Len(290|7|3|4|48)_Del(4|13|1|0),CAGGTCCAGCTGAAGCAGTCTGGGGCTGAGCTGGTGAGGCCTGGGGCTTCAGTGAAGCTGTTCTGCAGGGCTTCTGGCTACACTTTAACTGCCTACTATATAAATTGGGTGATGCAGAGCACTGGACAGGGACTTGAGTGGATTGCAAGGATTTATCCTGGCGGTGGTAATACTTACTACAATGAGAGGTTCAAGGTCAAGGCCACACTGACTCCAGAAAAATCCTCCAGCACTGCCTTCATGCAGCTCAGCGGCCTGAGATCTGAGGACTCTTCTGTCTATTTCTGTGCCCGATCCCTACACGAGTACTTTGGCTGCTGGGGCGAGCGCATCGGTCTCACAATCTTTTCAG,10
Seq091_Grp091_IGHV1-55*01_rIGHD3-2*02_IGHJ3*01_Len(294|3|12|1|48)_Del(0|2|2|0),CAGGTCCAACTGCAGCAGCCTGGGGCTGAGCTTGTGAAGCCTGGGGCTTCAGTGAAGATGTCCTGCAAGGCTTCTGGCTACACCTTCACCAGCTACTGGATAACCTGGGTGAAGCAGAGGCCTGGACAAGGCCTTGAGTGGATTGGAGATATTTATCCTGGTAGTGGTAGTACTAACTACAATGAGAAGTTCAAGAGCAAGGCCACACTGACTGTAGACACATCCTCCAGCACAGCCTACATGCAGCTCAGCAGCCTGACATCTGAGGACTCTGCGGTCTATTACTGTGCAAGAGGAAGCCTGAGCTGTACCTGGTTTGCTTACTGGGGCCAAGGGACTCTGGTCACTGTCTCTGCAG,50
Seq092_Grp092_IGHV1-55*01_rIGHD3-2*02_IGHJ3*01_Len(294|3|12|1|48)_Del(0|2|2|0),CAGGTCCAACTGCAGCAGCCTGGGGCTGAGCTTGTGGAGCCTGGGGCTTCAGTGAAGATGTCCTGCAAGGCTTCTGGCTACACCTTCACCAGCTACTGGACAACCTGGGTGAAGCAGAGGCCTGGACAAGGCCTTGAGTGGATTGGAGATATTTATCCTGGTAGTGGTAGTACTCACTACAATGAGAAGTTCAAGAGCAAGGCCACACGGACTGTAGACACATCCTCCAGCACAGCCTACATGCAGCTCAGCAGCCGGACATCTGAGGACTCTGCGGTCTATTACTGTGCAAGTGGAAGCCTGAGCTGTACCTGGTTTGCTTACTGGGGCCAAGGGACTCTGGTCACTGTCTCTACAG,40
Seq093_Grp093_IGHV1-55*01_rIGHD3-2*02_IGHJ3*01_Len(294|3|12|1|48)_Del(0|2|2|0),CAGGTCCAACTGCAGCAGCCTGGGGCTGAGCTTGTGGAGCCTGGGGCTTCAATGAAGATATCCTGCAAGGCTTCTGGCTACACCTTCACCAGCTACTGGACAACCTGGGTAAAGCAGAGGCCTGGACAAGACCTTGGGTGGATTGGAGATATTTATCCTGGTAGTGGTAGGACTCACTACAATGAGAAGTTCAAGAGCAAGGCCACACGGACTGTAGACACATCCTCCAGCATAGCCTACATGCAGCTCAGCAGCCGGACATCTGAGGACTCTGCGGTCTATTACTGTGCAAGTGGAAGCCTGAGCTGTACCTGGTTTGCTTACTGGGGCCAAGGGACTCTGGTCACTGTCTCTACAG,30
Seq094_Grp094_IGHV1-55*01_rIGHD3-2*02_IGHJ3*01_Len(294|3|12|1|48)_Del(0|2|2|0),CAAGTCCTACTGCAGCAGCCTGAGGCTGAGCTTGTGGAGCCTGGGGCTTCAATGAAGATATCCTGCAAGGCTTCTGGCAACACCTTCACCAGCTACTGGACAACCTGGGTAAAGCAGAGGCCTGGACAAGAACTTGGGTGGATTGGAGATATTTACCCTGGTAGTGGTAGGACTCACTACAATGAGAAGTTCAAGAGCAAGGCCACACGGACTGTAGACACATCCTCCAGCATAGCCTACATGCAGCTCAGCAGCCGGACATCTGAGGACTCTGCGGTCTATTACTGTGCAAGTGGAAGCCTGAGCTGTACCTGGTTTGCTTACTGGGGCCAAGGGACTCTGGTCGCTGTCTCTACAG,20
Seq095_Grp095_IGHV1-55*01_rIGHD3-2*02_IGHJ3*01_Len(294|3|12|1|48)_Del(0|2|2|0),CAGGTCCAACTGCAGCAGCCTGGGGCTGAGCTTGTGGAGACTGGGGCTTCAATGAAGATATCCTGCAAGGCTTCTGGCTACACCTTCACCAGCTACTGGACAACCTGGGTAAAGCAGAGGCCTGGACAAGACCTTGGGTGGATTGGAGATATTTATCCTGGTAGTGGTAGGACTCACTACAATGAGAAGTTCAAGAGAAAGGCCACACGCACTGTATACACATCCTCCAGCATAGCCTACATGCAGCTCAGCAGCCGGACATCTGAGGACTCTGCGGTCTATTACTGTGCAAGTGGAAGCCTGAGCTGTACCTGGTTTGCTTACTGGGGCCAAGGGACTCTGGTCACTGGCTCTACAG,10
Seq096_Grp096_IGHV1-55*01_rIGHD3-2*02_IGHJ3*01_Len(294|3|12|1|48)_Del(0|2|2|0),CAGGTCCAACTGCAGCAGCCTGGGGCTGAGCTTATGGAGACTGGGGCTTCAATGAAAATATCCTGCAAGGCTTCTGGCTACACCTTCACCAGCTACTGGACAACCTGGCTAAAGCAGAGGCCTGGACAAGACCTTGGGTGGATTGGAGATATTTATCCTGGTAGTGGTAGGACTCACTACAATGAGAAGTTCAAGAGGAAGGCCACACGCACTGTATACACATCCTCCAGCATAGCCTACATGCAGCTCAGCAGCCGGACATCTGAGGACTCTGCGGTCTATTACTGTGCAAGTGGAAGTCTGGGCTGTACCTGGTTTGCTTACTGGGGCCAAGAGACTCTGGTCACTGGCTCTACAG,50
Seq097_Grp097_IGHV1-55*01_rIGHD3-2*02_IGHJ3*01_Len(294|3|12|1|48)_Del(0|2|2|0),CAGGTCCAACTACAGCAGCCTGGGGCTGAGCTTATGGAGACTGGGGCTTCAATGAAAATATCCTGCAAGGCTTCTGGCTACACCTTCACCAGCTGCTGGACAGCCTGGCTAAAGCAGAGGCCTGGACAAGACCTTGGGTGGATTGGAGATATTTATCCTGGTAGCGGTAGGACTCACTACATTGAGAAGTTCAAGAGGAAGGCCACACGCACTGTATACACATCCTCCAGCATAGCCTACATGCAGCTCAGCAGCCGGACATCTGAGGACTCTGCGGTTTATTACTGTGCAAGTGGAAGTCTGGGCTGTACCTGGTCTGCTTACTGGGGCCAAGAGACTCTGGTCACTGGCTCTACAG,40
Seq098_Grp098_IGHV1-55*01_rIGHD3-2*02_IGHJ3*01_Len(294|3|12|1|48)_Del(0|2|2|0),CAGGTCCAACTGCAGCAGCCTGGGGCTGAACTTGTGGAGCCTGGGGCTTCAGTGAAGATGTCCTGCAAGGCTTCTGGCTACACCTTCACTAGCTACTGGACAACCGGGGTGAAGCAGAGGCCTGGACAAGGCCTTAAGTGGATTGGAGATATTTATCCTGGTAGCGGTAGTACTCACTACAATGAGAAGTTCAAGAGCAAGGCCACACGGACTGTAGACACATCCTCCAGCACAGCCTACATGCAGCTCAGCAGCCGGACATCTGAGGACTCTGCGGTCTATTACTGTGTAAGTGGAAGCCTGAGCTGTACCTGGTTTGCTTACTGGGGCCAAGGGACTCTGGTCACTGTCTCTACAA,30
Seq099_Grp099_IGHV1-55*01_rIGHD3-2*02_IGHJ3*01_Len(294|3|12|1|48)_Del(0|2|2|0),CAGGTCCAACTGCAGCAGCCTGGGGCTGAACTTGTGGAGCCTCGAGCTTCAGTGAAGATGTCCTGCAAGGCTTCTGGCTACACCTTCACTAGCTACTGGACAACCGGGGTGAAGCAGAGGCCTGGACAAGGCCTTAAGTGGATTGGAGATATTTATCCTGGTAGCGGTAGTACTCACTACAATGAGAGGTTCAAGAGCAAGGCCACACGGACTGTAGACACATCCTCCGGCACAGCCTACATGCAGCTCAGCAGCCGGACATCTAAGGACTCTGCGGTCTATTACTGTGTAAGTGGAAGCCTGAGCTGTACCTGGTTTGCTTACTGGGGCCAAGGGACTCTGGTCATTGTCCCTACAA,20
Seq100_Grp100_IGHV1-55*01_rIGHD3-2*02_IGHJ3*01_Len(294|3|12|1|48)_Del(0|2|2|0),CAGGTCCAACTGCAGCAGCCTCGGGCAGAACTTGTGGAGCCTCGAGCTTCAGTGAAGATGTCCTGCAAGGCTTCTGGCTACACCTTCACTAGCTACTGGACAACCGGGGTGAAGCAGAGGCCTGGACTAGGCCTTAAGTGGATTGGAGATATTTATCCTGGTAGCGGTAGTACTCACTACAATGAGAGGTTCAAGAGCAAGGCCACACGGACTGTAGACACATCCCCCGGCACAGCCTACATGCAGCTCAGCAGCCGGACATCTAAGGACTCTGCGGTCTATTACTGTGTAAGTGGAAGCCTGAGCTGTACCTGGTTTGCTTACTGGGTCCAAGGGACTCTGGTCATTGTCCCTACAA,10
Seq101_Grp001_IGHV7-1*03_IGHD6-2*01_IGHJ2*01_Len(305|13|28|5|46)_Del(1|0|1|2),GAGGTGAAGCTGGTGGAATCTGGAGGAGGCTTGGTACAGTCTGGGCGTTCTCTGAGACTCTCCTGTGCAACTTCTGGGTTCACCTTCAGTGATTTCTACATGGAGTGGGTCCGCCAAGCTCCAGGGAAGGGACTGGAGTGGATTGCTGCAAGTAGAAACAAAGCTAATGATTATACAACAGAGTACAGTGCATCTGTGAAGGGTCGGTTCATCGTCTCCAGAGACACTTCCCAAAGCATCCTCTACCTTCAGATGAATGCCCTGAGAGCTGAGGACACTGCCATTTATTACTGTGCAAGAGATGCGGCGXGGCGGNGAAGGCAGCTAGTCZCTGCAGVGCCACAACTCTCCTACTTTGACTACTGGGGCCAAGGCACCACTCTCACAGTCTCCTCAG,50
Seq102_Grp002_IGHV7-1*03_IGHD6-2*01_IGHJ2*01_Len(305|13|28|5|46)_Del(1|0|1|2),GAGGTGAAGCTGGTGGTATCTGGAGAAGGCTTGGTACAGTCTGGGCGTTCTCTGAGACTCTCCTCTGCAACTTCTGGATTCACCTTCAGTGATXTCTACATGGAGTGGGTCCGCCAAGCTCCAGGGACGNGACTGGAGTGGATTGCTGCAAGTAGAAACAAAGCTAATGATTATACAACAGAGTACAGTGCATCTGTGAAGGGTCGGTTCATCATCTCCAGAGACACTTCCCAAAGCATCCTCTACCTTCAGATGAATGCCCTGGGAGCTGAGGACACTGCCATTTATTACTGTGCAAGAGATGCGGCGGGGCGGGGAAGGCAGCTAGTCTCTGCAGTGCCACAACTTTCCTACTTTGACTACTGGGGCCAAGGCACCACTCTCACAGTCTCCTCAG,40
Seq103_Grp003_IGHV7-1*03_IGHD6-2*01_IGHJ2*01_Len(305|13|28|5|46)_Del(1|0|1|2),GAGXGAAGCTGGXGGTGTCTGGAGAAGGCTTGGTACAATCTGGGCGTTCTCTGAGACTCTCCTCTGCAACTTCTGGATTCACCTTCAGTGATTTCTACATGGAGTGTGTCCGCCAAGCCCCAGGGACGGGACTGGAGTGGATTGCTGCAAGTAGAAACAAAGCCAATGATTATACAACAGAGTACAGTGCATCTGTGAGGGGTCGGTTCATCATCTCCAGAGACACTTCCCAAAGCATCCTCTACCTTCAGATGAATGCCCTGGGAGCTGAGGACACTGCCATTTATTACTGTGCAAGAGATGCGGCGGGGCGGGGAAGGCAGCGAGTCTCTGCAGTGCCACAATTTTCCTACTTTGACTACTGGGGCCAAGGCACCACTCTCACAGTCTCCTCAG,30
Seq104_Grp004_IGHV7-1*03_IGHD6-2*01_IGHJ2*01_Len(305|13|28|5|46)_Del(1|0|1|2),GANGTGAAGCTGGTGGTGACNGGAGAAGGCTTGGTACAATCTGGGCGTTCTCTGAGACGCTCCTCTGCAGCTTCTGGATTCACCTTCAGTGATTTCTACATGGAATGTGTCCGCCAAGCCCCAGGGACGGGACTGGAGTGGATTGCTGCAAGTAGAAACAAAGCCAATGATTATACAACAGAGTACAGTGCATCTGTGAGGGGTCGGTTCATCATCTCCAGAGACACTTCCCTAAGCATCCTCTACCTTCAGATGAATGCCCTGGGAGCTGAGGACACTGCCATTTATTACTGTGCAAGAGATGCGGCGGGGCGGGGAAGGCAGCGAGTCTCTGCAGTGCCACAATTTTCCTACGTTGACTACTGGGGCCAATGCACCACTCTCATAGTCTCCTCAG,20
Seq105_Grp005_IGHV7-1*03_IGHD6-2*01_IGHJ2*01_Len(305|13|28|5|46)_Del(1|0|1|2),GAGATGAAGCTGGTGGAATCTGGAGGAGGCTTGGTACAGTCTGGGCGTTCTCTGAGACTCTCCTGTGCAACTTCTGGGTTCACCTTCAGTGATTTCTACATGGAGTGGGTCCGCCAAGCTCCAGGGAAGGGACTGGAGTGGATTGCTGCAAGTAGAAACAAAGCTAATGATTATACAACAGAGTACAGTGCATTCGTGAAGGGTCGGTTCATCGTCTCCAGAGACACTTCCCAAAGGCTCCTCTATCTTCAGATGGATGCCCTGAGAGCTGAGGACACTGCCATTTATTACTGTGCAAGAGATGCGACGGGGCGGGGAAGGCAGCTAGTCTCTGCAGTGCCACAACTCTCCTACTTTGACTACTGGGGCCAAGGCACCACTCTCACAGTCTCCTCAG,10
Seq106_Grp006_IGHV7-1*03_IGHD6-2*01_IGHJ2*01_Len(305|13|28|5|46)_Del(1|0|1|2),GAGATGAAGCTGGTGGAATCTGGAGGAGGCTTGGTACAGTCTGGGCGTTCTCTGAGACTCTCCTGTGCAACTTCTGGGTTGACCTCCAGTGATTTCTACATGGAGTGGGTCCGCCAAGCTCCAGGGAGGGGACTGGACTGGATTGCTGCAAGTAGACACAAAGTTAATGATTATACAACAGAGTACAGTGCATTCGTGAAGGGTCGGTTCATCGTCTCCAGAGACACTTCCCAAAGGCTCCTCTATCTTCAGATGGATGCCCTGAGAGCTGAGGACACTGCCATTTATTACTGTGCAAGAGATGCGACGGGGCGGGGAAGGCAGCTAGTCTCTGCAGTGCCACAACTCTCCTACTTTAACTACTGGGGCCAAGGCACCACTCTCACAGTCTCTTCAG,50
Seq107_Grp007_IGHV7-1*03_IGHD6-2*01_IGHJ2*01_Len(305|13|28|5|46)_Del(1|0|1|2),GAGATGAAGCTGGTGGAATCTGGAGGAGGCTTGGTACAGTCTGGGCGTTCTCTGAGACTCTCCTGTGCAACTTCCGGGTTGACCTCCAGTGATTTCTACATGGAGTGGGTCCGCCAAGCTCCAGGGGGGGGACTTGACTGGATTGCTGCAAGTAGACACAAAGTTAATGATTATACAACAGAGTACACTGCATTTGTGAAGGGTCGGTTCATCGTCTCCAGAGACACTTCCCAAAGGCTCCTCTATCTTAAGATGGATGCCCTGAGAGCTGAGGACACTGCCATTTATTACTGTGCAAGAGATGCGACGGAGCGGGGAAGGCAGCTAGTCTCTGCAGTGCCACAACTCTCCTACTTTAACAACTGGGGCCAAGGCACCACTCTCACAGTCTCTTCAG,40
