SeqName,L-Seq,TemplateCount
Seq01_Grp01_IGKV4-70*01_IGKJ2*03_Len(280|0|36)_Del(2|3),CAAATTGTTCTCACCCAGTCTCCAGCAATCATGTCTGCATCTCCAGGGGAGAAGGTCACCATGACCTGCAGTGCCAGCTCAAGTATAAGTTACATGCACTGGTACCAGCAGAAGCCAGGCACCTCCCCCAAAAGATGGATTTATGACACATCCAAACTGGCTTCTGGAGTCCCTGCTCGCTTCAGTGGCAGTGGGTCTGGGACCTCTTATTCTCTCACAATCAGCAGCATGGAGGCTGAAGATGCTGCCACTTATTACTGCCATCAGCGGAGTAGTTACCATACGTTCGGATCGGGGACCAAGCTGGAAATAAAAC,1
Seq02_Grp02_IGKV4-70*01_IGKJ2*03_Len(280|0|36)_Del(2|3),CAAATTGTTCTCACCCAGTCTCCAGCAATCATGTCTGCATCTCTAGGGGAGAAGGTCACCATGTCCTGCAGTGCCAGCTCAAGTATAAGTTACATGCACTGGTACCAGCAGAAGCCAGGCACCCCCCCCAAAAGATGGATTTATGACACATCCAAACTGGCTTCTGGAGTCCCTGTTCGCTTCAGTGGCAGTGTGTCTGGGACCTCTTATTCTCTCACAATCAGCAGCATGGAGACTGAAGATGCTGCCACTTATTACTGCCATCAGCGGAGTAGTTACCATACGTTCGGATCGGGGACCAAGCTGGAAATAAAAC,1
Seq03_Grp03_IGKV4-70*01_IGKJ2*03_Len(280|0|36)_Del(2|3),CAAATTGTTCTCACCCAGTCTCCAGCAGTCATGTCTGCATCTCTAGGGGAGAAGGTTACCATGTCCTGCAGTGCCAGCTCAAGTATAAGTTACATGCACTGGTACCAGCAGAAGCCAGGCACCCCCCCCAAAGGATGGATTTATGACACATCCAAACTGGCTTCTGGAGTCCCTGTTCGCTTCACTGGGAGTGTGTCTGGGACCTCTTATTCTCTCACAATCAGCAGCATGGAGACTGGAGATGCTGCCACTTATTACTGCCATCAGCGGAGTAGTTACCATACGTTCGGATCGGGGACCAAGCTGGAAATAAAAC,1
Seq04_Grp04_IGKV4-70*01_IGKJ2*03_Len(280|0|36)_Del(2|3),CAAATTGTTCTCACCCAGTCTCCAGCAATCACGTCTGCATCTCTAGGGGAGAAGGTCACCATGTCCTGCAGTGCCAGCTCAAGTATAAGTTACATGCACTGGTACCAGCAGAAGCCAGGCACCCCCCCCAAAAGATGGATTTATGACACATCCAGACTGGCTTCTGGAGTCCCTGTTCGCTTCAGTGGCAGTGTGTCTGGGACCTCTTATTCTCTCACAGTCAGCAGGACGGAGACTGAAGATGCTGCCACTTATTACTGCCATCAGCGGAGTAGTTACCATACGTTCGGATCGGGGACCGAGCTGGAAATAAAAC,1
Seq05_Grp05_IGKV4-70*01_IGKJ2*03_Len(280|0|36)_Del(2|3),CAAATTGTTCTCACCCAGTCTCCAGCAATCACGTCTGCATCTCTAGGGAAGAAGGTCACCATGTCCTGCAGTGCCAGCTCAAGTATAAGTTACATGCACTGGTACCAGCAGAAGCCAGGCACCCACCCCAAAAGATGGATTTATGACACATCCAGATTGGCTTCCGGAGTCCCTGTTCGCTTCAGTGGCAGTGTGTCTGGGACCTCTTGTTCTTTCACAGTCAGCAGGACGGAGACTGAAGATGCTGCCACTTATTACTGCCATCAGCGGAGTAGTTACCATACGTTCGGATCGGGGACCGAGCTGGAAATAAAAC,1
Seq06_Grp06_IGKV4-70*01_IGKJ2*03_Len(280|0|36)_Del(2|3),CAAATTGTTCTCACCCAGTCTCCTGCAGTCATGTCTGCATCTCTAGTGGAGAAGGGTACCATGTCCTGCAGTGCCAGCTCAGGTATAAGTTACATGCACTGGTACCAGCAGAAGCCAGGCACCCCCCCCAAAGGATGGATTTATGACACATCCAAACTGGCTTCTGGAGTCCCTGTTCGCTTCACTGGGTGTGTGTCTGGGACCTCTTATTCTCTCACAATCAGCAGCATGGAGACTGGAGATGCTGCCACTTATTACTGCCATCGGCGGAGTAGTTACCATACGTTCGGATCGGGGACCAAGCTGGAAATAAAAC,1
Seq07_Grp07_IGKV4-70*01_IGKJ2*03_Len(280|0|36)_Del(2|3),CAAATTGTTCTCACCCAGTCTCCTGCAGTCATGTCTGCATCTCTAGTGGAGAAGGGTACCGTGTCCTGCAGTGCCAGCTCAGGTATAAGTTACATGCACTGGTACCAGCAGAAGCCAGGCACCCCCCCCACAGGATGGATTTATGACACATCCAAACTGGCTTCTGGGGTCCCTGTTCGCTTCACTGGGTGTGTGTCTGGGACCTCTTATTCTCTCACAATCAGCAGCATGGAGACTGGAGATGCTGCCACTTATTACTGCCATCGGAGGAGTAGTCACCATACGTTCGGATCGGGGACCAAGCTGGAAATAAAAC,1
Seq08_Grp08_IGKV4-70*01_IGKJ2*03_Len(280|0|36)_Del(2|3),CAAATTGTTCTCACCCAGTCTCCAGCAATCACGTCTGCATCTCTAGGGGAGAAGGTCACCATGTCCTGCAGTGCCAGCTCAAGTATAAGTTACATGCACTGCTACCAGCAGAAGCCAGGCACCCCCCCCAAAAGATGGATTTATGACACATCCAGACTGGCTTCTGGATTCCCTGTTCGCTTCAGTGGCAGTGTGTCTGGGACCTCTTATTCTCTCACAGTCAGCAGGACGGAGACTGAAGATGGTGCCACTTATTTCTGCCATCAGCGGAGTAGTTACCATTCGTTCGGATCGGGGACCGAGCTGGAAATAAAAA,1
Seq09_Grp09_IGKV4-70*01_IGKJ2*03_Len(280|0|36)_Del(2|3),CAAATTGTTCTTACACAGTCTCCAGCAATCACGTCTGCATCTCTAGGGGAGAAGGTCACCATGTCCTGCAGTGCCAGCTCAAGTATAAGTTACATGCACTGCTACCAGCAGAAGCCAGGCACCCCCCCCAAAAGATGGATTTATGACACATCCAGACTGGCTTCTGGATTCCCTATTCGCTTCAGTGGCAGTGTGTCTGGGACCTCTTATTCTCTTACAGTCAGTAGGACGGGGACTGAAGATGGTGCCACTTATTTCTGCCATCAGCGGAGTAGTTACCATTCGTTCGGATCGGGGACCGAGCTGGAAATAAAAA,1
Seq10_Grp10_IGKV3-7*01_IGKJ1*02_Len(298|1|35)_Del(1|2),GACATTGTGCTAACACAGTCTCCTGCTTCCTTAGCTGTATCTCTGGGGCAGAGGGCCACCATCTCATGCAGGGCCAGCCAAAGTGTCAGTACATCTAGCTATAGTTATATGCACTGGTACCAACAGAAACCAGGACAGCCACCCAAACTCCTCATCAAGTATGCATCCAACCTAGAATCTGGGGTCCCTGCCAGGTTCAGTGGCAGTGGGTCTGGGACAGACTTCACCCTCAACATCCATCCTGTGGAGGAGGAGGATACTGCAACATATTACTGTCAGCACAGTTGGGAGATTCCTCTGACGTTCGGTGGAGGCACCAAGCTGGAAATCAATC,1
Seq11_Grp11_IGKV3-7*01_IGKJ1*02_Len(298|1|35)_Del(1|2),GACATTGTGCTAACACAGTCTCCTGCTTCCTTAGCTGTATCTCTGGGGCAGAGGGCCACCTTCTCATGCAGGGCCAGCCAAAGTGTCAGTTCATCTAGATATAGTTATATGCACTGGTACCAACAGAAACCAGGACAGCCACCCAAACTCCTCATCAAGTATGCATCCAACCTAGAATCTGGGGTCCCTGCCAGGTTCAGTGGCAGTGGGTCTGGGACAGATTTCACCCTCAACATCCATCCTGTGAAGGAGGAGGATGCTGCAATATATTACTGTCAGCACAGTTGGGAGATTCCTCTGACGTTCGGTGGAGGCACCAAGCTGGAAATCAATC,1
Seq12_Grp12_IGKV3-7*01_IGKJ1*02_Len(298|1|35)_Del(1|2),GACATTGTGCTAACACAGTCTCCTGCTTCCTTAGCTGTATCTCTGGGGCAGAGGGCCACCTTCTCATGCAGGGCCAGCCAAAGTGTCAGTTCATCTAGACATAGTTATATGCACTGGTACCAACAGAAACCAGGACAGCCACCCGAACTCCTTATCAAGTATGCATCCATCCTAGAATCTGGGGTCCCTGCCAGGTTCAGTGGCAGTGGGTCTGGGACAGATTTCACCCTCAACATCCATCTTGTGAAGGAGGAGGATGCTGCAATATATTACTGTCATCACAGTTGGGAGATTCCTCTGACGTTCGGTGGAGGAACCAAGCTGGAAATCAATC,1
Seq13_Grp13_IGKV3-7*01_IGKJ1*02_Len(298|1|35)_Del(1|2),GACATTGTGCTAACACAGTCTCCTGCTTCCTTAACTGTATCTCTGGGGCACAGGGCCACCTTCTCATGCAGGGCCAGACAAAGTGTCAGTTCATCTAGACATAGTTATATGCACTGGTACCAACAGAAACCAGGACAGCCACCTGAACTCCTTATCAAGTATGCTGCCATCCTAGAATCTGGGGTCCCTGCCAGGTTCGGTGGCAGTGGGTCTGGGACAGATTTCACCCTCAACATCCATCTTGTGAAGGAGGAGGATGCTGCAATATATTACTGTCATCACAGTTGGGAGATTCCTCTGACGTTCGGTGGAGGAACCAAGCTGGAAATCAATC,1
Seq14_Grp14_IGKV3-7*01_IGKJ1*02_Len(298|1|35)_Del(1|2),GACATTGTGCTAACACAGTCTCCTGCTTCCTTAACTGTACCTCTGGGGCACAGGGCCACCTTCTCATGCAGGGCCAGACAAAGTGTCAGTTCATCTAGACATAGTTATATGCACTGGTACCAACAGGGACCAGGACAGCCACCTGAACTCCTTATCAAGTATGCTGCCATCTTAGGATCTGGGGTCCCTGCCAGGTTCGGTGGCAGTGGGTCTGGGACAGATTTCACCCTCAACATCTATCTTGTGAAGGAGGAGGATGCTGCAATATATTACTGTCATCACAGTTGGGAGATTCCTCTGACGTTCGGTGGAGGAACCAAGCTGGAAATCAATC,1
Seq15_Grp15_IGKV3-7*01_IGKJ1*02_Len(298|1|35)_Del(1|2),GACATTGTGCTAACACCGTCTCCTGCTTCCTTAGCAGTATCTCTGGGGCAGAGGGCCACCATCTCATGCAGGGCCAGCCAAAGTGTCAGTACAACTAGCTATAGTTATATGCACTGGTACCAACAGAAACCAGGACAGCCACCCAAACTCCTCATCAAGTATGCGTCCAACCTCGAATCTGGGGTCCTTGCCAGGTTCAGTGGCAGTGGGTCTGGGACAGACTTCACCCTCAACATCCATCCTGTGGCGGAGGAGGATACTGCAACATATTACTGTCAGCACAGTTGGGAGATTCCTCTGACGTTCGGTGGAGGCACCAAGCTGGAAATCAATC,1
Seq16_Grp16_IGKV3-7*01_IGKJ1*02_Len(298|1|35)_Del(1|2),GACATTGTGCTTACACCGTCTCCTGCTTCCTTAGCAGTATCTCTGGGGCAGAGGGTCACCATCTCATGTAGGGCCAGCCAAAGTGTCAGTACAACTAGCTATAGTTATATGCACTGGTACCAACAGAAACCAGGACAGCCACCCAAACTCCTCATCAAGTATGCGTCCAACCTCGAATCTGGGGTCCTTGCCAGGTTCAGTGGCAGTGGGTCTGGGACAGACTTCAGCCTCAACATCCATCCTGTGGCGGAGGAGGATACCGCAACATATTACTGTCAGCACAGTTGGGAGATTTCTCTGACGTTCGGTGGTGGCACCAAGCTGGAAATCAATC,1
Seq17_Grp17_IGKV3-7*01_IGKJ1*02_Len(298|1|35)_Del(1|2),GACATTGTGCTAACACAGTCTCCTGCTTCCTTAGCTGTATCTCTGGGGCAGAGGGCCACCTTCTCATGCAGGGCCAGCCAAAGTGTCAGTTCATCTAGACATAGCTCTATGCACTGGTACCAACAGAAACCAGGACAGCCACCCGAACTCCTTATCAAGGATGCATCCATCCTAGAATCTGGGGTCCCTGCCAGGTTCAGTGGCAGTGGGTCTGGGACAGATTTCACCCTCAACATCCATCTTGTGAAGGGGGAGGATGCTGCAATATATTACTGTCATCGCAGTTGGGAGATTCCTCTGACGTTCGGTGGAGGAACCAAGGTGGAAATCAATC,1
Seq18_Grp18_IGKV3-7*01_IGKJ1*02_Len(298|1|35)_Del(1|2),GACATTGTGCTAACGCAATCTCCTGCTTCCTTAGCTGTATCTCTGGGGCAGAGGGCCACCTTCTCATGCAGGGCCAGCCAAAGTCTCAGTTCATCTAGATATAGCTCTATGCACTGGTACCAACAGAAACCAGGACAGCCACCCGAACTCCTTATCAAGGATGCATCCATCCTAGAATCTGGGGTCCCTGCCAGGTTCAGTGGCAGTGGGTCTGGGACAGATTTCACCCTCAACATCCATCCTGTGAAGGGGGAGGATGCTGCAATATATTACTGTCATTGCAGATGGGAGATTCCTCTGACGTTCGGTGGAGGAACCAAGGTGGAAATCAATC,1
Seq19_Grp19_IGKV12-38*01_IGKJ1*01_Len(287|0|32)_Del(0|6),GACATCCAGATGACTCAGTCTCCAGCCTCCCTGGCTGCATCTGTGGGAGAAACTGTCACCATCACATGTCGAGCAAGTGAGAACATTTACTACAGTTTAGCATGGTATCAGCAGAAGCAAGGGAAATCTCCTCAGCTCCTGATCTATAATGCAAACAGCTTGGAAGATGGTGTCCCATCGAGGTTCAGTGGCAGTGGATCTGGGACACAGTATTCTATGAAGATCAACAGCATGCAGCCTGAAGATACCGCAACTTATTTCTGTAAACAGGCTTATGACGTTCCTCCGTTCGGTGGAGGCACCAAGCTGGAAATCAAAC,1
Seq20_Grp20_IGKV12-38*01_IGKJ1*01_Len(287|0|32)_Del(0|6),GACATCCAGATGACTCAGTCTCCAGCCTCCCTGGCTGCATCTGTGGGAGAAACTGTCACAATCACATGTCGAGCAAGTGAGAACATTTACTACAGTCTAGCATGGTATCAGCAGAAGCAAGGGAAATCTCCTAAGCTCCTGGTCTATAATGCAAACAGCTGGGAAGATGGTGTCCCATCGAGGTTCAGTGGCAGTGGATCTGGGACACAGTATTCTATGAAGATCAACAGCATGCAGCCTGAAGATACCGCAACTTATTTCTGTAAACAGGCTTATGACGTTCCTCCTTTCGGTGGAGGCACCAAGCTGGAAATCAAAC,1
Seq21_Grp21_IGKV12-38*01_IGKJ1*01_Len(287|0|32)_Del(0|6),GACATCCAGATGGCTCGGTCTCCAGCCTCCCTGGCTGCCTCTGTGGGAGAAACTGTCACAATCACATGTCGAGCAAGTGAGAACATTTACTACAGTCTAGCATGGTATCAGCAGAAGCAAGGGAAATCTCCTAAGCTCCTGGTCTATAATGCAAACAGCTGGGAAGATGGTGTCCCATCGAGGTTCAGTGGCAGTGGATCTGGGACACAATATTCTGTGAAGATCAACAGCATGCAGCCTGAAGATACCGCAACTTATTTCTGTAAACAAGCTTATGACGTTCCTCCTTTCGGTGGAGGCACCAAGCTGGAAATCAAAC,1
Seq22_Grp22_IGKV12-38*01_IGKJ1*01_Len(287|0|32)_Del(0|6),GACACCCAGATGACTCAGTCTCCAGCCTCCCTGGCTGCATCTGTGGGAGAAACTGTCACCATCACATGTCGTGCAAGTGAGAACATTTACTACAGTTTAGCATGGTATCAGCAGAAGCAAGGGAAATCTCCTCAGCGCCTGATCTATAATGCAAACAGCTTGGAAGATGGTGTCCCATCGAGGTTTAGTGGCAGTGGATCTGGGACACAGTATTCTATGAAGATCGACAGCATGCAGCCTGAAGATACCGCAACTTATTTCTGTAAACAGGCTTGTGACGTTCCTCCGTTCGGTGGAGGCACCAAGCTGGAAATCAAAC,1
Seq23_Grp23_IGKV12-38*01_IGKJ1*01_Len(287|0|32)_Del(0|6),GACACCCAGATGACTCAGTCTCCAGCCTCCCTGGCTGCATCCGTGGGAGAAACTGTCACCATCACATGTCGTGCAAGTGAGAACATCTACTACAGTTTAGCATGGTATCTGCAGAAGCAAGGGAAATCTCCTCAGCGCCTGATCTATAATGCAAACAGCTTGGAAGATGGTGTCCCATCGAGGTTCAGTGGCAGTGGATCTGGGACACGGTATTCTATGAAGATCGACAGCATGCAGCCTGAGGATACCGCAACTTATTTCTGTAAACAGGCTTGTGACGTTCCTCCGTTCGGTGGAGGCACCAAGCTGGAAATCAAAC,1
Seq24_Grp24_IGKV12-38*01_IGKJ1*01_Len(287|0|32)_Del(0|6),GACACCCAGGTGACTCAGTCTCCAGCCTCCCTGGCTGCATCTGTGGGAGAAACTGTCACCATCACATGTCGTGCAAGTGAGGACATTTACTACAGTTTAGCATGGTATCAGCAGAAGCTAGGGAAATCTCCTCAGCACCTGATCTATAATGCAAACAGCTTGGAAGATGGTGTCCCATCGAGGTTTAGTGGCAGTGGATCTGGGACACAGTATTCTATAAAGATCGACAGCATGCAGCCTGAAGATACCGCAACTTATTCCTGTAAACAGGCTTGTGACGTTCCTCCGTTCGGTGGAGGCACCAAGCTGGAAATCAAAC,1
Seq25_Grp25_IGKV12-38*01_IGKJ1*01_Len(287|0|32)_Del(0|6),GACACCCTGGTGTCTCAGTCTCCAGCCTCCCTGGCTGTATCTGTGGGAGAAACTGTCACCATCACATGTCGTGCAAGTGAGGACATTTACTACAGTTTAGCATGGTATCAGCAGAAGCTAGGGAAATCTCCTCAGCACCTGATCTATAATGCAAACAGCTTGGAAGATGGTGTCCCATCGAGGTTTAGTGGCAGTGGATCTAGGACACAGTATTCTATAAAGATCGACAGCATGCAGCCTGAAGATACCGCAACTTATTCCTGTAAACAGGCTTGCGACGTTCCTCCGTTCGGTGGAGGCACCAAGCTGGGAATCAAAC,1
Seq26_Grp26_IGKV12-38*01_IGKJ1*01_Len(287|0|32)_Del(0|6),GATACCCAGGTGACTCAGCCTCCAGCCTCCCTGGCTGCATCTGTGGGAGAAACTGTCACCATCACATGTCGTGCAAGCGAGGACATTTACTACAGTTTAGCATGGTATCAGCAGAAGCTAGGGAAATCTCCTCAGCACCTGATCTATAATGCAAACAGCTTGGAAGATGGTGTCCCATCGAGGTTTAGTGGCAGTGGATCTGGGACCCAGTATTCTATAAAGATCGACAGCATGCAGCCTGAAGATACCGCAACTTGTTCCTGTAAACTGGCTTGTGACGTTCCTCCGTTCGGTGGAGGCACCAAGCTGGAAATCAAAC,1
Seq27_Grp27_IGKV12-38*01_IGKJ1*01_Len(287|0|32)_Del(0|6),GATACCCAGGTGACTCAGCCTCCAGCCTCCCTGGCTGCATCTGTGGGAGAAACTGTCATGATCACATGTCGTGCAGGCGAGGACATTTACTATAGTTTAGCATGGTATCAGCAGAAGCTAGGGAAATCTCCTCAGCACCTGATCTATAATGCAAACAGCTTGGAAGATGGTGTCCCATCGAGGTTTAGTGGCAGTGGATCTGGGACCCAGTATTCTATAAAGATCGATAGCATGCAGCCTGAAGATACCGCAACTTGTTCCTGTAAACTGGCTTATGACGTTCCTCCGTTCGGTGGAGGCACCAAGCTGGAAATCAAAC,1
Seq28_Grp28_IGKV7-33*01_IGKJ2*01_Len(305|0|32)_Del(0|7),GACATTGTGATGACTCAGTCTCCAACTTTCCTTGCTGTGACAGCAAGTAAGAAGGTCACCATTAGTTGCACGGCCAGTGAGAGCCTTTATTCAAGCAAACACAAGGTGCACTACTTGGCTTGGTACCAGAAGAAACCAGAGCAATCTCCTAAACTGCTGATATACGGGGCATCCAACCGATACATTGGGGTCCCTGATCGCTTCACAGGCAGTGGATCTGGGACAGATTTCACTCTGACCATCAGCAGTGTACAGGTTGAAGACCTCACACATTATTACTGTGCACAGTTTTACAGCTATCCTCTGTTCGGAGGGGGGACCAAGCTGGAAATAAAAC,1
Seq29_Grp29_IGKV7-33*01_IGKJ2*01_Len(305|0|32)_Del(0|7),GACATTGTGATGACTCATTCTCCAACTTTCCTTGCTGTGACAGCTAGTAAGAAGGTCACCATTAGTTGCACGGCCCGTGAGAGCCTTTATTCAAGCAAACACAAAGTGCACTACTTGGCTTGGTGCCAGAAGAAACCAGAGCAATCTCCTAAACTGCTGATATACGGGGCACCCAACCGATACATTGAGGTCCCTGATCGCTTCACAGGCAGTGGATCTGGGACAGATTTCACTCTGACCATCAGCAGTGTACAGGTTGAAGACCTCACACATTATTACTGTGCACAGTTTTACAGCTATCCTCTGTTCGGAGGGGGGACCAAGCTGGAAATAAAAC,1
Seq30_Grp30_IGKV7-33*01_IGKJ2*01_Len(305|0|32)_Del(0|7),GACATTGTGATGACTCATTCTCCAACTTTCCTTGCTGTGACAGCTAATAAGAAGGTCACCATTAGTTGCACGGCCCGTGAGAGCCTTTATTCAGGCAAACACAAAGTGCACTACTTAGCTTGGTGCCAGAAGAAACCAGAGCAATCTCCTAAACTGCTGACATACGGGGCACCCAACCGACACATTGAGGTCCCTGATCGCTTCACAGGCAGTGGATCTGGGACAGGTTTCACTCTGACCATCAGCAGTGAACAGGTTGAAGACCTCACACATTATTACTGTGCACAGTTTTACAGCTATCCTCTGTTCGGAGGGGGGACCAAGCTGGAAATAAAAC,1
Seq31_Grp31_IGKV7-33*01_IGKJ2*01_Len(305|0|32)_Del(0|7),GACATTGTGATGACTCATTCTCCAACTTTCCTTGCTGTGACAGCTAATAAGAAGGTCATCATTAGTTGCACGGCCCGTGAGAGCGTTTATTCAGGCAAACACAAAGTGCACTGCTTAGATTGGTGCCAGAAGAAACCAGAGCAATCTCCTAAACGGCTGACATACGGGGCACCCAACCGACACATTGAGGTCCCTGATCGCTTCACAGGCAGTGGATCTGGGACAGGTTTCACTCTGACCATCAGCAGTGAACCGGTTGAAGACCTCACACATTATTACTGTGCACAGTTTTACAGCTATCATCTGTTCGGAGGGGGGACCAAGCTGGAAATAAAAC,1
Seq32_Grp32_IGKV7-33*01_IGKJ2*01_Len(305|0|32)_Del(0|7),GACATTGTGATGACTCATTCTACAACTTTCCTTGCTGTGACAGCTAATAAGAAGGTCATCATTAGTTGCACGGCCCGTGAGAGCGTTTATTCAGGCAAGCACGAAGTGCACTGCTTAGATTGGTGCCAGAAGAAACCAGAGCAATCTCCTAAACGGCTGACATACGGGGCACCCAACCGACACATTGAGGTCCCTGATCGCTTCACAGGCAGTGGATCTGGGACAGGTTTCGCTCTGACCATCTGCACTGAACCGTTTGAAGACCTCACACATTATTACTGTGCACAGTTTTACAGCTATCATCTGTTCGGAGGGGGGACCAAGCTGGAAATAAAAC,1
Seq33_Grp33_IGKV7-33*01_IGKJ2*01_Len(305|0|32)_Del(0|7),GACGTTGTGATGACTCATTCTCCAACTTTCCTTGCTGTGACAGCTAATAAGAAGGTCACCATTAGTTGCACGGCCCGTGAGAGCCTTTACTCTGGCAAACACAAAGTGCACTACTTAGCTTGGTGCCAGAAGAAACCAGCGCAATCTCCTAAACTGCTGACATACGGGGCACCCAACCGACACATTGAGGTCCCTGATCGCTTCACAGGCAGTAGATCTGGGACAGGTTTCACTCTGACCATCAGCAGTGAACTGGTTGAAGACCTCACACATTATTACTGTGCACAGTTTTACAGCTATCCTCTGTTCGGAGGGGGGACCAAGCTGGAAGTAAAAC,1
Seq34_Grp34_IGKV7-33*01_IGKJ2*01_Len(305|0|32)_Del(0|7),GACGTTGTGTTGACTCATTCTCCAACTTTCCTTGCTGTGACAGCTAATAAGAAGGTCACCATTAGTTGCACGGCCCGTGAGAGCCTTTACTCTGGCAAACACAAAGTGCACTACTTAGCTTGGTGCCGGAAGAAACCAGCGCAATCTCCTAAACTGCTGACATACGGGGCACCCAACCGACACATTGAGGTCCCTGATCGCTTCACAGGCAGTAGATCTGGGGCAGGTTTCACTCAGACCATCAGCAGTGAACTGGTTGAAGACCTCACACATTATTACTGTGCACAGTTTTACAGCTATCCTCTGTTCGGAGGGGGGACCGAGCTGGAAGGAACAC,1
Seq35_Grp35_IGKV7-33*01_IGKJ2*01_Len(305|0|32)_Del(0|7),GACATTGTGATGACTCATTCTCCAACTTTCCTTGCTGTGACAGCTGATAAGAAGGTCACCATTAGTTGCACGGCCCGTGAGTGCCTTTATTCAGGCAAACACAAAGTGCACTACTTATCTTGGTGCCAGAAGAAACCAGAGCAATCTCCTAAACTGCTGACATACGGGGCACCCAACCGACACATTGAGGTCCCTGATCGCTTCACAGGCAGTGGATCTGGGACAGGTTTCACTCAGACCATCAGCAGTGAACAGGTTGAACACCTCACACATTATTACTGTGCACTGTTTTACAGCTATCCTCTGTTCGGAGGGGGGACCAAGCTGGAAATAAAAC,1
Seq36_Grp36_IGKV7-33*01_IGKJ2*01_Len(305|0|32)_Del(0|7),GACATTGTGATGACTCATTCTCCAACTTTCCTTGTTGTGACAGCTGATAAGAAGGTCACCATTAGTTGCACGGCCCGTGAGTGCCTCTATTCAGGCGAACACAAAGTGCACTACTTATCTTGGTGCCAGAAGAAATCAGAGCAATCTCCTAAACTGCTGACATCCGGGGCACCCAACCGACGCATTGAGGTCCCTGATCGCTTCACAGGCAGTGGATCTGGGATAGGTTTCACTCAGACCATCAGCAGTGAACAGGTTGAACACCTCACACATTATTACTGTGCACTGTTTTACAGCTATCCTCTGTTCGGAGGGGGGACCAAGCTGGAAATAAAAC,1
Seq37_Grp37_IGKV2-109*03_IGKJ1*02_Len(302|1|37)_Del(0|0),GATATTGTGATGACGCAGGCTGCATTCTCCAATCCAGTCACTCTTGGAACATCAGCTTCCATCTCTTGCAGTTCTAGTAAGAGTCTCCTACATAGTAATGGCATCACTTATTTGTATTGGTATCTGCAGAGGCCAGGCCAGTCTCCTCAGCTCCTGATATATCGGATGTCCAACCTTGCCTCAGGAGTCCCAGACAGGTTCAGTGGCAGTGGGTCAGGAACTGATTTCACACTGAGAATCAGCAGAGTGGAGGCTGAGGATGTGGGTGTTTATTACTGTGCTCAAATGCTAGAACGCCCTCCGCCGACGTTCGGTGGAGGCACCAAGCTGGAAATCAATC,1
Seq38_Grp38_IGKV2-109*03_IGKJ1*02_Len(302|1|37)_Del(0|0),GATATTGTGATGACGCAGGCTGCATTCTCCAATCCAGTCACTCTTGGAACATCAGCTTCCATCTCTTGTAGTTCTAGTAAGAGGCTCCTACATAGTAATGGCATCACTTATTTGTATTGGTATCTGCAGAGGCCAGGCCAGTCTCCTCAACTCCTGATATATCTGATGTCCAACCTTGCCTCAGGAGTCCCAGACAGGCTCAGTCGCAGTGGGTCAGGAACTGATTTCACACTGAGAATCAGCAGAGTGGAGGCTGAGGATGTGGGTGCTTATTACTGTGCTCAAATGCTAGAACGCCCTCCGCCGACGTTCGGTGGAGGCACCAAGCTGGAAATCAATC,1
Seq39_Grp39_IGKV2-109*03_IGKJ1*02_Len(302|1|37)_Del(0|0),GATATTGTGATGACGCAGGCTGCATTCTCCAATCCAGTCATTCTTGGAACATCAGCTTCCATCTCTTGTAGTTCTAGTAAGAGGCTTCTACATAGTAATGGCATCACTTATTTGTATTGGTACCTGCAGAGGCCAGGCCAGTCTCCTCAACTCCTGATATATCTGATGTCCAACCTTACCTCTGGAGTCCCAGACAGGCTCAGTCGCAGTGGGTCAGGAACTGATTTCACACTGAGAATCAGCAGAGTGGAGGCTGAGGATGTGGGTGCTTATTACTGTGCTCAAATGGTAGAACGCCCTCCGCCGACGTTCGGTGTAGGCACCAAGCTGGAAATCAATC,1
Seq40_Grp40_IGKV2-109*03_IGKJ1*02_Len(302|1|37)_Del(0|0),GATATTGTGATGACGCAGGCTGCATTCTCCAATCCAGTCACTCTTGGAACACCAGTTTCCATCTCTTGCAGTTCTAGTAAGAGTCTCCTACATAGTGATGGCATCACTTATTTGTATTGGTATCTGCAGAGGCCAGGCCAGTCTCCTCAGCTCCTGATATATCGGATGTCCAATCTTGCCTCAGGGGTCCCAGACAGGTTCAGTGGCAGTGGGTCAGGAACTGATTTCACACTGAGAATCAGCAGAGTGGAGGCTGAGGATGTGGGTGTTTATTACTGTGCTCAGATGCTAGAACGCCCTCCGCCGACGTTCAGTGGAGGCACCAAGCTGGAAATCAATC,1
Seq41_Grp41_IGKV2-109*03_IGKJ1*02_Len(302|1|37)_Del(0|0),GGTATTGTGATGACGCAGGCTGCATTCTCCAATCCAGTCACTCTTGGAACACCAGTTTCCATCTTTTGCAGTTCTAGTAAGAGTCTCCTACATAGTGATGGCATCACTTATTTGTATTGGTATCCGCAGAGGCCAGGCCAGTCTCCTCAGCTCCTGATACATCGGATGTCCAATCTTGCCTCAGGGGTCTCAGACAGGTTCAATGGCAGTGGGTCAGGAACTGATTTCACACTGAGAATCAGCAGAGTGGAGGCTGAGGATGTGGGTGTTTATTACTGTGCTCAGATGCTAGAACGCCCTCCGCCGACGTTCAGTGGAGGCACCAAGCTGGAAATCGATC,1
Seq42_Grp42_IGKV2-109*03_IGKJ1*02_Len(302|1|37)_Del(0|0),GATATTGTGATGACGCAGGCTGCATTCTCCAATCCAGTCACTCTTGGAACATCAGCTTCCATCTCTTGCAGTTCTAGTAAGAGTCTCCTACATAGTAATGGCATCACTTATTTGCATTGGTATCTGCAGAGGCCAGGCCAGTCTCCTCAGCTCCAGATATATCGGATATCCAACCTTGCCTCAGGAGTCCCAGACAGGTACAGTGGTAGTGGGTCAGGTACTGATTTCACACTGAGAGTCAGCAGAGTGGAGGCTGAGGATGTGGGTGTTTATTACTGTGCTCAAATGCTAGAACGCCCTCCGCCGACGTTCGGTGGAGGCACCAAGCTGGAAATCAATC,1
Seq43_Grp43_IGKV2-109*03_IGKJ1*02_Len(302|1|37)_Del(0|0),GATATTGTGATGACGCAGGCTGCATTCTCCAATCCAATCACTCTTGGAACATCAGCTTCCATCTCTTGCAGTTCTAGTAAGAGTCTCCTACATAGTAATGACATCACTTATTTGCATTGGTATCTGCAGAGGCCAGGCCAGTCTCCTCAGCTCCAGATATATCGGATATCCAACCTTGCCTCAGGAGTCCCAGACAGGTACATTGGTCGTGGGTCAGGTACTGATTTCACACTGAGAGTCAGCCGAGTGGAGGCTGAGGATGTGGATGTTTATTACTGTGCTCAAATGCTGGAACGCCCTCCGCCGACGTTCGGTGGAGGCACCAAGCTGGAAATCAATC,1
Seq44_Grp44_IGKV2-109*03_IGKJ1*02_Len(302|1|37)_Del(0|0),GATATTGTGATGACGCAGGCTGCATTCTCCAATCCAGTCATTCTTGGAACATCAGCTTCCATCTCTTGTAGCTCTAGTATGAGGCTTCTACATAGTAATGGCATCCCTTATTTGTATTGGTGCCTGCAGAGGCCAGGCCAGTCTCCTCAACTCCTGATATATCTGATGTCCAGCCTTAGCTCTGGAGTCCCAGACAGGCTCAGTCGCAGTGGGTCAGGAACTGATTTCACACTGAGAATCAGCAGAGTGGAGGCTGAGGATGTGGGTGCTTATTACTGTGCTCAAATGGTAGAACGCCCTCCGCTGACGTTCGGTGTAGGCACCAAGCTGGAAATCAATC,1
Seq45_Grp45_IGKV2-109*03_IGKJ1*02_Len(302|1|37)_Del(0|0),GATATTGTGATGACGCAGGCTGCATTCTCCAATCCAGTCATTCTTGGAACATCAGCTTCCATCTCTTGTAGCTCTAGTATGAGGCTTCTCCATAGTAATTGCATCCCTTATTTGTATTGGTGCCTGCAGAGGCCAGGCCAGTCTCCTCAACTCCTGATATATCTGATGTCCAGCCTTAGCTCTAGAGTCCCAGAAAGGCTCAGTCGCAGTGGGTCAGGAACTGATTTCACACTGAGAATCAGCAGAGTGGAGGCTGGGGATGTGGGTGCTTATTACTGTGCTCAAATGGTAGAACGCCCTCAGCTGACGTTCGGTGTAGGCACCAAGCTGGAAATCAGTC,1
Seq46_Grp46_IGLV3*01_IGLJ5*01_Len(309|0|34)_Del(0|4),CAACCTGTGCTCACTCAGTCATCTTCAGCTTCTTTCTCCCTGGGAGCCTCAGCAAAACTCACGTGCACCTTGAGTAGTGAGCACAGTACGTACATCATTGAATGGTACCAGCAACAGCCACTCAAGCCTCCTAAGTATGTGATGCAGCTTAAGAAAGATGGAAGCCACAGCAAGGGTGATGGGATCCCTGATCGCTTCTCTGGATCCAGCTCTGGTGCTGATCGCTACCTTAGCATCTCCAACATCCAGCCTGAAGATGAAGCAATATACATCTGTGGTGTAGATGACAATATTAGGGGACAATTCGTGGTGTTCGGAGGTGGAACCAGATTGACTGTCCTAG,1
Seq47_Grp47_IGLV3*01_IGLJ5*01_Len(309|0|34)_Del(0|4),CAACCTGTGCTCACCCAGTCATCTTCAGCTTATTTCTCCCTGGGAGCCTCAGCAAAACTCACGTGCACCTTGAGTAGTGAGCACAGTACGTACATCATTGAATGGTACCAGCAACAGCCACTCAAGCCTCCTAAGTATGTGATGCAGCTTAAGAAAGATGAAAGCCACAGCAAGGGTGATGGGATCCCTGATCGCTTCTCTGGATCCAGCTCGGGTGCTGATCGCTACCTTAGCATCTCCAACGTCCAGCCTGAAGATGAAGCAATATACATCTGTGGTGTAGATGACACTGTTAGGGGACAATTCGTGGTGTTCGGAGGTGGAACCAGATTGACTGTCCTAG,1
Seq48_Grp48_IGLV3*01_IGLJ5*01_Len(309|0|34)_Del(0|4),CAACCTGTGCTCACCCAGTCATCTTCAGCTTATTTCCCCCTGGGAGCCTCAGCAAAACTCACGTGCATCTTGAGTAGTGAGCACAGTACGTACATCATTGAATGGTACCAGCAACAGCCACTCAAGCCTCCTAAGTATGTGATGCAACTTAAGAAAGATGAATGCCACAGCAAGGGTGATGGGATCCCTGATCGCTTCTCTGGATCCAGCTCGGGTGCTGATCGCTACCTTAGCATCTCCAACGTCCAGCCTGAAGATGAAGCAATATACATCTGTGGTGTAAATGACACTGTCAGGGGACAATTCGTGGTGTTCGGAGGCGGAACCAGATTGACTGTCCTAG,1
Seq49_Grp49_IGLV3*01_IGLJ5*01_Len(309|0|34)_Del(0|4),CAACCTGTGCTCACTCAGTCATCTTCAGCTTCTTTCTCCCTGGGAGCCTCAGCAAACCTCACGTGCACCTTGAGTAGTCAGCACAGTACGTACATCATTGAAGGGTACCAGCAACAGCCACTCAAGTCTCCTAAGTATGTGATGCAGCTTAAGAAAGATGGAAGCCACAGCGAGGGTGATGGGATCCTTGATCGCTTCTCTGGATCCAGCTCTGGTGCTGATCGCTACCTTAGCATCTCCAACATCCAGCCTGAAGATGAAGCAATATACATCTGTGGTGTAGATGACAATATTAGGGGACAATTCGTGGTGTTCGGAGGTGGAACCGGATTGACTGTCCTAG,1
Seq50_Grp50_IGLV3*01_IGLJ5*01_Len(309|0|34)_Del(0|4),CAACCTGTGCTCACTCAGTCATCTTCAGCTTCTTTCTCCCTGGGATCCTCAGCAAACCTCACGTGCACCTTGAGTGGTGAGCACAGTACGTACATCATTGAAGGGTACCAGCAACAGCCACTCGAGTCTCCTAAGTATGTGATGCAGCTTAAGAAAGATGGAAGCCACAGCGAGGGTGATGGGATCCTTGATCGCTTCTCTGGATCCAGCTCTGGTGCTGATCGCTACCTTAGCATCTCCAACATCCAGCCTGAAGATGAAGCAATATACATCTGTGGTGTAGATGACAATATTTGGGGACAATTCGTGGTGTTCGGAGGTGGAGCCGGATTGACTGCCCTAG,1
Seq51_Grp51_IGLV3*01_IGLJ5*01_Len(309|0|34)_Del(0|4),CAACCTGTGCTCACCCAGTCATCTTCAGCTTATTTCTCCCTGGGAGCCTCAGCAAAACTCACGTGCACCATGAGTAGTGAGCACAGTACGTACATCATTGAATGGTACCGGCAACAGCCACTCAAGCCACCTAAGTATGTGACGCAGCTTAAGAAAGATGAAAGCCACAGCAAGGGTGATGGGATCCCTGATCGCTTCTCTGGATCCAGATCGGGTGCTGATCGCTACTTTAGCATCTCCAACGTCCAGCCTGAAGATGAAGCAATATACATCTGTGGTGTAGATGACACTCTTAGGGGACAATTCGTGGTGTTCGGAGGTGGAACCAGATTGACTGTCCTAG,1
Seq52_Grp52_IGLV3*01_IGLJ5*01_Len(309|0|34)_Del(0|4),CAACCTGTACTCACCCAGTCATCTTCATCTTATTTCTCCCTGGGAGCCTCAGCAAAACTCACGTGCACCATGAGTTGTGAGCACAGTACGTACATCATTGAATGGTACCGGCAACAGCCACTCAAGCCACCTAAGTATGTGACGCAGCTTATGAAGGATGAAAGCCACAGCAAGGGTGACGGGATCCCTGATCGCTTCTCTGGATCCAGATCGGGTGCTGATAGCTACTTTAGCATCTCCAACGTCCAGCCTGAAGATGAAGCAATATACATCTGTGGTGTAGATGACACTCTTAGGGGACAATTCGTGGTGTTCGGAGGTGGAACCAGATTGACTGTCCTAG,1
Seq53_Grp53_IGLV3*01_IGLJ5*01_Len(309|0|34)_Del(0|4),CAACCTCTGCTCACTCAGTCACCTTCAGCTTCTTTCTCCCTGGGAGCCTCAGCAAACCTCACGTGCACCTTGAGTAGTCAGCACAGTACGTACATCATTGAAGGGTACCAGCAACAGCCACTCAAGTCTCCCAAGTATGTGATGCAGCTTAAGAAAGATGGAAGCCACAGCGAGGGTGATGGGATCCTTGATCGCGTCTCTGGATCCAGCTCTGGTGCTGATCGCTACCTTAGCATCTCCAACATCCAGCCTGAAGATGAAGCAGTATACATCTGTGGTGTAGATGACAATATTAGGGGACAATTCGTGGTGTTCGGACGGGGAACCGGATTGACTGTCCTAG,1
Seq54_Grp54_IGLV3*01_IGLJ5*01_Len(309|0|34)_Del(0|4),CAACCTCTGCTCACTCAGTCACCTTCAGCTTCTTTCTCCCTGGGAGCCTCAGCAAACCTCACGTGCACCTTGAGTAGCCAGCACAGTACGTACATCATTGAAGGGTACCAGCAACAGCCACTCAAGTCTCCCAAGGGTGTGATGCAGCTTAAGAAAGATGGAAGCCACAGCGAGGGGGATGGGATCCTTGTTCGCGTCTCTGGATCCAGCTCTGGTGCTTATCGCTACCTTAGCATCTCCAACATCCAGCCTGAAGATGAAGCAGTATACATCTGTGGTGTAGATGACAATATTAGGGGACAATTCGTGGTGTTCGGATGGGGAACCGGATTGACTGTCCTAG,1
Seq55_Grp55_IGLV2*01_IGLJ4*01_Len(293|2|37)_Del(1|5),CAGGCTGTTGTGACTCAGGAGTCTGCACTCACCACATCACCTGGTGGTACAGTCATACTCACTTGTCGCTCAAGTACTGGGGCTGTTACAACTAGTAACTATGCCATTTGGGTCCAAGAAAAAACAGATCATTTATTCGCTGGTGTAATAGGTGATACAAGCAACCGAGCTCCAGGTGTTCCTGCCAGATTCTCAGGCTCCCTGATTGGAGACAAGGCTGCCCTCACCATCACAGGGGCACAGACTGAGGATGATGCAATGTATTTCTGTGCTCTATGGTACAGCAACCATTTTGTGTTCGGAGGTGGAACCAGATTGACTGTCCTAGATGA,1
Seq56_Grp56_IGLV2*01_IGLJ4*01_Len(293|2|37)_Del(1|5),CAAGCTGTTGTGACTCAGGAGTCTGCACTCACGACATCACCCGGTGGTACAGTCATACTCACTTGTCGCTCAAGTACTGGGACTGTTACAACTAGTAACTATGCCATTTGGGTCCAAGAAAAAACAGATCATTTATTCGCTGGTGTAATAGGTGATACAAGCAACCGAGCTCCAGGTGTTCCTGCCAGATTCTCAGGCTCCCTGATTGGAGACAAGGCTGCCCTCACCATCATAGGGGCACAGACTGAGGATGATGCAATGTATTTTTGTGCTCTATGGTACGGCAACCATTTTGTGTTCGGAGGTGGAACCAGATTGACTGTCCTAGATGA,1
Seq57_Grp57_IGLV2*01_IGLJ4*01_Len(293|2|37)_Del(1|5),CAAGCTGTTGTGACTCAGCAGTCTGCACTCACGACATCACCCGGTGGTACAGTCACACTCACTTGTCGCTCAAGTACTGGGACTGTTACAACTAGTAACTATGCCATTTGGGTCCAAGAAAAAACAGATCATTTATTCGCTGGTGTAATAGGTGATACAACCAACCGAGCTCCAGGTGTTCCTGCTAGATTCTCAGGCTCCCTGATTGGAGACAAGGCTGCCCTCACCAGCATAGGGGCACAGACTGAGGATGAGGCAATGTATTTTTGTGCTCTATGGTACGGCAACCATTTTGTGTTCGGAGGTGGAACCAGATTGACTGTCCTAGATGG,1
Seq58_Grp58_IGLV2*01_IGLJ4*01_Len(293|2|37)_Del(1|5),CACGCTGTTGTGACTCAGGAGTCTGCACTCACGACATCACCTGGTGGTACAGTCATACTCACTTGTCGCTCAAGTACTGGGGCTGTTACAACTAGTAACTATGCCATTTGGCTCCAAGAAAGAACAGATCATTTATTCGCTGGTGTAATAGGTGATACAAGCAACCGAGCTCAAGGTGTTCCTGCCCGATTCTCAGGCTCCCTGATTGGAGACAAGGCTGCCCTCACCATCACAGGGGCACAGACTGAGGATGATGCAATGTATTTCTGTGCTCTATGGTACAGCAACCATTTTGTGTTCGGAGGTGGAACCAGATTGACGGTCCTAGATGA,1
Seq59_Grp59_IGLV2*01_IGLJ4*01_Len(293|2|37)_Del(1|5),CACGCTGTCGTGACTCAGGAGTCTGCACTCACGACATCACCTGGTGGTACAGTCATACTCACTTGTCGCTCAAGTACTGGGGCTGTTACAACTAGTAACTATGCCGTTTGGCTCCAGGAAAGAACAGATCATTTATTCACTGGTGTAATAGTTGATACAAGCAACCGAGCTCAAGGTGTTCCTGCCCGACTCTCAGGCTCCCTGATTGGAGACAAGGCTGCCCTCACCATCACAGGGGCACAGACTGAGGATGATGCAATGTATTTCTGTGCTCTAGGGTACAGCAACCATTTTGTGTTCGGAGGTGGAACCAGATTGACGGTCCTAGATGA,1
Seq60_Grp60_IGLV2*01_IGLJ4*01_Len(293|2|37)_Del(1|5),CACGCTGTCGTGACTCAGGAGTCTGCACTCACGACATTATCTGGTGGTACAGTCATACTCACTTGTCGCTCAAGTACTGGGGCTGTTACAACTAGTAACTATGCCGTTTGGCTCCAGGAAAGAACAGATCATTTATTCACTGGTGTAATGGTTGATACAAACAACCAAGCTCAAGGTGTTCCTGCCCGACTCTCAGGCTCCCTGATTGGAGACAAGGCTGCCCTCACCATCACAGGGGCACAGACTGAGGATGATGCAATGTACTTCTGTGCTCTAGGATACAGCAACCATTTTGTGTTCGGAGGTGGAACCAGATTGACGGTCCTAGATGA,1
Seq61_Grp61_IGLV2*01_IGLJ4*01_Len(293|2|37)_Del(1|5),CACGCTGTCGTGACGCAGGAGTCTGCACTCACGACATTATCTGGTGGTACAGTCATACTCACTTGTCGCTCAAGTACTCGGGCTGTTACAACTAGTAACTATGCCGTTTGGCTCCAGGAAAGAACAGATCATTTATTCACTGGTGTGATGGTTGATACAAACAACCAAGCTCAAGGTGTTCCTGCTCGACTCTCAGGCTCCCTGATTGGAGACAAGGCTGCCCTCACCATCACAGGGGCACAGACTGAGGATGATGCAATGTACTTCTGTGCTCTAGGATACAGGAACCATTATGTGTTCGGAGATGGAACCAGATTGACGGTCCTAGATGA,1
Seq62_Grp62_IGLV2*01_IGLJ4*01_Len(293|2|37)_Del(1|5),CACGCTGTCGTGACTCAGGAGTCTGCACTCACGACATCACCTGGTGGTACAGTCATACTCACTTGTCGCTCAAGTACTGGGGCTGTTACAACTAGTAACTATGCCGTTTGGCTCCGGGAAAGATCAGATCATTTATTCACTGGTGCAATAGTTGATACGAGCAACCGAGCTCAAGGTGTTCCTGCCCGACTCTCAGGCTCCCGGATGGGAAACAAGGCTGCCCTCACCATCACAGGGGCACAGACTGAGGATGATGCAATGTATTTCTGTGCTCTAGGGTACAGCAACCATTTTGTGTTCGGAGGTGGAACCAGATTGACGGTCCTAGATGA,1
Seq63_Grp63_IGLV2*01_IGLJ4*01_Len(293|2|37)_Del(1|5),CACACTGTCGTGACTCAGGAGTCTGCACTCACGACATCACCTGGTGGTACAGTCATGCTCACTTGTCGCTCAAGTACTGGGGCTGTTACAACTAGTAACTATGCCGTTTGGCTCCGGGAAAGATCAGATCATTTATTCACAGGGGCAATAGTTGATACGAGCAACCGAGCTCAAGGTCTTCCTGCCCGACTCTCAGGCTCCCGGATGGGAAACAAGGCTGCCCTCACCATCACAGGGGCACAGACTGAGGATGATGCAATGTATTTCTGTGCTCTAGGGTACAGCAAACATTTTGTGTTCGGAGGTGGAACCAGATTGACGATCCTAGATGA,1
Seq64_Grp64_IGLV2*02_IGLJ5*01_Len(293|3|38)_Del(1|0),CAGGCTGTTGTGACTCAGGAATCTGCACTCACCACATCACCTGGTGGAACAGTCATACTCACTTGTCGCTCAAGTACTGGGGCTGTTACAACTAGTAACTATGCCAACTGGGTCCAAGAAAAACCAGATCATTTATTCACTGGTCTAATAGGTGGTACCAGCAACCGAGCTCCAGGTGTTCCTGTCAGATTCTCAGGCTCCCTGATTGGAGACAAGGCTGCCCTCACCATCACAGGGGCACAGACTGAGGATGATGCAATGTATTTCTGTGCTCTATGGTACAGCACCCATTTTCGTTGGGTGTTCGGAGGTGGAACCAGATTGACTGTCCTAG,1
Seq65_Grp65_IGLV2*02_IGLJ5*01_Len(293|3|38)_Del(1|0),GAGGCTTTTGTGACTCAGGAATCTGCACTCACCACATCACCTGGTGGAACAGTCATACTCACCTGTCGCTCAAGTACTGGGGCTGTTACAACTAGTAACTATGCCAACTGGGTCCAAGAAAAACCAGATCATGTATTCACTGGTCTAATAGGTGGTACCATCAACCGAGCTCCAGGTGTTCCTGTCAGATTCTCAGGCTCCCTGATTGGAGACAAGGCTGCCCTCACCATCACAGGCGCACAGACTAAGGATGATGCAATGTATTTCTGTGCTCTATGGTACAGCACCCATTTTCGTTGGGTGTTCGGAGGTGGAACCAGATTGACTGTCCTAG,1
Seq66_Grp66_IGLV2*02_IGLJ5*01_Len(293|3|38)_Del(1|0),GAGGCTTTTGTGACCCAGGAATCTGCACTCACCACATCACCTGGTGGAACAATCATACTCACCTGTCGCTCAAGTACTGGGGCTGTTACAACTAGTAACTATGCCAACTGGGTCCAAGAAAAACCAGATCATGTATTCACTGGTCTATTAGGTGGTACCATCAACCGATCTCCAGGTGTTCCTGTCAGATTCTCAGGGTCCCTGATTGGAGAGAAGGCTGCCCTCACCATCACAGGCGCACAGACTAAGCATGATGCAATGTATTTCTGTGCTCTATGGTACAGCACCCATTTTCGTTGGGTGTTCGGAGGTGGAACCAGATTGACTGTCCTAG,1
Seq67_Grp67_IGLV2*02_IGLJ5*01_Len(293|3|38)_Del(1|0),CAGGCTGTTGTGACTCAGGAATCTGCACTCACCACATCACCTGGTGGAACAGTCATACTCACTTGTCGTTCAAGTACTGGGGGTGTTACAACTAGTAACTATGCCAACTGGGTCCAAGAAAAACCAGATCATTTATTCACTGGTCTAATAGGTGGTACCAGCAACCGAGCTCCAGATGTTCCTGTCAGATTCTCAGGCTCCCTGATTGGAGACAAGGCTGCCCTCACCATCACAGTGGCACAGACTGAGGACGATGCCATGTATTTCTGTGCTCTATGGTACAGCACCCATTTTCGTTGGGTGTTCGGAGGTGGAACCAAATTGACTGTCCTAG,1
Seq68_Grp68_IGLV2*02_IGLJ5*01_Len(293|3|38)_Del(1|0),CAGGCTGTTGTGACTCAGGAATCTGCACTCACCACATCACCTGGTGGAACAGTCATACTCACTTGTCGTTCAAGCACTGGGGGTGTTGCTACTAGTAACTATGCCAACTGGGTCCAAGAAAAACCAGATCATTTATTCACTGGTGTAATAGGTGGTACCAGCAACCGAGCTCCAGATGTTCCTGTCAGATTCTCAGGCTCTCTGATTGGAGACAAGGCTGCACTCACCATCACAGTGGCACAGACTGAGGACGATGCCATGTATTTCTGTGCTCTATGGTACAGCACCCATTTTCGTTGGGTGTTCGGAGGTGGAACCAAATTGTCTGTCCTAG,1
Seq69_Grp69_IGLV2*02_IGLJ5*01_Len(293|3|38)_Del(1|0),CAGGCTGTTGTGACTCAGGAACTGGCACTCACCACATCACCTGGTGGAACAGTCATACTCACTTGTCGCTCAAGTACTCGGGCTGTTACAACTGGTAACTATGCCAACTGGGTCCAAGAAAAACCAGATCATTTATTCACTGGTCTAATAGGTGGTACCAGCAACCGAGCTCCCGGTGTTCCTGTCAGATTCTCAGGCTCCCTGATTGGAGACAAGGCTGCCCTCACCATCACAGGGGCACAGACTGAGGATGATGCAATGTATTTCTGTGCTCTATGGTACGGCACCCATTTTCGTTGGGTGTTCGGAGGTGGAACCAGATTGACTGTCCTAG,1
Seq70_Grp70_IGLV2*02_IGLJ5*01_Len(293|3|38)_Del(1|0),CAGGCTGTTGTGACTCAGGAACTGGCACTCACCACATCACCTGGTGGAAAAGTCATACTCACTTGTCGCTCAAGTACTCGGGCTGTTACAGCTGGTAACTATGCCAACTGGGTCCAAGAAAAACCAGATCATTTATTCACTGGTCTAATAGGTGGTACCAGCAACCGAGCTCCCGGTGCTCCTGTCAGATTCTCAGGCTCCCTGGTTGGAGACAAGGCTGCCCTCCCCATCACAGGGGCACAGACTGAGGATGATGCAATGTATTTCTGTGCTCAATGGTACGGCACCCATTTTCGTTGGGTGTTCAGAGGTGGAACCAGATTGACTGTCCTAG,1
Seq71_Grp71_IGLV2*02_IGLJ5*01_Len(293|3|38)_Del(1|0),CAGGCTGTTGTGACTCAGGAATCTGCACTCACCACATCACCTGGTGGAACAGTCATACTCACTTGTCGCTCAAGTACTGGGGTTGTTACAACTAGTAACTATGCCAACTGGGTCCAAGGGAAACCAGATCATTTATTCACTGGTCTAATAGGTGATACCAGCAACCGAGCTCCAGGTGTTCCTGTCAGATTCTCAGGCTCCCTGATTGGAGACAAGGCTGCACTCACCCTCACAGGGGCACAGACTGAGGATGATGCAATGTATTTCTGTGCTCTATGGTACAGCACCCATTTTCGTTGGGTGTTCGGAGATGGAACCAGATTGACTGTCCTAG,1
Seq72_Grp72_IGLV2*02_IGLJ5*01_Len(293|3|38)_Del(1|0),CAGGCTGTTGTGACTCAAGAATCTGCACTCACCACATCACCTGGTGGCACAGTCATACTCACTTGTCGCTCAAGTACTGGGGTCGTTACAACTAGTAACTATGCCAACTGGGTCCAAGGGAAACCAGATCATTTATTCATTGGTCTAATAGGTGATACCAGCAACCGAGCTCCAGGTGTTCCTGTCAGATTCTCAGGCTCCCTGATTGGAGACAAGGCTCCACTCACCCTCACAGGGGCACAGACTGAGGATGATGCAAAGTATTTCTGTGCTTTATGGTACAGCACCCATTTTCGTTGGGTGTTCGGAGATGGAACCAGATTGACTGTCCTAG,1
Seq73_Grp73_IGKV1-135*01_IGKJ2*03_Len(302|1|37)_Del(0|2),GATGTTGTGATGACCCAGACTCCACTCACTTTGTCGGTTACCATTGGACAACCAGCCTCCATCTCTTGCAAGTCAAGTCAGAGCCTCTTAGATAGTGATGGAAAGACATATTTGAATTGGTTGTTACAGAGGCCAGGCCAGTCTCCAAAGCGCCTAATCTATCTGGTGTCTAAACTGGACTCTGGAGTCCCTGACAGGTTCACTGGCAGTGGATCAGGGACAGATTTCACACTGAAAATCAGCAGAGTGGAGGCTGAGGATTTGGGAGTTTATTATTGCTGGCAAGGTACACATTTTCCTCAATATACGTTCGGATCGGGGACCAAGCTGGAAATAAAAC,1
Seq74_Grp74_IGKV1-135*01_IGKJ2*03_Len(302|1|37)_Del(0|2),GATGTTGTGGTGACCCAGACTCCACTCACTTTGTCGGTTGCCATTGGACAACCAGCCTCCATCTCTTGCAAGTCAAGTCAAAGGCTCTTAGATAGTGATGGAAAGACATATTTGAATTGGTTGTTACAGAGGCCAGGCCAGTCTCCAAAGCGCCTAATCTATCTGATGCCTAAACTGGACTCTGGAGTCCCTGACAGGTTCACTGGCAGTGGATCAGGGACAGATTTCACACTAAAAATCAGCAGAGTGGAGGCTGAGGATTTGGGAGTTTATTATTGCTGGCAAGGTACACATTTTCCTCAATATACGTTCGGATCGGGGACCAAGCTGGAAATAAAAC,1
Seq75_Grp75_IGKV1-135*01_IGKJ2*03_Len(302|1|37)_Del(0|2),GATGTTGTGGTGACCCAGACTCCACTCACTTTGTCGGTTGCCATTGGACAACCAGCCTCCATCTCTTGCAAGTCAAGTCAAAGGCTCTTAGATAGTGATGGAAAGACATATTTGAATTGGTCGTTACAGAGGCCAGGCCAGTCTCCAAAGCGCCTAATCTATCTGATGCCTAAACTGGACTCTGGAGTCGCTGACAGGTTCACTGGTAGTGGATCAGGGACAGTTTTCACACTAAAAATCAGCAGAGTGGAGGCTGAGGATTTGGGAGTTTATTATTGCTGGCAAGGCACACATTTTCCTCAATATACGTTCGGATCGGGGACCAAGCTGGAAATAAAAC,1
Seq76_Grp76_IGKV1-135*01_IGKJ2*03_Len(302|1|37)_Del(0|2),GATGTTGTGGTGACCCAGACTCCACTCACTTTGTCGGTTGCCATTGGACGACCAGCCTCCATCTCTTGCAAGTCAAGTCAAAGGCTCTTAGATAGTGATGGAAGGACATATTTGAATTGGTTGTTACAGAGGCCAGGCCAGTCTCCAAAGCGCCTAATCTATCTGATGCCTAAACTGGCCTCTGGAGTCCCTGACAGGTTCACTAGCAATGGATCAGGGACAGATTTCACACTAGAAATCAGCAGAGTGGAGGCTGAGGATTTGGGAGTTTATTATTGCTGGCAAGGTACACGTTTTCCTCAATATACGTTCGGATCGGGGACCAAGCTGGAAATAAAAC,1
Seq77_Grp77_IGKV1-135*01_IGKJ2*03_Len(302|1|37)_Del(0|2),GACGTTGTGGTGACCCAGACTCCACTCACTTTGTCGGTTGCCATTGGACGACCAGCCTCCATCTCTTGCAAGTCAAGTCAAAGGCTCTTAGATAGTTATGGAAGGACATTTTTGAATTGGTTGTTACAAAGGCCAGGCCAGTCTCCAAAGCGCCTAATCTATCTGATGCCTAAACTGGCCTCCGGAGTCCCTGACAGGTTCACTAGCAATGGATCAGGGACAGATTTCACCCTAGAAATCAGCAGAGTCGAGGCTGAGGATTTGGGAGTTTATTATTGCTGGCAAGGTACACGTTTTCCTCAATATACGTTCGGATCGGGGACCAAGCTGGAAATAAAAC,1
Seq78_Grp78_IGKV1-135*01_IGKJ2*03_Len(302|1|37)_Del(0|2),GATGTTGTGGTGACCCAGACTCCACTCACTTTGTCGGTTGCCATTGGACAACCAGCCTCCATCTCTTGCAAGTCAAGTCAAAGGCTCTTAGATAGTGATGGAAAGACATATTTGAATTGGTTCTTACAGAGGCCAGGCCAATCTCCAAAGCGCCTAATCTATCTGCTGCCTAAATTGGACTCTGGAGTCCCTGACAGGTTCATTGGCAGTGGATCAGAGACAGATTTCACACTAAAAATCAGCGGAGTGGAGGCTGAGGATTTGGGAGTTTATTATTGCTGGCAAGGTACACATTTTCCTCAATATACGTTCGGATCGGGGACCAAGCTGGAAATAAAAC,1
Seq79_Grp79_IGKV1-135*01_IGKJ2*03_Len(302|1|37)_Del(0|2),GATGTTGTGGTGGCCCAGATTCCACTCACTTTGTCGGTTGCCATTGGACAACCAGCCTCCATCTCTTGCAAGTCAAGTCAAAGGCTCTTAGATAGTGATGGAAAGACATATTTGAACTGGTTCTTACAGAGGTCAGGCCAATCTCCAAAGCGCCTCATCTATCTGCTGCCTAAATTGGACTCTGGCGTCCCTGACAGGTTCATTGGCAGTGGATCGGAGACAGATTTCACACTAAAAATCAGCGGAGTGGAGGCTGAGGATTTGGGAGTTTATTATTGCTGGCAAGGTACACATTTTCCTCAATATACGTTCGGATCGGGGACCAAGCTGGAAATAAAAC,1
Seq80_Grp80_IGKV1-135*01_IGKJ2*03_Len(302|1|37)_Del(0|2),GATGTTGTGGTGACCCAGACTCCACTCATTTTGTCGGTTGCCATTGGACAACCAGCCTCCGTCTCTTGCAAGTCAAGTCAAAGGCTCTTAGATAGTGATCGAAGGACATATTTGAATTGGTCGTTACAGAGGCCAGGCCAGTCTCCAAAGCGCCTCATCTATCTGATGCCTAAACTGGGCTCTGGAGTCGCTGACATGTTCACTGGTAGTGGATCAGGGACAGTTTTCACACTAAAAATCAGCAGAGTGGAGGCTGAGGATTTGGGAGTTTATTATTGCTGGCAAGGCACACATTTTCCTCAATATACGTTCGGATCGGGGACCAAGCTGGAAATAAAAC,1
Seq81_Grp81_IGKV1-135*01_IGKJ2*03_Len(302|1|37)_Del(0|2),GATGTTGTGGTGACCCAGACTCCACTCATTTTGTGGGTTTCCATTGGACAACCAGCCTCCGTCTCTTGCAAGTCAAGTCAAAGGCTCTTAGATAGTGATCGAAGGATATATTTGAATTGGTCGTTACGGAGGCCAGGCCAGTCTCCAAAGCGCCTCATCTATCTGATGCATAAACTGGGCTCTGGAGTCGCTGACATGTTCACTAGTAGTGGATCAGGGACAGTTTTCACACTAAAAATCAGCAGAGTGGAGGCTGAGGATTTGGGAGTTTATTATTGCTGGCAAGGCACACATTTTCCTCAATATATGTTCGGATCGGGGACCAAGCTGGAAATAAAAC,1
Seq82_Grp82_IGLV2*01_IGLJ3P*01_Len(294|6|37)_Del(0|1),CAGGCTGTTGTGACTCAGGAGTCTGCACTCACCACATCACCTGGTGGTACAGTCATACTCACTTGTCGCTCAAGTACTGGGGCTGTTACAACTAGTAACTATGCCATTTGGGTCCAAGAAAAAACAGATCATTTATTCGCTGGTGTAATAGGTGATACAAGCAACCGAGCTCCAGGTGTTCCTGCCAGATTCTCAGGCTCCCTGATTGGAGACAAGGCTGCCCTCACCATCACAGGGGCACAGACTGAGGATGATGCAATGTATTTCTGTGCTCTATGGTACAGCAACCATTTCGGGGAAGGTTCTTTTTCCTCAAATGGCCTATTGTATGCAGGAG,1
Seq83_Grp83_IGLV2*01_IGLJ3P*01_Len(294|6|37)_Del(0|1),CAGGCTGTTGTGACTCAGGAGTCTGCACTCACCACATCACCTGGCGGTACAGTCATACTCACTTGTCGCTCAAGTATTGCGGCTGTTACAACTAGTAACTATGTCATTTGGGTCCAAGAAAAAACAGATCATTTATTCGCTGGTGTAATAGGTGATACAAGCAACCGAGCTCCAGGTGTTCCTGCCAGATTCTCAGGCTTCCTGATTGGAGACAAGGCTGCCCTCACCATCACAGGGGCACAGACTGAGGATGATGCAATGTATTTCTGTGCTCTAGGGTACAGCAACCATTTCGAGGAAGGTTCTTTTTCCTCAAATGGCCTATTGTATGCAGGAG,1
Seq84_Grp84_IGLV2*01_IGLJ3P*01_Len(294|6|37)_Del(0|1),CAGGCTGTTGTGACTCAGGAGTCTGCACTCACCACATCACCTGGCGGTACAGTCATACTCACTTGTCGCTCAAGTATTGCGGCTGTTACAACTAGTAACAATGGCATTTGGGTCCAAGAAAAAACAGATCATTTATTCGCTGGTGTAATAGGTGATACAAGCAACCGAGCCCCAGGTGTTCCTGCCGGATTCTCAGGCTTCCTGATTAGAGACAAGGCTGCCCTCACCATCACAGGGGCACAGACTGAGGATGATGCAATGTATTTCTGTGCTCTAGGGTACAGCAACCATTTCGAAGAAGGTTCTTTTTCCTCGAATGGCCTATTGTATGCAGGAG,1
Seq85_Grp85_IGLV2*01_IGLJ3P*01_Len(294|6|37)_Del(0|1),CAGGCTGTTGTGACTCAGGAGTCTGCACTCACCACATCACTTGGCGGTACAGTCATACTCACTTGTCGCTCAAGTATTGCGGCTGTTACAACTAGTAACAATTGCATTTGGGTCCAAGAAAAAACAGCTCATTTATTCGCTGGTGTACTAGGTGATACAAGCAACCGAGCCCCAGGTGTTCCTGCCGGATTCTCAGGCTTCCTGATTAGAGACAAGGCTGCCCTCACCATCATAGGGGCACAGACTGAGGATGATGCAACGTATTTCTGTGCTCTAGGGTACAGCAACCATTTCGAAGAAGGTTCTATTTCCTCGAATGGCCTATTGTATGCAGGAG,1
Seq86_Grp86_IGLV2*01_IGLJ3P*01_Len(294|6|37)_Del(0|1),CAGGCTGTTGTGACTCAGGAGTCTGCACTCACCACATCACTTGGCGGTACAGCCACACTCACTTGTCGCTTAAATATTGCGGCTGTTACAACTAGTAACAATTGCATTTGGGTCCAAGAAAAAACAGCTCATTTATTCGCTGGTGTACTAGGTGATACAAGCAACCGAGCCCCAGGTGTTCCTGCCGGATTCTCAGGCTTCCTGATTAGAGACAAGGCTGCCCTCACCGTCATAGGCGCACAGACTGCGGATGATGCAACGTATTTCTGTGCTCTAGGGTACAGCAACCATTTCGAAGAAGGTTCTATTTCCTCGAATGGCCTATTGTATGCAGGAG,1
Seq87_Grp87_IGLV2*01_IGLJ3P*01_Len(294|6|37)_Del(0|1),CAGGCTGTTGTGACTCAGGAGTCTGCACTCACCACATCACCTGGTGGTACAGTCATACTCACTTGTCGCTCAAGTACTGGGGCTGTTACAACTAGTAGCTATGCCATTTGGGTCCCAGAAAAAATAGATCATTTATTCGCTGATGTAATAGGTGATACAAGCAACCGAGCTCCAGGTGTTCCTGCCAGATTCTCAGGCTCCCTGATTGGATACAGGGCTGCCCTCACCATCACAGGGGCACAGACTGAGGATGATGCAATGTATTTCTGTGCTCTATGGTACAGCAACCATTTCGGGGAAGGTTCTTTTTCCACAAATGGCCTATTGTATGCAGGAG,1
Seq88_Grp88_IGLV2*01_IGLJ3P*01_Len(294|6|37)_Del(0|1),CAAGCTGTTGTGACTCAGGAGTCTGCACTCACCACATCACCTGGTGGTACAGTCATACTCACTTGTCGCTCAAGAACTGGGGCTGTTACAACTAGTAGCTATGCCATTTGGGTCCGAGAAAAAATAGATCATTTATTCGCTGATGTAATAGGTGATACAAGCAACCGAGCTCCAGGTGTTCTTGCCAGGTTCTCAGGCTCCCTGATTGGATACAGGGCTGCCCTCACCATCACAGGGGCACAGACTGAGGATGATGCAATGTATTTCTGTGCTCTATGGTACAGCAACCATTTCGGGGAAGGTCCTTTTTCCACAAATGACCTATTGTATGCAGGAG,1
Seq89_Grp89_IGLV2*01_IGLJ3P*01_Len(294|6|37)_Del(0|1),CAGGCTGTTGTGACTCAGGAGTCTGCACTCACCACATCACCTGGTGGTACAGTCATACTCACTTATCGCTCAAGTAATGGGGATGTTACAACTAGTAGCTATGCCATTTGGGTCCAAGAAAAAACAGATCTTTTATTCGCTGGTGTAATAGGTGATACAAGCAACCGAGCTCCAGGTGTTCCTGCCAGATTCTCAGGCTCCCTGATTGGAGACAAGGCTGCCCTCACCATCACAGGGGCACAGACTGGGGATGAGGCAATGTATTTCTGTGCTCTATGGTACAGCAACCATTTCGGGGAAGGTTCTTTTTCCTCAAATGGCCTATTGTATGCAGGAG,1
Seq90_Grp90_IGLV2*01_IGLJ3P*01_Len(294|6|37)_Del(0|1),CAGGCTGTTGTGACTCAGGAGTCTGCACTCACCACATCACCTGGTGGTACAGTCATACTCACTTATCGCTCAAGTAATGGGGATGTTACAACTAGTAGCTATGCCATCTGGGTCCAGGAAAAAACAGATCTTTTATTCGCTGGTGTAATAGGCGATACAAGCAACCGAGCTCCAGGTGTTCCTGCCAGATTCTCAGGCTCCCTAATTGGAGACAAGGCTGCCCTCACCATCACAGGGGCACAGACTGGGGATGAGGCAATGTATTTCTGCGCTCTATGGTACAGCAACCATTTCGGGGAAGGTTCTTTTTCCTCAAATGGCCTATTGTATCTAGGAG,1
