SeqName,H-Seq,TemplateCount
Seq01_Grp01_IGHV4S13*01_rIGHD3S18*01_IGHJ5-1*01_Len(295|13|7|13|42)_Del(4|2|13|9),CAGGTGCAGCTGCAGGAGTCGGGCCCAGGACTGGTGAAGCCTTCGGAGACCCTGTCCCTCACCTGCGCTGTCTCTGGTGGCTCCATCAGCAGTAGTAACTGGTGGAGCTGGATCCGCCAGCCCCCAGGGAAGGGACTGGAGTGGATTGGACGTATCTCTGGTAGTGGTGGGAGCACCAGCTACAACCCGTCCCTCAAGAGTCGAGTCACCATTTCAAAAGACACGTCCAAGAATCAGTTCTCCCTGAAGCTGAGCTCTGTGACCGCCGCGGACACGGCCGTGTATTACTGTGCGAGGCTAGGGGAGGGCATAATAGCGGAAGTGGAGCTCGATGTCTGGGGCCCGGGAGTCCTGGTCACCGTCTCCTCAG,1
Seq02_Grp02_IGHV4S13*01_rIGHD3S18*01_IGHJ5-1*01_Len(295|13|7|13|42)_Del(4|2|13|9),CAGGTGCAGCTGCAGGAGTCGGGCCCAGGACTGGTGAAGCCTTCGGAGACCCTGTCCCTCACCTGCGCTGTCTCTGGTGGCTCCATCAGCAGTAGTAACTGGTGGAGCTGGATCCGCCCGCCCCCAGGGAAGGGACTGGAGTGGATTGGTCGTATCTCTGGTAGTGGTGGGAGCACCAGCTACAACCCGTCCCTCAAGAGTCGAGGCACCATTTCAAAAGACGCGTCCAAGAATCAGTTCTCCCTGAAGCTGAGCTCTGTGACCGCTGCGGACACGGCCGTGTATTACTGTGCGAGGCGAGGGGAGGGCATAATAGCGGAAGTGGAGCTCGATGTCTGGGGCCCGGGAGTCCTGGTCACCGTCTCCTCAG,1
Seq03_Grp03_IGHV4S13*01_rIGHD3S18*01_IGHJ5-1*01_Len(295|13|7|13|42)_Del(4|2|13|9),CAGGTGCAGCTGCAGGAGTCGGGCCTAGGACTGGTGAAGCCTTCGGAGACCCTGTCCCTCACCTGCGCTGTCTCTGGTGGCTCCATCAGCAGTAGTAACTGGTGGAGCTGGATCCGCACGCCCCCAGGGATGGGACTGGAGTGGATTGGTCGTATCTCTGGTAGTGGTGGGAGCACCAGCTACAACCCGTCCCTCAAGAGTCGAGGCACCATATCAAAAGACGCGTCCAAGAATCAATTCTCCTTGAAGCTGAGCTCTGTGACCGCTGCGGACACGGCCGTGTGTTACTGTGCGAGGCGAGGGGAGGGCATAATAGCGGAAGTGGAGCTCGATGTCTGGGGCCCGGGAGTCCTGGTCACCGTCTCCTCAG,1
Seq04_Grp04_IGHV4S13*01_rIGHD3S18*01_IGHJ5-1*01_Len(295|13|7|13|42)_Del(4|2|13|9),CAGGTGCAGCTGCAGGAGTCGTGCCTAGGACTGGTGAAGCCTTCGGAGACCCTGTCCCTCACCTGCGCTGTATCTGGTGGCTCCATCAGCAGCAGTAACTGGTGGAGCTGGATCCGCACGCCCCCAGGGATGGGACTGGAGTGGATAGGTCGTATCTCTGGTAGTGGTGGGAGCACCTGCTACAACCCGTCCCTCAAGAGTCGAGGCACCATATCAAAAGACGCGTCCAAGAATCAATTCTCCTTGAAGCTGAGCTCTGTGACCGCTGCGGACACGGCCGTGTGTTACTGTGCGAGGCGTGGGGAGGGCATAATAGCGGAAGTGGAGCTCGATGTCTGGGGCCCGGGAGTCCTGGTCACCGTATCCTCAG,1
Seq05_Grp05_IGHV4S13*01_rIGHD3S18*01_IGHJ5-1*01_Len(295|13|7|13|42)_Del(4|2|13|9),CAGGTGCAGCTGCAGGGGTCGTGCCTAGGATTGGTGAAGCCTTCGAAGACCCTGTCCCTCACCTGCGCTGTATCTGGTGGCTCCCTCAGCAGCAGTAACTGGTGGAGCTGGATCCGCACGCCCCCAGGGATGGGACCGGAGTGGATAGGTCGTATCTCTGGTAGTGGTGGGAGCACCGGCTACAACCCGTCCCTCAAGAGTCGAGGCACCATATCAAAAGACGCGTCCAAGAATCAATTCTCCTTGAAGCTGAGCTCTGTGACCGCTGCGGACACGGCCGTGTGTTACTGTGCGAGGCGTGGGGAGGGCATACTAGCGGAAGTGGAGCTCGATGTCTGGGGCCCGGGAGTCCTGGTCACCGTATCCTCAG,1
Seq06_Grp06_IGHV4S13*01_rIGHD3S18*01_IGHJ5-1*01_Len(295|13|7|13|42)_Del(4|2|13|9),CAGGTGCAGCTGCAGGAGTCGGGCCTAGGACTGGTGGAGCCTTCGGAGACCCTGTCCCTCACCTGCGCTGTCTCTGGTGGCTCCATCAACAGTAGTAACTGGTGGAGCTGGATCCGCACGCTCCCAGGGATGGGACTGGAGTGGATTGGTCGTATCTCTGCTAGTGGTGGGAGCTCCAGCTACAACCCGTCCCTCAAGAGTCGAGGCACCATATCAAAAGACGCGTCCACGAATCAATTCTCCTTGAAGCTGAGCTCTGTGACCGCTGCGGACACGGCCGTGTGTTACTGTGCGAGGCGAGGGGAGGGCATAATAGCGGAAGTGGAGCTCGTTGTCTGGGGCCCGGGAGTCCTGGTCACCGTCTCCTCAG,1
Seq07_Grp07_IGHV4S13*01_rIGHD3S18*01_IGHJ5-1*01_Len(295|13|7|13|42)_Del(4|2|13|9),CAGGTGCAGCTGCAGGAGTCGGGCCTAGGACTGGTGGAGCCTTCGGAGACCCTGTCCCTCACCTGCGCTGTCTCTGGTGGCTCCATCAGCAGTAGTAACTGGTGGAGCTGGATCCGCACGCTCCCAGGGATGGGACTGGAGTGGATTGGTCGTATCTCTGCTAGTGGTGGGAGTTCCAGCTACAACCTGTCCCTCAAGAGTCGAGGCACCATATCAAAAGACGCGTCCACGAATCAATTCGCCTTGAAGCTGAGCTCTGTGACCGCTGCGGACTTGGCCGTGTGTTACTGTGCAAGGCGAGGGGAGGGCATAATAGCGGAAGTGGAGCTCGTTGTCTGGGGCCCGGGAGTCCTGGTCACCGTCTCCTCAG,1
Seq08_Grp08_IGHV4S13*01_rIGHD3S18*01_IGHJ5-1*01_Len(295|13|7|13|42)_Del(4|2|13|9),CAGGTGCAGCTGCAGGAGTCGGGCCTAGGACTGGTGAAGCCTTCGGAGACCCTGTCCCTCACCTGCGCTGTCTTCGATGGCTCCATCAGCAGTAGTAACTGGTGGAGCTGGATCCGCACGCCCCCAGGGATAGGACTGGAGTGGATTGGTCGTATCTTTGGTAGTGGTGGGAGCACCAGCTGCAACCCGTCCCTCAAGAGGCGAGGCACCATATCAAAAGACGCGTCCAAGAATCAATTCTCCTTGAAGCTGAGCTCTGTGACCGCTGCGGACACGGCCGTGTGTTACTGTGCGAGGCGAGGGGAGGGCATAATAGCGGAAGTGGAGCTCGATGTCTGGGGCCCGGGAGTCCTGGTCACCGTCTCCTCAG,1
Seq09_Grp09_IGHV4S13*01_rIGHD3S18*01_IGHJ5-1*01_Len(295|13|7|13|42)_Del(4|2|13|9),CAGGTGCAGTTGCAGGAGTCGGGCCTAGGACTGGTGAAGTCTTCGGAGACCCTGTCCCTCACCTGCGCTGTCTTCGATGGCTATATCACCAGTAGTAACTGGTGGAGCTGGATCCGCACGCCCCCAGGGGTAGGACTGGAGTGGATTGGTCGTATCTTTGGTAGTGGTGGGAGCACCAGCTGCAACCCGTCCCTCAAGAGGCGAGGCACCATATCAAAAGACGCGTCCAAGAATCAATTCTCCTTGAAGCTGAGCTCTGTGACCGCTGCGGACACGGCCGTGTGTTACTGTGCGAGGCGAGGGGAGGGCATAATAGCGGAAGTGGAGCTCGATGTCTGGGGCCCGGGAGTCCTGGTCTCCGTCTCCTCAG,1
Seq10_Grp10_IGHV4S11*01_rIGHD4S13*01_IGHJ6*01_Len(293|6|9|6|41)_Del(3|10|11|13),CAGGTGCAGCTGCAGGAGTCGGGCCCAGGACTGGTGAAGCCTTCGGAGACCCTGTCCCTCACCTGCGCTGTCTCTGGTGGCTCTATCAGCAGTAACTACTGGAGCTGGATCCGCCAGCCCCCAGGGAAGGGACTGGAGTGGATTGGGTATATCTATGGTAGTGGTAGTAGCACCAACTACAACCCCTCCCTCAAGAGTCGAGTCACCCTGTCAGTAGACACGTCCAAGAACCAGCTCTCCCTGAAGCTGAGCTCTGTGACCGCCGCGGACACGGCCGTGTATTACTGTGCGAGCCCCAATAGTCACATAGAGGGGGATTCCTGGGGCCAAGGGGTCGTCGTCACCGTCTCCTCAG,1
Seq11_Grp11_IGHV4S11*01_rIGHD4S13*01_IGHJ6*01_Len(293|6|9|6|41)_Del(3|10|11|13),CAGGTGCAGCTGCAGGAGTCGGGCCCAGGACTGGTGAAGCCTTCGGAGACCCTGTCCCTCACCTGCGCTGTCTCTGGTGGCTCTATCAGCAGTAACTACTGGAGCTGGATCCGCCAGCCCCCAGGGAAGGGACTGGAGTCGATTGGGTATATTTATGGTAGTCGTGGTAGCACCAACTACAACCCCTCCCTCAAGAGTCGAGTCACCCTGTCAGTAGACACGTCCAAGGACCAGCTCTCCCTGAAGCTGAGCTCTGTGCCCGCCGCGGACACGGCCGTGTATTACTGTGGGAGCCCCAATAGTCACATAGAGGGGGATTCCTGGGGCCAAGGGGTCGTCGTCACCGTCTCCTCAG,1
Seq12_Grp12_IGHV4S11*01_rIGHD4S13*01_IGHJ6*01_Len(293|6|9|6|41)_Del(3|10|11|13),CAGGTGCAGCTGCAGGAGTCGGGCCCAGGACTGGTGAAGCCTTCGGAGACCCTGTCCCTCACCTGCACTGTCTCTGGTGGCTCTATCAGCAGTAACTACTGGAGCTGGATCCTCCAGCCCCCAGGGAAGGGATTGGAGTCGATTGGGTATATTTATGGTAGTCGTGGTAGCACCAACTACAACCCCTCCCTCAAGAGTCGAGTCACCCTGTCAGTAGACACGTCCAAGGACCAGCTCTCCCTGAAGCTGAGCTCTGTGCCCGCCGCGGACACGGCCGTGTATTACTGTGGAAGCCCCAATAGTCACATAAAGGAGGACTCCTGGGGCCAAGGGGTCGTCGTCACCGTCTCCTCAG,1
Seq13_Grp13_IGHV4S11*01_rIGHD4S13*01_IGHJ6*01_Len(293|6|9|6|41)_Del(3|10|11|13),CAGGTGCAGCTGCAGGAGTCGGGCCCAGGACTGGTGAAGTCTTCGGAGACCCTGTCCCTCACCTGCGCTGTCTCTGGTGGCTCTATCAGCAGTAACTACTGGAGCTGGATCCGCCAGCCCCCAGGGAAGGGACTGGAGTCGATTGGGTATATTTGTGGTAGTCGTGGTAGCACCAACTACAACCCCTCGCTCAAGAGTCGAGTCACCCTGTCAGTAGACACGTCCACGGACCAGCTCTCCCTGAAGCTGAGCTCTTTGCCCGCCGCGGACACGGCCGTGTATTACTGTCGGAGCCCCACTAGTCACATAGAGGGGGATTCCTGGGGCCAAGGGGTCGTCGTCACCGTCTCCTCAG,1
Seq14_Grp14_IGHV4S11*01_rIGHD4S13*01_IGHJ6*01_Len(293|6|9|6|41)_Del(3|10|11|13),CAGGTGCAGCTGCAGGAGTCGGGCCCAGGGCTGGTGAAGTCTTCGGAGACCCTGTCCCTCACCTGCGCTGTCTCTGGTGGTTCTATCAGCAGTAACTACTGGAGCTGGATCCGCCAGCCCCCAGGGAAGGGACTGGAGTCGATTGGGTATATTTGTGGTAGTCGTTGTAGCACCAACTACAACCCCTCGCTCAAGAGCCGAGTCACCCTGTCAGTAGACACGTTCACGGACCAGCTCTCCCTGAAGCTGAGCTCTTTGCCCGCCGCGGACACGGCCGTGTATTACTGTCGGAGCCCCACTAGTCACAAAGAGGGGCATTCCTGGGGCCAAGGGGTCGTCGTCACCGTCTCCTCAG,1
Seq15_Grp15_IGHV4S11*01_rIGHD4S13*01_IGHJ6*01_Len(293|6|9|6|41)_Del(3|10|11|13),CAGGTGCAGCCGCAGGAGTCGGGCCCAGGACTGGTGAAGTCTTCGGAGACCCTGTCCCTCACCTGCGCTGTCTCTGGTGGCTCTATCAGCCGTAACTACTGGAGCTGGATCCGCCAGCCCCCAGGGAAGGGACTGGAGTCGATTGGGTATATTTGTGGTAGTCGTGGTAGCACCATCTACAACCCCCAGCTCAAGAGTCGAGCCACCCTGTCAGTAAACACGTCCACGGACCAGCTCTCCCTGAAGCTGAGCTCTTTGCCCGCCGCGGACACGGCCGTGTATTACTGTCGGAGCCCCACTAGTCACATAGAGGGGGATTCCTGGGGCCAAGGGGTCGTCGTCACCGTCTCCTCAG,1
Seq16_Grp16_IGHV4S11*01_rIGHD4S13*01_IGHJ6*01_Len(293|6|9|6|41)_Del(3|10|11|13),CAGGTGCAGCCGCGGGAGTCGGGCCCAGGACTGGTGAAGTCTTCGGAGACCCTGTCCCTCACCTGCGCTGTCTCTGGTGGCTCTATCAGCCGGAACTACTGGAGCTGGATCCGCCAGCCCCCAGGGAAGGGACTGGAGTCGATTGGGTATATTTGTGGTAGTCGTAATAGCACCATCTACAACCCCAAGCTCAAGAGTCGAGCCACCCTGTCAGTAGACACGTCCACGGACCAGCTCTCCCTGAAGCTGAGCTCTTTGCCCGCCGCGGACACGGCCGTGTATTACTGTCGGAGCCCCACTAGTCACATAGAGGGGGATTCCTGGGGCCAAGGGGTCGTCGTCAGCGTCTCCTCAG,1
Seq17_Grp17_IGHV4S11*01_rIGHD4S13*01_IGHJ6*01_Len(293|6|9|6|41)_Del(3|10|11|13),CAGGTGCAGCTGCAAGAGTCGGGCCCAGGACTGGTGAAGCCTTCGGAGACCCTGTCCCTCACCTGCGCTGTCTCTGGTGGCTCTATCCGCAGTAACTACTGGAGCTGGATCCGCCAGCCCCCAGGGAAGGGACTGGAGTGGATTGGGTATATATATGGTAGTGGTAGTAGCACCAACTACAACCCCTCCCTCAAGAGTCGAGTCACCCTGTCAGTAGACACGTCCAAGAACCAGCTCTCCCTGAAGCTGAGCTCTGCGACCGCCGCGGACACGGCCGTGTATGACTGTGCGAGCCCCAATAGTCACATAGCGGGGGTTTCCTGGGGCCAAGGGGTCGTCGTCACCGTCTCCTCAG,1
Seq18_Grp18_IGHV4S11*01_rIGHD4S13*01_IGHJ6*01_Len(293|6|9|6|41)_Del(3|10|11|13),CAGGTGCAGTTGCAAGAGTCGGGCTCAGGACTGGTGAAGCCTTCGGAGACCCTGTCCCTCACCTGCGCTGTCTCTGGTGGCTCTATCCGCAGTAACTACTGGAGCTGGATCCGGCAGCCCCCAGGGAAGGGGCTGGAGTGGATTGGGTATATATATGGTAGTGGTAGTAGCACCAACTACAACCCCTCCCTCAAGAGTCGAGTCACCCTGTCAGTAGACACGTCCAAGAACCAGCTCTCCCTGAAGCTGAGCTCTGCGACCGCCGCGGACACGGCCGTGTATGACTGTGCGAGCCCCAATAGTCACACAGCGGGGGTTTCCTGGGGCCAAGGGGTCGTCGTCACCGTCTCCATAG,1
Seq19_Grp19_IGHV3S23*01_IGHD2S2*01_IGHJ5-2*01_Len(293|2|18|3|48)_Del(3|12|1|3),GAGGTGCAGCTGGCGGAGTCTGGGGGAGGCTTGGTACAGCCTGGGGGGTCCCTGAGACTCTCCTGTGCAGCCTCCGGATTCACCTTCAGTAGCTACGAAATGCACTGGGTCCGCCAGGCTCCAGGGAAGGGGCTGGAGTCCGTCTCAGTTATTGGTGGTGATAGTAGTTACACACACTACGCAGACTCTGTGAAGGGCCGATTCACCATCTCCAGAGACAACGCCAAGAACTCGCTGTCTCTGCAAATGAACAGCCTGAGAGCCGAGGACACCGCCGTGTATTACTGTGCGAGGGTAGTACTACTTGCTATGCCGGACTCATTGGATGTCTGGGGCCGGGGAGTTCTGGTCACCGTCTCCTCAG,1
Seq20_Grp20_IGHV3S23*01_IGHD2S2*01_IGHJ5-2*01_Len(293|2|18|3|48)_Del(3|12|1|3),GAGGTGCAGCTGGCGGAGTCTGGGGGAGGCTTGGTACAGCCTGGGGGGTCCCTGAGACTCTCCTGTGCAGCCTCCGGATTCATCTTCAGTAGCTACGAAATGCACTGGGTCCGCCTGGCTCCAGAGAAGGGGCTGGAGTCCGTCTCAGTTATTGGTGGTGGTAGTAGTTACCCACACTACGCAGACTCTGTGAAGGGCCGATTCACCACCTCCAGAGACAACGCCATGAACTCGCTGTCTCTGCAAATGAACAGCCTGAGAGCCGAGGACACCGCCGTGTATTACTGTGCGAGGGTAGTACTACTTGCTATGCCGGACTCATTGGATGTCTGGGGCCGGGGAGTTCTGGTCACCGTCTCCTCAG,1
Seq21_Grp21_IGHV3S23*01_IGHD2S2*01_IGHJ5-2*01_Len(293|2|18|3|48)_Del(3|12|1|3),GAGGTGCAGCTGGCGGAGTCTGGGGGAGGCTTGGTACAGCCTGGGGGGTCCCTGAGACTCTCCTGTGCAGCCTCCGGATTCATCTTCAGTGGCTACGAAATGCACTGGGTCCGCCTGGCTCCACAGAAGGGGCTGGAGTCCGTCCCAGTTGTTGGTGGTGATAGTAGTTACCCACACTACGCAGACTCTGTGAAGGGCCGATTCACCACCTCCAGAAACAACGCCATGAACTCGCTGTCTCTGCAAATGAACAGCCTGAGAGCCGAGGACTCCGCCGTGTATTACTGTGCGAGGGTAGTACTACTTGCTATGCCGGACTCATTGGATGTCTGGGGCCGGGGAGTTCTGGTCACCGTCTCCTCAG,1
Seq22_Grp22_IGHV3S23*01_IGHD2S2*01_IGHJ5-2*01_Len(293|2|18|3|48)_Del(3|12|1|3),GAGGTTCAGCTGGCGGAGTCTGGGGGAGGCTTGGTACAGCCTGGGGGGTCCCTACGACTCTCCTGTGCAGCCTCCGGATTCACCTTCAGTAGCTACGAAGTGCACTGGGTCCGCCAGGCTCCAGGGAAGGGGCTGGAGTCCGTCTCAGTTATTGGTGGTGATAGTAGTTACACACACTACGCAGACTCTGTGAAGGGCCGATTCACCATCTCCAGAGACAACGCCAAGAACTCGCTGTCTCTGCAAATGAACAGCCTGAGAGCCGAGGGCACCGCCGTGTATTACTGTGCGAGAGTAGTACTACTTGCTATGCCGGACTCATTGGATGTCTGGGGCCGGGGAGTTCAGGTCACCGTCTCCTCAG,1
Seq23_Grp23_IGHV3S23*01_IGHD2S2*01_IGHJ5-2*01_Len(293|2|18|3|48)_Del(3|12|1|3),GAGGTTCAGCTGGCGGAGTCTGGGGGAGGCTTGGTACAGCCTGGGGGGTCCCTACGACTCTCCTGTGCAGCCTCCGGATTCACTTTCAGTAGCTACGAAGTGCACTGGGTCCGCCATGCTCCAGGGAAGGGGCTGGAGTCCGTCTCAGTTATTGGTGGTGATAGTAGTTACACACACTACGCAGACTCTGTGAAGAGCCGATTTACCATCTCCAGAGACAACGCCAAGAACTCGCTGTCTCTGCAAATGAACAGCCTGAGAGCCGAGGGTACCGCCGTTTATTACTGTGCGAGAGTAGTACTACTTGCTATGCCGGACTCATTGGATGTCTGGGGCCGGGGAGTTCAGGTCATCGTCTCCTCAG,1
Seq24_Grp24_IGHV3S23*01_IGHD2S2*01_IGHJ5-2*01_Len(293|2|18|3|48)_Del(3|12|1|3),GAGGTGCAGCTGGCGGAGTCTGGGGGAGGCTTGGTACAGCCTGGGGGCTCCCTGAGACTCTCCTGTGCAGCCTCCGGATTCATCTTCAGTGGCTACGAAATGCACTGGGTCCGCCTGACTCCACAGAAGGGGCTGGCGTCCGTCCCAGTTGTCGGTGGTGATAGTAGTTACCCACACTACGCAGACTCTGTGAAGGGCCGATTCACCACCTCCAGAAACAACGCCATGAACTCGCTGTCTCTGCAAATGAACAGCCTGACAGCCGAGGACTCCGCCGTGTATTACTGTGCGAGGGTAGTACTACTTGCTTTGCCGGACTCATTGGATGTCTGGGGCCGGGGAGTTCTGGTCACCGTCTCCTCGG,1
Seq25_Grp25_IGHV3S23*01_IGHD2S2*01_IGHJ5-2*01_Len(293|2|18|3|48)_Del(3|12|1|3),GAGGTGCAGCTGGCGGAGTCTGGGGGAGGCTTGGTACAGCCTAGGGGCTCCCTGAGACTCTCCTGTGCAGCCTCCGGATTCATCTTCAGTGGCTACGAAATGCACTGGGTCCGCCTGACTCCACAGAAGGGGCTGGCGTCCGTCCCAGTTGTCGGTGGTGATAGTAGTTACCCACACTATGCAGACTCTGTGAAGGGCCGATTCACCACCTCCCGAAACAACGCCATGAACTCGCTGTCTCTGCAAATGAACAGCCTGACAGCCGAGGACTCCGCCGTGTATTACTGTGCGAGGGTAGTACTACTTGCTTTGCCGGACTCATTGGATGTCTGGGGGCGGGGAGTCCTGGTCACCGTCTCCTCGG,1
Seq26_Grp26_IGHV3S23*01_IGHD2S2*01_IGHJ5-2*01_Len(293|2|18|3|48)_Del(3|12|1|3),GAGGTGCAGCTGGCGGAGTCTGGGGGAGGCTTGGTACAGCCTGGGGGGTCCCTGAGACTCTCCTGTGCAGCCTCCGGATTCATCTTCAGTGGCTACGAAATGCACTGGGTCCGCCTGGCTCCACAAAAGGGGCTGGAGTCCGTCCCAGTAGTTGGTGGTGATAGTAGTGACCCACGCTACGCAGACTCTGTGAAGGGCCGATTCACCACCTCCAGAAACAACGCCATGAACTCGCTGTCTCTGCAAATGAACAGCCTGAGAGCCGAGGACTCCGCCGTGTATGACTGTGCGAGGGTAGTACTACTTGCTGTGCCGGACTCATTGGATGTCTGGGGCCGAGGAGTTCTGGTCACCGTCTCCTCAG,1
Seq27_Grp27_IGHV3S23*01_IGHD2S2*01_IGHJ5-2*01_Len(293|2|18|3|48)_Del(3|12|1|3),GAGGTTCAGCTGGCGGAGTCTGGGGGAGGCTTGGTACAGCCTGGGGGGTCCCTGAGACTCTCCTGTGCAGCCTCCGGATTCATCTTCAGTGGCTACGAAATGCACTGGGTCCGCCCGGCTCCACAAAAGGGGCTGGAGTCCGTCCCAGTAGTTGGTGGTGATAGTAGTGACCCACGCTACGCAGACTCTGTGAAGGGCCGATCCACCACCTCCAGAAACAACGCCATGGACTCGCTGTCTCTGCAAATGAACAGCCTGAGAGCCGAGGACTCCGCCGTATATGACTGTGCGAGGGCAGTACTACTTGCTGTGCCGGACCCATTGGATGTCTGGGGCCGAGGAGTTCTGGTCACCGTCTCCTCAG,1
Seq28_Grp28_IGHV1S9*01_rIGHD6S38*01_IGHJ5-2*01_Len(293|1|15|6|49)_Del(3|3|0|2),CAGGTCCAGCTGGTGCAGTCCGGGGCTGAGGTGAAGAAGCCTGGGGCCTCAGTGAAGCTCTCCTGCAAGGCTTCTGGTTACACCTTTACCAGCTACTATATAAACTGGGTGAGACAGGCCCCTGAACAAGTGCTTGACTGGATGGGATGGATTAACCCTAGCAATGGTAATACAGGCTACGCACAGAAGTTCCAGGGCAGAGTCACCATGACCAGGGACACGTCCACAAGCACAGCCTACATGGAGCTGAACAGCCTGAGATCTGAGGACACGGCCGTGTATTACTGTGCGAGGGCTGCTGCTATACCCCGGGCAAACTCATTGGATGTCTGGGGCCGGGGAGTTCTGGTCACCGTCTCCTCAG,1
Seq29_Grp29_IGHV1S9*01_rIGHD6S38*01_IGHJ5-2*01_Len(293|1|15|6|49)_Del(3|3|0|2),CAGGTCCAGCTGGTGCAGTCCGGGGCTGAGGTGAAGAAGCCTGGGGCCTCAGTGAAGCTCTCCTGCAAGGCTTCTGGTTACACCTTTACCAGCTACTATATAAACTGGGTGAGACAGGCCCCTGAACAAGTGCTTGACTGGATGGGATGGATTAACCCTAGCAATGGTAATACAGGCTACGCACAGAAGTTCCCGGGCAGAGTCACCATGACCGGGGACATGTCCACAAGCACAGCCTACATGGAGCTGAACACCCTGAGATCTGAGGACACGGCCGTGTATTACTGTGCGAGGGCTGCTGCTTTACCCCGGGCAAACTCATTGGATGTCTGGGGCCGGGGAGTTCTGGTGTCCGTCTCCTCAG,1
Seq30_Grp30_IGHV1S9*01_rIGHD6S38*01_IGHJ5-2*01_Len(293|1|15|6|49)_Del(3|3|0|2),CAGGTCCAGCTGGTGCAGTCCGGGGCTGAGGTGAAGAAGCCTGGGGCCTCAGTGAAGCTCTCCTGCAAGGCTTCTGGTTACACCTTTACCAGCTACTATATAAACTGGGTGAGACAGGCCCCTGAACAAGTGCGTGACGGGATGGGATGGATTAACCCTAGCAATGGGAATACAGGCTACGCACAGAAGTTCCCGGGCAGAGTCACCATGACCGGGGACATGTCCGCAAGCACAGCCTACATGGAACTGAACACCCTGAGATCTGAGGACACGGCCGTGTATTACTGTGGGAGGGCTGCTGCTTTACCCCGGGCAAACTCATTGGATGTCTGGGGCCGGGGAGTTCTGATGTCCGTCTCCTCAG,1
Seq31_Grp31_IGHV1S9*01_rIGHD6S38*01_IGHJ5-2*01_Len(293|1|15|6|49)_Del(3|3|0|2),CAGGTCCAGCTGGTGCAGTCCGGGGCTGAGGTGAAGAAGCCTGGGGCCTCAGTGAAGCTCTCCTGCAAGGCTTCTGGTTACACCTTTACCAGCTACTATATAAACTGGGTGGGACAGGCCCCTGAACAAGTGCGGGACGGGATGAGATGGATTAACCCTAGCTATGGGAATACAGGCTACGCACAGAAGTTCCCGGGCAGAGTCACCATGACCGGGGACATGTCCGCAAGCACAGCCTACACGGAACTGTACACCCTGAGATCTGAGGACACGGCCGCGTATTACTGTGGGAGGGCTGCTGCTTTACCCCGGGCAAACTCATTGGATGTCTGGGGCCGGGGAGTTCTGATGTCCGTCTCCTCAG,1
Seq32_Grp32_IGHV1S9*01_rIGHD6S38*01_IGHJ5-2*01_Len(293|1|15|6|49)_Del(3|3|0|2),CAGGTCCAGCTGGTGCAGTCCGGGGCTGAGGTGAAGAAGCCTGGGGCTTCAGTGAAGCTCTCCTGCAAGGCTTCTAGTTACACCTTTACCAGCTACTATATAAACTGGGTGGGACAGACCCCTGAACAAGTGCGGGACGGGATGAGATGGATTAACCCTAGCTATGGGAATACAGGCTACGCACAGAAGTTCCCGGGCAGAGTCACGATGACCGGGGACATGTCCGCAAGCACAGCCTACACGGAACTGTACACCCTAAGATCTGAGGACACGGCCGCGTATTACTGTGGGAGGGCTGCTGCTTTACTCCGGGCAAACTTATTGGATGTCTGGGGCCGGGGAGTTCTGATGTCCGTCTCCTCAG,1
Seq33_Grp33_IGHV1S9*01_rIGHD6S38*01_IGHJ5-2*01_Len(293|1|15|6|49)_Del(3|3|0|2),CAGGTGCAGCTGGTGCAGTCCGGGGCTGAGGTGAAGAAGCCTGGGGCCTTAGTGAAGCTCTACTGCAAGGCTTCTGGTTCCACCTTTACCAGCTACTATATAAACTGGGTGAGACAGGCCCCTGAACAAGTGCGTGACGGGATGGGATGGATTAACCCTAGCAATGGGAATACAGGCTACGCACAGAAGTTCCCGGGTAGAGTCACCATGACCGGGGACATGTCCGCAAGCACAGCCTACATGGAACTGAACACCCTGAGATCTGAGGACACTGCCGTGTATTACTGTGGGAGGGCTGCTGCTTTACCCCGGGCAAACTCATTGGATGTCTGGGGCCGGGGAGTTCTGATTTCCGTCTCCTCAG,1
Seq34_Grp34_IGHV1S9*01_rIGHD6S38*01_IGHJ5-2*01_Len(293|1|15|6|49)_Del(3|3|0|2),CAGGTGCAGCTGGTGCAGTCCGGGGCTGAGGTGAAGAAGCCTGGGGCCTTAGTGAAGCTCTACTGCAAGGCTTCGGGTTCCACCTTTACCAGCTACTATATAAACTGGGTGAGACAGGCCCCTGAACAAGTGCGTGACGGGATGGGATGGATTAACCCTAGCAATGGGAATACAGGGTACGCACAGAAGTTCCCGTGTAGAGTCACCATGACCGGGGACATGTCCGCAAGTACAGCCTACATGGAACTGAACACCCTGAGATCTGGGGACACTGCCGTGTATTACTGTGGGAGGGCTGCTGTTTTATCCCGGGCAAACTCATTGGATGTCTGGGGCCGGGGAGTTCTGATTTCCGTCTCCTCAG,1
Seq35_Grp35_IGHV1S9*01_rIGHD6S38*01_IGHJ5-2*01_Len(293|1|15|6|49)_Del(3|3|0|2),CAGGTCCAGCTGGTGCAGTCCGGGGCTCAGGTGAAGAAGCCTGGGGCTTCAGTGAAGCTCTCCTGCAAGGCTTCTAGTTACACCTTTACCAGCTACTATATAAACTGGGTGGGACAGACCCCTGAACAAGTGCGGGACGGGATGAGATGGATTAACCCTAACTATGGGAATACAGGCTACGCACAGAAATTCCCGGGCAGAGTCACAATGACCGGGGACATGTCCGCAAGCACAGCCTACACGGAACTGTACACCCTAAGATTTGAGGACACGGCCGCGTATTACTGTGGGAGGGCTGCTGCTTTACTCCAGGCAAACTTATTGGATGTCTGGGGCCGGGGAGTTCTGATGTCTGTCTCCTCAG,1
Seq36_Grp36_IGHV1S9*01_rIGHD6S38*01_IGHJ5-2*01_Len(293|1|15|6|49)_Del(3|3|0|2),CAGGTCCAGCTGGTACAGTCCGGGGCTCAGGTGAAGAAGCCTGGGGCTTCAGTGAAGCTCTCCTACAAGGCTTCTAGTTACACCTTTACCAGCTACTATATAAACTGGGTGGGACAGACCCCTGAACAAGTGCGGGACGGGATGAGATGGATTACCCCTAACTATGGGAATACAGGTTACGCACAGAAATTCCCGGGCAGAGCCACAATGACCGGGGACATGTCCGCAAGCACAGCCTACACGGAACTGTACACCCTAAAATTTGAGGGCACGGCCGCGTATTACTGTGGGAGGGCTGCTGCTTTACTCCAGGCAAACTTATTGGATGTCTGGGGCCGGGGAGTTCTGATGTCTGTCTCCTCAG,1
Seq37_Grp37_IGHV7-1*01_rIGHD6S20*01_IGHJ4*01_Len(293|3|13|4|48)_Del(3|1|7|0),CAGGTGCAGCTGGTGCAGTCTGGGCCTGAGGTGAAGCAGCCTGGGGCCTCAGTGAAGGTCTCCTGCAAGGCTTCTGGTTACAGCTTCACCACCTATGGTATGAATTGGGTGCGACAGGCCCCTGGACAGGGCCTTGAGTGGATGGGATGGATGAACACCTACACTGGGAACCCAACGTATGCCCAGGGCTTCACAGAACGGTTTGTCTTCTCCATGGACACCTCTGTCAGCACAGTGTACCTGCAGATCAGCAGCCTAAAGGGTGAGGACACGGCCGTGTATTACTGTGCAAGAACTTCCAGCTGCCGCGGGAACTACTTTGACTACTGGGGCCAGGGAGTCCTGGTCACCGTCTCCTCAG,1
Seq38_Grp38_IGHV7-1*01_rIGHD6S20*01_IGHJ4*01_Len(293|3|13|4|48)_Del(3|1|7|0),CAGGTGCAGCTGGTGCAGTCTGGGTCTGAGGTGAAGCAGTCTGGGGCCTCAGTGAAGGTCTCCTGCAAGGCTTCTGGTTACAGCTTCACCACCTATGGTATGAATTGGGTGCGCCAGGCCCCTGGACAGGGCCTTGAGTGGATGGGATGGATGAACACCTACACTGGAAACCCAACGTATGCCCAGGGCTTCACAGAACGGTTTGTCTTCTCCATGGACACCTCTGTCAGCACAGTGTACCTGCAGATCAGCAGCTTAAAGGGTGAGGACACGGCCGTGTATTATTGTGCAAGAACTTCCAGCTGCCGCGGGAAGTACTTTGACTACTGGGGCCAGGGAGTCCTGGTCACCGTCTCCTCAG,1
Seq39_Grp39_IGHV7-1*01_rIGHD6S20*01_IGHJ4*01_Len(293|3|13|4|48)_Del(3|1|7|0),CAGGTGCAGCTGGTGCAGTCTGGGTCTGAGGTGAAGCAGTCTGGGGCCTCAGTGAAGGTCTCCTGCAAGGCTTCTGGTTATAGCCTCACCACCTATGGTATGAATTGGGTGCGCCAGGCCCCTGGACAGGGCCTTGAGTGGATGGGATGGATGAACACCTACACTGGAAACCCCACGTATGCCCAGGGCTTCACAGAACGGTTTGTCTTCGCCATGGTCACCTCTGTCAGCACAGTGTACCTGCAGATCAGCAGCTTAAAGGGTGAGGACACGGCCGTGTATTATTGTGCAAGAACTTCCAGCTGTCGCGGGAAGTACTTTGACTACTGGGGCCAGGGAGTCCTGGTCACCGTCTCCTCAG,1
Seq40_Grp40_IGHV7-1*01_rIGHD6S20*01_IGHJ4*01_Len(293|3|13|4|48)_Del(3|1|7|0),CAGGTGCAGCTGATGCAGTCTGTGTCTGAGGTGAAGCAGTCTGGGGCCTCAGTGAAGGTCTCCTGCAAGGCTTCTGGTTATTGCCTCACCACCTATGGTATGAATTGGTTGCGCCAGGCCCCTGGACAAGGCCTTGAGTGGATGGGATGGATGAACACCTACACTGGAAACCCCACGTATGCCCAAGGCTTCACAGAACGGTTTGTCTTCGCCATGGTCACCTCTGTCAGCACAGTGTACCTGCAGATCAGCAGCTTAAAGGGTGAGGACACGGCCGTGTATTATTGTGCAAGAACTTCCAGCTGTCGCGGGAAGTACTTTGACTACTGGGGCCAGGGAGTCCTGGTCACCGTCTCCTCGG,1
Seq41_Grp41_IGHV7-1*01_rIGHD6S20*01_IGHJ4*01_Len(293|3|13|4|48)_Del(3|1|7|0),CAGGTGCAGCTGATGCAGTCTGTGTCTGAGGTGAAGCAGTCTGGGGCCTCAATGAAGGTCTCCTGCAAGGCTTCTGGTTATTGCCTCACCACCTATGGTATGAATTGGTTGCGCCAGGCCCCTGGACAAGGCCTTGAGTGGAGGGGACGGATGAACACCTACACTGGAAACCCCACGTATGCCCAAGGCTTCACAGAACGGTTTGTCTTCGCAATGGTCACCTCTGTCAGCACAGTGTACCTGCAGATCAGCAGCTTAAAGGGTGAGGACACGGCCGTGTATTATTGTGCAAGAACTTCCAACTGTCGCGGGAAGTACTTTGACTACTGGGGCCAGGGAATCCTGGTCACCGTCTCCTTGG,1
Seq42_Grp42_IGHV7-1*01_rIGHD6S20*01_IGHJ4*01_Len(293|3|13|4|48)_Del(3|1|7|0),CAGGTGCAGCTGATGCAGTCTGTGTCTGAGGTGAAGCAGTCTGGGGCCTTAATGAAGGTCTCCTGCAAGGCTTCTGGCTATTGCCTCACCACCTATGGTATGAATTGGTTGCGCCAGGCCCCTGGACAAGGCCTCGAGTGGAGGGGACGGATGAACACCTACACTGGAAACCCCACGTATGCCCAAGGTTTCATAGAACGGTTTGTCTTCGCGATGGTCACCTCTGTCAGCACAGTGTACCTGCAGATCAGCAGCTTAAAGGGTGAGGACACGGCCGTGTATTATTGTGCAAGAACTTCCAACTGTCGCGGGAAGTACTTTGACTACTGGGGCCAGGGAATCCTGTTCACCGTCTCCTTGG,1
Seq43_Grp43_IGHV7-1*01_rIGHD6S20*01_IGHJ4*01_Len(293|3|13|4|48)_Del(3|1|7|0),CAGGTGCAGCTGATGCAGTCTGTGTCTGAGGTGAAGCAGTCTGGGGCCTTAATGATGGTCTCCTGCAAGGCTTCTGGCTATTGCCTCACCACCTATGATATGAATTGGTTGCGCCAGGCCCCTGGACAAGGCGTCGGGCGGAGGGGACGGATGAACACCTTCACTGGAAACCCCACGTATGCCCAAGGTTTCATAGAACGGTTTGTCTTCGCGATGGTCACCTCTGTCAGCACAGTGTACCTGCAGATTAGCAGCTTAAAGGGTGAGGACACGGCCGTGTATTATTGTGCAAGAACTTCCAACTGTCGCGGGAAGTACTTTGACTACTGGGGCCAGGGAATCCTGTTCACCGTCTCCTTGG,1
Seq44_Grp44_IGHV7-1*01_rIGHD6S20*01_IGHJ4*01_Len(293|3|13|4|48)_Del(3|1|7|0),CAGGTGCAGCTGATGCAGTCTGTGTCTGAGGTGAAGCGGTCTGGGGCCTTAATGAAGGTCTCCTGCAAGGCTTCTGGCTATTGCCTCACCACCTATGGTATGAATCGATTGCGCCAGGCCCCTGGACAAGGCCTCGAGTGGAGGGGACGGATGAACACCTACACTGGAAACCCCACGTATGCCCAAGGTTTCATAGAACGGTTTGTCTTCGCGATGGTCACCTCTGTCAGCACAGTGTACCTGCAGATCAGCATCTTAAAGGGTGAGGACACGGCCGTGTATTATTGTGCAAGAACTTCCAACTGTCGCGGGAAATACTTTGACTACTGGGGCAAGGGAATCCTGTTCATCGTCTCCTTGG,1
Seq45_Grp45_IGHV7-1*01_rIGHD6S20*01_IGHJ4*01_Len(293|3|13|4|48)_Del(3|1|7|0),CAGGTGCAACTGATGCAGTCTGTGTCTGAGGTGACGCGGTCTGGGGCCTTAATGGAGGTCTCCTGCAAGGCTTCTGGCTATTGCCTCACCACCTATGGTATGAATCGATTGCGCCAGGCCCCTGGACAAGGCCTCGAGTGGAAGGGACGGGTGAACACCTACACTGGAAACCCCACGTATGCCCAAGGTTTCATAGAACGGGTTGTCTTCGCGATGGTCACCTCTGTCAGCACAGTGTACCTGCAGATCAGCATCTTAAAGGGTGAGGACACGGCCGTGTATTATTGTGCAAGAACTTCCAACTATCGCGGGAAATACTTTGACTACTGGGGCAAGGGAATCCTGTTCATCGTCTCCTTGG,1
Seq46_Grp46_IGHV2S1*01_IGHD3S23*01_IGHJ6*01_Len(300|0|24|13|48)_Del(1|4|8|6),CAGGTGACCTTGAAGGAGTCTGGTCCTGCGCTGGTGAAACCCACACAGACCCTCACGCTGACCTGCACCTTCTCTGGGTTCTCACTCACCACTAGTGGAATGGGTGTGGGCTGGATCCGTCAGCCCCCAGGGAAGGCCCTGGAATGGCTTGCAAGCATTTATTGGGATGATGATAAATACTACAGCACATCTCTGAAGAGCAGGCTCACCATCTCCAAGGACACCTCCAAAAACCAGGTGGTTCTAACAATGACCAACATGGACCCTGTGGACACAGCCACATATTACTGTGCACGGAGATACTATGATAGTGGTTATTACACCCCTCAGTCCCCTCACGGTTTGGATTCCTGGGGCCAAGGGGTCGTCGTCACCGTCTCCTCAG,1
Seq47_Grp47_IGHV2S1*01_IGHD3S23*01_IGHJ6*01_Len(300|0|24|13|48)_Del(1|4|8|6),CAGGTGACCTTGAAGGACTCTGGTCCTGCGCTGGTGAAACCCACACAGACCCTCACCCTGACCTGCACCTTCTCTGGGTTCTCACTCACCACTAGTGGAATGGGTGTGGGCTGGATCCGTCAGCCCCCAGGGAAGGCCCTGGAATGGCTTGCAAGCATTTATTGGGATGATGATAAATACTACAGCACATCTCTGAAGAGCAGGCTCACCATCTCCAAGGACACCTCCAAAATCCAGGGGGTTCTAACAATGACCAACATGGACCCTGTGGACACAGCCACATATTACTGTGCACGGAGATACTACGATAGTGGTTATTACACCCCTCAGTCCCCTCACGGTTTGGATTCCTGGGGCCAAGGGGTCGTTGTCACCGTCTCCTCAG,1
Seq48_Grp48_IGHV2S1*01_IGHD3S23*01_IGHJ6*01_Len(300|0|24|13|48)_Del(1|4|8|6),CAGGTGACCTTGAAGGACTCTGGTCCTGCGCTGGTGAAACCCACACAAACCCTCACCCTGACCTGCACCTTCTCTGGATTCTCACTCACCACTAGTGGAATGGGTGTGGGCGGGATCCATCAGCCCCTAGGGAAGGCCCTGGGATGGCTTGCAAGCATTTATTGGGATGATGATAAATACTACAGCACATCTCTGAAGAGCAGGCTCACCATCTCCAAGGACACCTCCAAAATCCAGGGGGTTCTAACAGTGACCAACATGGACCCTGTGGACACGGCCACATATTACTGTGCACGGAGATACTACGATAGTGGTTATTACACCCCTCAGTCCCCTCACGGTTTGGATTCCTGGGGCCAAGGGGTCGTTGTCACCGTCTCCTCAG,1
Seq49_Grp49_IGHV2S1*01_IGHD3S23*01_IGHJ6*01_Len(300|0|24|13|48)_Del(1|4|8|6),CAGGCGACCTTGAAGGACTCTGGTCCTGCGCTGGTGAAACCCACACAAACCCTCACCCTGACCTGGACCTTCTCTGGATTCTCACTCACCACTAGTGGAATGGTTGTGAGCGGGATCCATCAGCCCCTAGGGAAGGCCCTGGGATGGCTTGCAAGCATTTATTGGGATGATGATAAATACTACAGCACATCTCTGAAGAGCAGGCTCACCATCTCCAAGGACACCTCCAAAATCCAGGGGGTTCTAACAGTGACCAACATGGACCCTGTGGACACGGCCAAATATTACTGTGAACGGAGATACTACGATAGTGGTTATTACACCCCTCAGTCCCCTCACGGTTTGGATTCCTGGGGCCAAGGGGTCGTTGTCACCTTCTCCTTAG,1
Seq50_Grp50_IGHV2S1*01_IGHD3S23*01_IGHJ6*01_Len(300|0|24|13|48)_Del(1|4|8|6),CAGGCGACCTTGAAGGACTCTGGTCCTGCGCTGGTGAAACCCACACAAACCCTCACCCTGACCTGGACCCTCTCTGGATTCTCACTCACCACTAGTGGAATGGTTGTGAGCGGGATCCATCAGCCCCTGGAGAAGGCCCTGGGATGGCTTGCAAGCATTTATTGGGATGATGATAAATACTACAGCACATCTCTGAAGAGCAGGCTCACCATCCCCAAGGACACCTCCAAAATCCAGGGGGTTCTAACAGTGACCAACATGGACCCTGTGGGCACGGCCAAATATTACTGTGAACGGAGATACTACGATAGTGATTATTACATCCCTCAGTCCCCTCACGGTTTGGATTCCTGGGGCCAAGGGGTCGTTGTCACCTCCTCCTTAG,1
Seq51_Grp51_IGHV2S1*01_IGHD3S23*01_IGHJ6*01_Len(300|0|24|13|48)_Del(1|4|8|6),CAGGCGACCTTGAAGGACTCTGGCCCTGCGCTGGTGAAACCCACACAAACCCTCACCCTGACCTGGGCCCTCTCTGGATTCTCACTCACCACTAGTGGAATGGTTGTGAGCGGGATCCATCAGCCCCTGGAGAAGGCCCTGGGATGGCTTGCAGGCATTTATTGGGATGATGATAAATACTACAGCACATCTCAGAAGAGCAGGCTCACCATCCCCAAGGACACCTCCAAAATCCAGGGGGTTCTAACAGTGTCCAACATGGACCCTGTGGGCACGGCCATATATTACTGTGGACGGAGATACTACGATAGTGATTATTACATCCCTCAGTCCCCTCACGGTTTGGATTCCTGGGGCCAAGGGGTCGTCGTCACCTCCTCCTTAG,1
Seq52_Grp52_IGHV2S1*01_IGHD3S23*01_IGHJ6*01_Len(300|0|24|13|48)_Del(1|4|8|6),CAGGCGACCTTGAAGGACTCTGGCCCTGCGCTGGTGAAACCCACACAAACCCTCACCCTGACCTGGGCCCTCTCTGGATTCTCATTCACGACTAGTGGAATGGTTGTGAGCGGGATCCATCAGCCCCTGGAGAAGGCCCTGGGATGGCTTGCAGGCATTTATTGGGATGATGATAAATACTACAGCACATCTCAGAAGAGCAGGCTCACCATCCCTAAGGACACCTCTAAAATCCAGGGGGTTCTAACAGTGTCCAACATGGACCCTGTGGGCACGGCCATATATTACTGTGGACGGAGATTCTACGATAGTGATTATCACATCTCTCAGCCCCCTCACGGTTTGGATTCCTGGGGCCAAGGGGTCGTCGTCACCTCCTCCTTAG,1
Seq53_Grp53_IGHV2S1*01_IGHD3S23*01_IGHJ6*01_Len(300|0|24|13|48)_Del(1|4|8|6),CAGGCGACCTTGAAGGACTCTGGTCCTGCGTTGGTGAAACTCACACAAACCCTCACCCTGACCTGGACCCTCTCTGGATTCTCACTCACCACTAGTGGAATGGTTGTGAGCGGGATCCATCAGCCCCTGGAGAAGGCCCTGCGATGGCTTGCAAGCATTTATTGGGAGGATGATAAATACTACAGCACATCTCTGAAGAGCAGGCTCACCATCCTCAAGGACACCTCCAAAATCCAGGGAGTTCTAACAGTGACCAACATGGACCCCGTGGGCACGGCCAAATATTACTGTGAACGGAGATGCTACGATAGTGATTATTACATCCCTCAGTCCCCTCACGGTTTGGATTCCTGGGGCCAAGGGGTCGTTGTCACCTCCTCCTTAG,1
Seq54_Grp54_IGHV2S1*01_IGHD3S23*01_IGHJ6*01_Len(300|0|24|13|48)_Del(1|4|8|6),CAGGCGACCTTGAAGGACTCTGGTCCTGCGTTGGTGAAACTCACACAAACCCTCACCCTGACCTGGACCCTCTCTGGATTCTCACTCACCACTATTGGAATGGTTGTGAGCGGGATCCATCAGCCCCTGGAGAAGGCCCTGCGATGTCTTGCAAGCATTTATTGGGAGGATGATAAATACTACAGCACGTCCCTGAAGAGCAGGCTCACCATCCTCAATGACACCTCCAAAATCCAGGGAGTTCTAACAGTGACCGACATGGACCCCGTGGGCACGGCCAAATATTACTGTGAACGGAGATGCTACGATAGTGATTATTACATCCCTCAGTCCCCTCACGGTTTGGATTCCTGGGGCCAAGGGGTCGTTGTCACTTCCTTCTTAG,1
Seq55_Grp55_IGHV3S20*01_rIGHD7S40*01_IGHJ3*01_Len(301|13|11|13|47)_Del(1|0|0|3),GAGGTGCAGCTGGTGGAGTCTGGGGGAGGCCTGGTCCAGCCTGGCGGGTCCCTGAGACTCTCCTGTGCAGCCTCTGGATTCACCTTCAGTAGTTCTGCTATGCACTGGGTCCGCCAGGCTTCTGGGAAAGGACTGGAGTGGGTTGGACGTATTAGAAGCAAATCTAACAATTACGAGACAGGATACGCTGCGTCGGTGAAAGGCAGGTTCACCATCTCCAGAGATGATTCAAAGAACACGGCGTATCTGCAAATGAACAGCCTGAAAACCGAGGACACGGCCGTGTATTACTGCACCACAGGGTGGGCTGAGGATCCCCAGTTAGGAACAGACCGGGGTGCTTTTGATTTCTGGGGCCAAGGGCTCAGGGTCACCGTCTCTTCAG,1
Seq56_Grp56_IGHV3S20*01_rIGHD7S40*01_IGHJ3*01_Len(301|13|11|13|47)_Del(1|0|0|3),GAGGTGCAACTGGTGGAGTCGGGGGGAGGCCTGGTCCAGCCTGGTGGGTCCCTGAGACTCTCCTGTGCAGCCTCTGGATTCACCTTCAGTAGTTCTGCTATGCACTGGGTCCGCCAGGCTTCTGGGAAAGGACTGGAGTGGGTTGGACGTATTAGAAGCAAATCTAACAATTACGAGACAGGATACGCTGCGTCGGTGGAAGGCAGGTTCACCATCTTCAGAGATGATTCAAAGAGCACGGCGTATCTGGAAATGAACAGCCTGAAAACCGAGGACACGGCCGTGTATTACTGCACCACAGGGTGGGCTGAGGATCCCCAGTTAGGAACAGACCGGCGTGCTTTTGATTTCTGGGGCCAAGGGCTCAGGGTCACCGTCTCTTCAG,1
Seq57_Grp57_IGHV3S20*01_rIGHD7S40*01_IGHJ3*01_Len(301|13|11|13|47)_Del(1|0|0|3),GAGGTGCAACTGGTGGAGTCGGGGGGAGGCCTGGTCCAGCCTGGTGGGTCCCTGAGACTCTCCTGTGCAGCCTCTGGATTCACCTTCAGTAGTTCTGCTATGCACTGGGTCCGCCAGGCTTCTGGGGAAGGACTGGAGTGGGTTGGACGTATGAGAAGCAAATCTAAGAGTTACGAGACAGGATACGCTGCGTCGGTGGAAGGCAGGTTCACCATCTTCAGAGATGATTCAAAGAGCACGACGTATCTGGAAATGAACAGCCTGAAAACCGAGGACACGGCCGTGTATTACTGCAACACAGGGTGGGCTGAGGATCCCCAGTTAGGAACAGACCGACGAGCTTTTGATTTCTGGGGCCAAGGGCTCAGGGTCACCGTCTCTTCAG,1
Seq58_Grp58_IGHV3S20*01_rIGHD7S40*01_IGHJ3*01_Len(301|13|11|13|47)_Del(1|0|0|3),GAGGTGCAACTGGTGGAGTCGGGGGGAGGCCTGGTCCAACCTGGCGGGTCCCTGAGACTCTCCTGTGCAGCCTCTGGATTCACCTTCAGTAGTTCTGCTATGCACTGGGTCCGCCAGGCTTCTGGGGAAGGACTGGAGTGGGTTGGACGTATGAGAAGCAAATCTAAGAGTTACGAGACAGGATACGCTGCGTCGGTGGAAGGCAGGTTCACCATCTTCAGAGATGATTCAAAGAGCACGACGTATCTGGAAATGGACAACCTGAAGACCGAGGACACGGCCGTGTATTACTGCAACGCAGGGTGGGCTGAGGATCCCCAGTTAGGAACAGACCGACGTGCTTTTGATTTCTGGGGCCAAGAGCTCAGGGTCACCGTCTCTTCAG,1
Seq59_Grp59_IGHV3S20*01_rIGHD7S40*01_IGHJ3*01_Len(301|13|11|13|47)_Del(1|0|0|3),GAGGTGCAACTGGTGGAGTCGGGGGGAAGCCTGGTCCAACCTGGCGGGTCCCTGAGACTCTCCTGTGCAGCCTCTGGATTCACCTTCAGTAGTCCGGCTATGCACTGGGTCCGCCAGGCTTCTGGGGAAGGACTGGAGTGGGTTGGACGTATGAGAAGCAAATCTAAGAGTTACGAGACAGGATATGCTGCGTCGGTGGAAAGCAGGTTCACCATCTTCAGAGATGATTCAAAGAGCACGACGTATCTGGAAATGGACAACCTGAAGACCGAGGACACGGCCGTGTATTACTGCGACGCAGGGTGGGCTGAGGGTCCCCAGTTAGGAACAGGCCGACGTGCTTTTGATTTCTGGGGCCAAGAGCTCAGGGTCACCGTCTCTTCAG,1
Seq60_Grp60_IGHV3S20*01_rIGHD7S40*01_IGHJ3*01_Len(301|13|11|13|47)_Del(1|0|0|3),GAGGTGCAGCTGGTGGAGTCTGGGGGAGGCCTGGTCCAGCCTGGCGGGTCGCTGAGGCTCTCCTGTGCAGCCTCTGGATTCACCTTCAGTAGTTCTGCTATGCACTGGGACCGCCAGGCTTCTGGGAAAGGACTGGAGTGGGTTGGACGTATTAGAAGCAAATCTAACAATTACGAGACAGGATACGCTGCGTCGGTGAAAGGCAGGTTCACCATCTCCAGAGATGATCCAAAGAACACGGCGTATCTGCAAATGAACAGCCTGAAAACCGAGGACACGGCCGTGTATTACTGCACCACAGGGTGGGCTGAGGATCCCCAGTTAGGAACAGACCGGGGTGCTTTTGATTTCTGGTGCCAAGGGCTCAGGGTCACCGTCTCTTCAG,1
Seq61_Grp61_IGHV3S20*01_rIGHD7S40*01_IGHJ3*01_Len(301|13|11|13|47)_Del(1|0|0|3),GAGGTCCAGCTGTTGGAGTCTAGGGGAGGCCTGGTCCAGCCTGGCGGGTCGCTGAGGCTCTCCTGTGCAGCCTCTGGTTTCATCTTCAGTAGTTCTGCTATGCACTGGGACCGCCAGGCTTCTGGGAAAGGACTGGAGTGGGTTGGACGTATTAGAAGCAAATCTAACAATTACGAGACAGGATACGCTGCGTCGGTGAAAGGCAGGTTCACCATCTCCAGAGATGATCCAAAGAACACGGCGTATCTGCAAATGACCAGCCTGAAAACCGAGGACACGGCCGTGTATTACTGCACCACAGGGTGGACTGAGGATCCACAGTTAGGAACAGACCGGGGTGCTTTTGATTTCTGGTGCCAAGGGCTCAGGGTCACCGTCTCTTCAG,1
Seq62_Grp62_IGHV3S20*01_rIGHD7S40*01_IGHJ3*01_Len(301|13|11|13|47)_Del(1|0|0|3),GAGGTGCCACTGGTGGAGTCGGGGGGAGGCCTGGTCCAGCCTGGTGGGTCCCTGAGACGCTCCTGTGCAGCCTCTGGATTCACCTTCAGTAGTTCTGTTATGCACTGGGTCCGCCAGGCTTCTGGGAAAGGACTGGAGTGGATTGGACGTATTAGAAGCAAATCTAACAATTACGAGACAGGATACGCTGCGTCGGTGGAAGGCAGGTTCACCATCTTCAGAGATGATTCAAAGAGCACGGCCTATCTGGAAATGAACAGCCTGAAAACGGAGGACACGGCCGTGTATTACTGCACCACAGGGTGGGCTGAGGCTCCCCAGTTAGGAGCAGACCGGCGTGCTTTTGATTTCTGGGGCCAAGGGCTCAGGGTCACCGTCTCTTCAG,1
Seq63_Grp63_IGHV3S20*01_rIGHD7S40*01_IGHJ3*01_Len(301|13|11|13|47)_Del(1|0|0|3),GAGGTGCCACTGGTGGAGTCGGGGGGAGGCCTGGTCCAGCCTGGTGGGTCCCTGAGACGCTCCTGTGCAGCCTCTGGATTCGCCTTCAGTAGTTCTGTTATGCACTGGGTCCGCCAGGCTTCTGGGAAAGGACTGGAGTGGATTGGACGTATTAGAAGCAAATCTAACAATTACGAGACAGGATACGCTGCGTCGGTGGAAGGCAGGTTCACCATCTTCAGAGATGATTCAGAGAGCACGGCCTATCTGGAAATGAACAGCGTGAAAACGGAGGACGCGGCCGTGTATTACTGCACCACAGGGTGGGCTGAGGCTCTCCAGTTAGGAGCAGGCCGGCGTGCTTTTGATTTCTGGGGCCAAGGGCTCAGGGTCACCGTCTCTTCAG,1
Seq64_Grp64_IGHV4S18*01_IGHD6S15*01_IGHJ6*01_Len(295|4|10|4|42)_Del(4|3|5|12),CAGGTGCAGCTGCAGGAGTCGGGCCCAGGACTGGTGAAGCCTTCGGAGACCCTGTCCCTCACCTGCGCTGTCTCTGGTGGCTCCATCAGCGATAGTTACTGGTGGAGCTGGATCCGCCAGCCCCCAGGGAAGGGGCTGGAGTGGATTGGGTATATCTATGGTAGTAGTACGAGCACCAACTACAACCCCTCCCTCAAGAGTCGAGTCACCATTTCAAAAGACACGTCCAAGAACCAGTTCTCCTTGAAGCTGAGCTCTGTGACCGCCGCGGACACGGCCGTGTATTACTGTGCGAAGTGTATAGCAGCACTGCTGGATTCCTGGGGCCAAGGGGTCGTCGTCACCGTCTCCTCAG,1
Seq65_Grp65_IGHV4S18*01_IGHD6S15*01_IGHJ6*01_Len(295|4|10|4|42)_Del(4|3|5|12),CAGGTGCAGCTGCAGGAGTCGGGCCCAGGACTGGTGAAGCCTTCGGAGACCCTGTCCCTCACCTGCGCTGTCTCTGGTGGCTCCATCAGCGATAGTTACTGGTGGAGCTGGATCCGCCAGCCCCCATGGAAGGGGCTGGAGTGGGTTGGGTATATCTATGGTAGTAGTACGAGCACCAACTACAACCCCTCCCTCAAGAGTCGAGTCACCATTTTAAAAGACACGTCCAAGAACCAGTTCTCCTTGAAGCTGAGCTCTGTGACGGCCGCGGACCCGGCCGTGTATTATTGTGCGAAGCGTATAGCAGCACTGCTGGATTCCTGGGGCCAAGGGGTCGTCGTCACCGTCTCCTCAG,1
Seq66_Grp66_IGHV4S18*01_IGHD6S15*01_IGHJ6*01_Len(295|4|10|4|42)_Del(4|3|5|12),CAGGTGCAGCTGCAGGAGTCGGGCCCAGGACTGGTGAAGCCTTCGGAGACCCTGTTCCTCACCTGCGCTGTCTCTGGTGGCTCCATCAGCGATAGTTACTGGTGGAGCTGGATCCGCCAGCCCCCATGGAAGGGGCTGGAGTGGGTTGGGTATATCTATGGTAGTAGTGCGAGCACCAACTACAACCCCTCCCTCAAGAGTCGAGTCACCATTTTAAAAGACACGTCCAAGAGCCAGTTCTCCTTGAAGCTGAGCTCTGTGACGGCCGCGGACCCGGCCGTGTATTATTGTGCGAAGCGTCTAGCAGCACTGCTGAATTCGTGGGGCCAAGGGGTCGTCGTCACCGTCTGCTCAG,1
Seq67_Grp67_IGHV4S18*01_IGHD6S15*01_IGHJ6*01_Len(295|4|10|4|42)_Del(4|3|5|12),CAGGTGCAGCTGCAGGAGTCGGGCCCAGGACTGGTGAAGCCTTCGGAAACCCTGTCCCTCACCTGCGCTGTCTCTGGTGGCTCCATCAGCGATAGTTACTGGTGGAGCTGGATCCGCCAGCCCCCAGGGAAGGGGCTGGAGTGGACTGGGTATATGTATGGTAGTAGTACGAGCACCAACTACAACCCCTCCCTTAAGAGTCGAGTCACCATTTCAAAAGACACGTCCAAGAACCAGTTCTCCTTGAAGCTAAGCTCTGTGACCGACGCGGACACGGCCGTGTATTACTGTGCGAAGTGTATAGCAGCACTGCTGGATTCCTGGGGCCAAGGGGTCGTGGTCACCGTCTCCTCAG,1
Seq68_Grp68_IGHV4S18*01_IGHD6S15*01_IGHJ6*01_Len(295|4|10|4|42)_Del(4|3|5|12),AAGGTGCAGCTGCAGGAGTCGGGCCTAGGACTGGTGAAGCCTTCGGAAACCCTGTCCCCCACCTGCGCTGTCTCTGGTGGCTCCATCAGCGATAGTTACTGGTGGAGCTGGATCCGCCAGCCCCCAGGGAAGGCGCTGGAGTGGACTGGGCATATGTATGGTAGTAGTACGAGCACCAACTACAACCCCTCCCTTAGGAGTCGAGTCACCATTTCAAAAGACACGCCCAAGAACCAGTTCTCCTTGAAGCTAAGCTCTGTGACCGACGCGGACACGGCCGTGTATTACTGTGCGAAGTGTATAGCAGCACTGCTGGATTCCTGGGGCCAAGGGGTCGTGGTCACCGTCTCCTCAG,1
Seq69_Grp69_IGHV4S18*01_IGHD6S15*01_IGHJ6*01_Len(295|4|10|4|42)_Del(4|3|5|12),CAGGTGCAGCTGCAGGATTCGGGCCCAGGACTGGTGAAGCCTTCGGAGACCCTGTCCCTCACCTGCGCTGTCTCTGGTGGCTCCATCAGCGATAGTTACTGGTGGAGCTGGATCCGCCAGCCCCCAGGGAAGGAGCTGGAGTGGATTGGGTATATCTATGGTAGTAGTACGAGCACCAACTACAACCCCTCCCTCAAGAGTCGAGTCACCATTTCAAAAGACACGTCCAAGGACCAGTTCTCCTTGAATGTGAGCTCTGTGACCGCCACGGACACGGCCGTGTATTACTGTGCGAAGTGTATAGCAGCACTGCTGGATTCCTGGGGCCAAGGGGTGGTCGTCACCGTCTCCTCAG,1
Seq70_Grp70_IGHV4S18*01_IGHD6S15*01_IGHJ6*01_Len(295|4|10|4|42)_Del(4|3|5|12),CAGGTGCAGCTGCAGGATTCGGGCCCAGGACTGGTGAAGCCTTCGGAGACCCTGTCCCCCACCTGCGCTGTCTCTGGTGGCTCCATCAGCGATAGTTACTGGTGGAGCTGGATCCGCCAGCCCCCAGGGAAGGAGCCGGAGTGGATTGGGTATATCTATGGTAGTAGTACGAGCACCAACTACAACCCCTGCCTCAAGAGTCGAGTCACCATTTCAAAAGACACGTCCAAGGACCAGTTCTCCTTGAATGTGAGCTCTGTGACCGCCACGGACACGGCCGTGTATTACTGTGCGAAGTGTATAGCAGCACTGCTGGATTTCTGGGGCCAAGGGGTGGGCGTCACCGTCTCCTCAG,1
Seq71_Grp71_IGHV4S18*01_IGHD6S15*01_IGHJ6*01_Len(295|4|10|4|42)_Del(4|3|5|12),CAGGTGCAGCTGCAGGAGTCGGGCCCAGGACTGGTGAAGCCTTCGGAAACCCTGTCCCTCACCTGCGTTGTCTCTGGTGGCTCCATCAGCGATAGTAACTGGTGGAGCTGGATCCGCCAGCCCCCAGGGAAGGGGCTGGAGTGGACTGGGTATATGTATGGTAGTAGTACGAGCATCAACTACAACCCCTCCCTTAAGAGTCGAGTCACCATTTCAAAAGACACGTCCAAGAACCAGTTCTCCTTGAAGCTAAGCCTTGTGACCGACGCGGACACGGCCGTGTATTACTGTGCGAAGTGTCTAGCAGCACTGTTGGATTCCTGGGGCCAAGGGGTCGTGGTCACCGTCTCCTCAG,1
Seq72_Grp72_IGHV4S18*01_IGHD6S15*01_IGHJ6*01_Len(295|4|10|4|42)_Del(4|3|5|12),CAGGTGCAGCCGCAGGAGTCGGGCCCAGGACTGGTGAAGCCTTCGGAAACCCTGTCCCTCACCGGCGTTGTCTCTGGTGGCTCCATCAGCGATAGTAACTGGTGGAGCTGGATCCGCCAGCCCCCAGGGAAGGGGGTGGAGTGGACTGGGTATATATATGGTAGTAGTACGAGCATCAACTACAACCCCTCCCTTAAAAGTCGAGTCACCATTTCAAAAGACACGTCTAAGATCCAGTTCTCCTTGAAGCTAAGCCTTGTGACCGACGCGGACACGGCCGTGTATTACTGTGCGAAGTGTCTAGCAGCACTGTTGGATTCCTGGGGCCAAGGGGTCGTGGTCACCGTCTCCTCAG,1
Seq73_Grp73_IGHV3S41*01_rIGHD1S33*01_IGHJ1*01_Len(295|3|7|4|46)_Del(1|2|8|6),GAGGTGCAGCTGGTGGAGTCTGGGGGCGGCTTGGCAAAGCCTGGGGGGTCCCTGAGACTCTCCTGTGCAGCCTCTGGATTCAGCTTCAGTGACTACTACATGTACTGGGTCCGCCAGGCTCCAGGGAAGGGGCTGGAGTGGGTCTCAAGTATTAGTGGTAGCAGTAGTAGCACATACTACCCAGACTCTGTCAAGGGCCGATTCACCATCTCCAGAGACAACGCCAAGAACACGCTGTATCTGCAAATGAACAGCCCGAGAGCCGAGGACACGGCTGTCTATTACTGTGCGAGAGAAACGTTCCACTCTTACTTCGAGTTCTGGGGCCAGGGCGCCCTGGTCACCGTCTCCTCAG,1
Seq74_Grp74_IGHV3S41*01_rIGHD1S33*01_IGHJ1*01_Len(295|3|7|4|46)_Del(1|2|8|6),CAGGTGCAGCTGGTGGAGTCTGGGGGCGGCTTGGCAAAGCCTGGGGGGTCCCTGAGACTCTCCTGTGCAGCCTCTGGATTCAGCTTCAGTGATTACTACATGTACTGGGTCCGCCAGGCTCCAGGGAAGGGGCTGGAGTGGGTCTCAAGTATTAGTGGTAGCGGAAGTAGCACATACTACCCAGACTCTGTCAAGGGCCGATTCACCATCTCCAGAGACAACGCCAAGAACACGCTGTATCTGCAAATGAACAGCTCGAGAGCCGAGGACACGGCTGTCTATTACTGTGCGATAGAAACGTTCCACCCTTACTTCGAGTTCTGGGGCCAGGGCGCCCTGGTCACCGTCTCCTCAG,1
Seq75_Grp75_IGHV3S41*01_rIGHD1S33*01_IGHJ1*01_Len(295|3|7|4|46)_Del(1|2|8|6),CAGGTGCAGCTGGTGGAGTCTGGGGGCGCCTTGGCAAAGCCTGGGGGGTCCCTGAGACTCTCCTGTGCAGCCTCTGGATTCAGCTACAGTGATTACTACATGTACTGGGTCCGCCAGGCTCCAGGGAAGGGGCTGGAGTGGGTCTCAAGTATTAATGGTAGCGAAAGTAGCACATACTACCCAGACTCTGTGAAGGGCCGATTCACCATCTCCAGAGAGAACGCCAAGAACACGCTGTATCTGCAAAGGAACAGCTCGAGAGCCGAGGACACGGCTGTCTATTACTGTGCGATAGAAACGTTCCACCCTTACTTCGAGTTCTGGGGCCAGGGCGCCCTGGTCACCGTCTCCTCAG,1
Seq76_Grp76_IGHV3S41*01_rIGHD1S33*01_IGHJ1*01_Len(295|3|7|4|46)_Del(1|2|8|6),GAGGTGCAGCTGGTGGAATCTGGGGGCGGCTTGGCAAATCCTGGGGGGTCCCTGAGACTCTCCTGTGCAGCCTCTGGATTCAGCTTCAGTGACTACTACATGTACTGGGTCCGCCAGGCTCCAGGGAAGGGGCTGGAGTGGGTCTCAAGTATTAGTGGTAGCAGTAGTAGCACAAACTACCCAGACTCTGTCAAGGGCCGATTCACCATCTCCAGAGACAACGCCAAGAACACGCTGTATCTGCATATGAACAGCCCGAAAGCCGAGGGCACGGCTGTCTATTACTGTGCGAGAGAAACGTTCCACTCTTACTTCGAGTTCTGGGGCCAGGGCGCTCTGGTCACCGTCTCCTCAG,1
Seq77_Grp77_IGHV3S41*01_rIGHD1S33*01_IGHJ1*01_Len(295|3|7|4|46)_Del(1|2|8|6),GAGGTGCAGCTGGTGGAATCTAGGGGCGGCTTGGCAAATCCTGGGGGGTCCCTGAGACTCTCCTGTGCAGCCTCTGGATTTAGCTTCAGTGACTACTACATGTACTGGGTCCGCCAGGCTCCAGGGAAGGGGCTGGAGTGGGTCTCAAGTATTAGTAGTAGCAGTAGTAGCACAAACTACCCAGACTCTGTCAAGGGCCGATTCACCATCTCCAGAGACAACGCCAAGAACACACTGTATCTGCATATGAACAGCCCGAAAGCCGAGGGGACGGCTGTCTATTACTGTGCGAGAGAAACGTTCCACTCTTACTTCGAGTTCTGGGGCGAGGGCGCTCTGCTCACCGTCTCCTCAG,1
Seq78_Grp78_IGHV3S41*01_rIGHD1S33*01_IGHJ1*01_Len(295|3|7|4|46)_Del(1|2|8|6),GAGGTGCAGCTGGTGGAATCTGGGGGCGGCTTGGTAAATCCTGGGGGGTCCCTGAGACTCTCCTGTGCAGCCTCTGGATTCTGCTTTAGTGACTACTACATGTACTGGGTCCGCCAGGTTCCAGGGAAGGGGCTGGAGTGGGTCTCAAGTATTAGTGGTAGCAGTAGTAGCACAAACTACCCAGACTCTGTCAAGGGCCGATTCACCATCTCCAGAGACAACGCCAAGAACTCGCTGTATCTGCATATGAACAGCCCGAAAGCCGAGGGCACGGCTGTCTATTACTGTGCGAGAGAAACGTTCCACTCTTACTTCGAGTACTGGGGCCAGGGCGCTCTGGTCACCGTCTCCTTAG,1
Seq79_Grp79_IGHV3S41*01_rIGHD1S33*01_IGHJ1*01_Len(295|3|7|4|46)_Del(1|2|8|6),GAGGTGCAGCTGGTCGAATCTGAGGGCGGCTTGGTAAATCCTGGGGGGTCCCTGAGACTCTCCTGTGCCGCCTCTGGATTCTGCTTTAGTGACTACTACATGTACTGGGTCCGCCAGGTTCCAGGGAAGGGGCTGGAGTGGGTCTCAAGTATTAGTGGTAGCAGTAGTAGCACAAACTACCCAGACCCTGTCAAGGGCCGATTCACCATCTCCAGAGACAACGCCAAGAACTCGCTGTATCTGCATATGAACAGCCCGAAAGCCGAGGGCACGGCTATCTATTACTGTGCGAGAGAAACGTTCCACTCTTACTTCGAGTACTGGGGACAGGGCGCTCTGGTCACCGTCTGCTTAG,1
Seq80_Grp80_IGHV3S41*01_rIGHD1S33*01_IGHJ1*01_Len(295|3|7|4|46)_Del(1|2|8|6),CAGGTGCAGCTGGTGGAGTCTGGGGGCGCCTTGGCAAAGCCTGGGGAGTCCCTGAGACTCTCCTGTGCAGCCTCTGGATTCAGCTACAGTGATTACTACATGTACTGGGTCCGCCAGGCTCCAGGGAAGGGGCTGGAGTGGGTCTCAAGTATTAATGATAGCGAAAGTAGCTCATACTACCCGGACTCTGTGAAGGGCCGATTCACCATCTCCAGAGAGAACGCCAAGAACACGCTGTATCTGCAAAGGAACAGTTCGAGAGCCGAGGACACGGCTGTCTATTACTGTGCGATAGAAACGTTCCACCCTTACTTCGAGTTCTGGGGACAGGGCGCCCTGGTCATCGTCTCCTCAG,1
Seq81_Grp81_IGHV3S41*01_rIGHD1S33*01_IGHJ1*01_Len(295|3|7|4|46)_Del(1|2|8|6),CAGGTGCAGCTGGTGGAGTCTGGGGGCGCCTTGGCGAAGCCTGGGGAGTCCCTGAGACTCTCCTGTGCAGCCTCTGGATTCAGCTACAGTGATTATTACATGTACTGGGTCCTCCAGGCTCCAGGGAAGGGGCTGGAGTGGGTCTCAAGTATTAATGATAGCGAAAGTAGCTCATACTACCCGGACTCTGTGAAAGGCCGATTCACCATCTCCAGAGAGAACGCCAAGGGCACGCTGTATCTGCAAAGGAACAGTTCGAGAGCCGAGGACACGGCTGTCTATTACTGTGCGATAGAAACGTTCCACCCTTACTTCGAGTTCTGGGGACAGGGCGCCCTGGCCATCGTCTCCTCAG,1
Seq82_Grp82_IGHV3-12*01_IGHD6S9*01_IGHJ4*01_Len(299|5|16|6|47)_Del(3|2|0|1),GAGGTGCAGCTGGTGGAGTCCGGGGGAGGCTTGGTCCAGCCTGGCGGGTCCCTGAGACTCTCCTGTGCAGCCTCTGGATTCACCTTCAGTGATTATGCTATGGACTGGGTCCGCCAGGCTCCAGGAAAGGGGCTGGAGTGGGTAGGTTTCATTAGAAGCAAAGCTTATGGTGGGACAGCAGAATACGCCGCGTCTGTGAAAGGCAGATTCACCATCTCCAGAGATGATTCAAAGAACACGGCGTATCTGCAAATGAGCAGCCTGAAAACCGAGGACACGGCCGTGTATTACTGTACTAGCAGAGGTATAGCAGCTGGTCCGAGCCGCTACTTTGACTACTGGGGCCAGGGAGTCCTGGTCACCGTCTCCTCAG,1
Seq83_Grp83_IGHV3-12*01_IGHD6S9*01_IGHJ4*01_Len(299|5|16|6|47)_Del(3|2|0|1),GAGGTGCAGCTGGTGGAGACCGGGGGAGGCTTGGTCCAGCCTGGCGGGTCCCTGAGACTCTCCTGTGCAGCCTCTGGATTCACCTTCAGTGATTATGCTATGGACTGGGTCCGCCAGGCTCCAGGAAAGGGGCAGGAGTGGGTAGGTTTCATTAGAAGCAAAGCTTATGATGGGACAGCAGAATACGCCGCGTCTGTGAAAGGCAGATTCACCATCTCCAGAGATGATTCGATGAACACGGCGTATCTGCAAATGAGCAGCCTGCAAACCGAGGACACGGCCGTGTATTACTGTACTAGCAGAGGTATAGCAGCTGGTCCGAGCCGCTACTTTGACTGCTGGGGCCAGGGAGTCCTGGTCACCGTCTCCTCAG,1
Seq84_Grp84_IGHV3-12*01_IGHD6S9*01_IGHJ4*01_Len(299|5|16|6|47)_Del(3|2|0|1),GAGGTACAGCTGATGGAGACCGGGGGAGGCTTGGTCCAGCCTTGCGGGTCCCTGAGACTCTCCTGTGCAGCCTCGGGATTCACCTTCAGTGATTATGCTATGGACTGGGTCCGCCAGGCTCCAGGAAAGGGGCAGGAGTGGGTAGGTTTCATTAGAAGCAAAGCTTATGATGGGACAGCAGAATTCGCCGCGTCTGTGAAAGGCAGATTCACCATCTCCAGAGATGCTTCGATGAACACGGCGTATCTGCAAATGAGCAGCCTGCAAACCGAGGACACGGCCGTGTATTACTGTACTAGCAGAGGTATAGCAGCTGGTTCGAGCCGCTACTTTGACTGCTGGGGCCAGGGAGTCCTGGTCACCGTCTCCTCAG,1
Seq85_Grp85_IGHV3-12*01_IGHD6S9*01_IGHJ4*01_Len(299|5|16|6|47)_Del(3|2|0|1),GAGGTACAGCTGATGGAGACCGGGGGAGGCTTGGTCCAGCCTTGCGGGTCCCTGAGACTCTGCTGTGCAGCCTCGGGGTTCACCTTCAGTGATTACGCTATGGACTGGGTCCGCCAGGCTCCAGGAAAGGGGCAGGAGTGGGTAGGTTTCATTAGAAGCAAAGCTTATGATGGGACAACAGAATTCGCCGCGTCTGTGATAGGCAGATTCACCATCTCCAGAGATGCTTCGATGAACACGGCGTATCTGCAAATGAGCAGCCTTCAAACCGAGGACACAGCCGTGTATTACTGTACTAGCAGAGGTATAGCAGCTGGTTCGAGCCGCTACTTTGACTGCTGGGGCCAGGGAGTCCTGGTCACCGTCTCCTCAG,1
Seq86_Grp86_IGHV3-12*01_IGHD6S9*01_IGHJ4*01_Len(299|5|16|6|47)_Del(3|2|0|1),GAGGTGCAGCTGATGGAGACCGGGGGAGGCTTGGTCCAGCCTTGCGGGTCCCTGAGACTCTGCTGTGCAGCCTCGGGGTTCACCGTTAGTGATTACGCTATGGACTGGGTCCGCCAGGCTCCAGGAAAGGGGCAGGAGTGGGTAGGTTCCATTAGAAGCAAAGCTTATGATGGGACAACAGAATTCGCCGCGTCTGTGATAGGCAGATTCACCATCTCCAGAGATGCTTCGATGAACACGGCGTATCTGCAAATGAGCAGCCTTCAAACCGAGGACACAGCCGTGTACTACTGTACTAGCAGAGGTACAGCAGCTGGTTCGAGCTGCTACTTTGACTGCTGGGGCCAGGGAGTCCTGGTCACCGTCTCCTCAG,1
Seq87_Grp87_IGHV3-12*01_IGHD6S9*01_IGHJ4*01_Len(299|5|16|6|47)_Del(3|2|0|1),GAGGTGCAGCTGATGGAGACCGGGGGAGGCTTGGTCCAGCCTTGCGGGTCCCTGAGGCTCTGCTGTGCAGCCTCGGGGTTCACCGTTAGTGATTACGCTATGGACTGGGTCCGCCAGGCTCGAGGAAAGGGGCAGGAGTGGGTAGGTTCCATTAGAAGCAAAACTCATGATGGGACAACAGAATTCGCTGCGTCTGTGATAGGCAAATTCACCATCTCCAGAGATGCTTCGATGAACACGGCGTATCTGCAAATGAGCAGCCTTCAAACCGAGGACACAGCCGTGCACTACTGTACTAGCAGAGGTACAGCAGCTGGTTCGAGCTGCTACTTTGACTGCTGGGGCCAGGGAGTCCTGGTCACCGTCTCCTCAG,1
Seq88_Grp88_IGHV3-12*01_IGHD6S9*01_IGHJ4*01_Len(299|5|16|6|47)_Del(3|2|0|1),GAGGTGCAGCTGATGGAGACCGGGGGAGGCTTGGTGCAGCCTTGCGGGTCCCTGAGGCTCTGCTGTGCAGCCTCGGGGTTCACCGTTAGTGATTACGCTACGGACTGGGTCCGCCAGGCTCGAGGAAAGGGGCAGGAGTGGGTAGGTTCCATTAGAAGCAAAACTCATGATGGGACAACAGAATTCGCTGCGTCTGTGATAGGCAAATTCATCATCTCCAGGGATGCTTCGATGAAGACGGCGTATCCGCAAATGAGCAGCCTTCAAACCGAGGACAAAGCCGTGCACTACTGTACTAGCAGAGGTACAGCAGCTGGTTCGAGCTGCTACTTTGACTGCTGGGGCCAGGGAGTCCTGGTCACCGTCTCCTCAG,1
Seq89_Grp89_IGHV3-12*01_IGHD6S9*01_IGHJ4*01_Len(299|5|16|6|47)_Del(3|2|0|1),GAGGTACAGCTGATGGAGACCGGGGGAGGCTTGGTCCAGCCTTGCGGGTCCCTGAGACTCTCCTGTGCAGGCTCGGGATTCACCTTCAGTGATTATGCTATGGACTGGGTCCGCCAGGCTCCAGGAAAGGGGAAGGAGTGGGTAGGTTTCATTAGAAGCAAAGCTTATGATGGGACAGCAGAATTCGCCGCGTCTGTGAAAGGCAGATTCACCATCTCCAGAGATGCTTCGATGAACACGGCGTATCTGCAGATGAGCGGCCTGCAAACCGAGGACACGGCCGTGTGTCACTGTACTAGCAGAGGTATAGCAGCTGGTTCGAGCCGCTACTTTGACTGCTGGGGCCAGGAAGTCCTGGTCACCGTCTCCTCAG,1
Seq90_Grp90_IGHV3-12*01_IGHD6S9*01_IGHJ4*01_Len(299|5|16|6|47)_Del(3|2|0|1),GAGGTACAGCTGATGGAGACCGGGGGAGGCTTGGTCCAGCCTTGCGGGTCCCTGAGACTCTCCTGTGCAGGCTCGGGATTCACCTTCAGTGATTATGCTATGGACTGGGTCCGCCAGGCTCCAGGAAAGGGGAAGGAGTGGGTAGGTTTCATTAGAACCAAAGCTTATGATCGGACAGCAGAATTCGCCGCGTCTGTGAAAGGCAGATTCACCATGTCCAGAGATGCTTCGATGATCACGGCGTATCTGCAGATGAGCCGCCTGCAAACCGAGGACACGGCCGTGTGTCACTGTACTAGCAGAGGTATAGCAGCTGGTTCGAGCCGCTACTTTGACTGCTGGGGCCAGGAAGTCCTGGTCACCGTCACTTCAG,1
